<?xml version="1.0" encoding="utf-8" standalone="yes"?>
<gpx version="1.1" creator="Friends of the Heysen Trail https://heysentrail.asn.au" xmlns="http://www.topografix.com/GPX/1/1" xmlns:xsi="http://www.w3.org/2001/XMLSchema-instance" xsi:schemaLocation="http://www.topografix.com/GPX/1/1 http://www.topografix.com/GPX/1/1/gpx.xsd">
<time>2026-05-18T21:56:11Z</time>
<trk>
<trkseg>
<trkpt lat="-35.606374000" lon="138.095330000">
<ele>17</ele>
</trkpt>
<trkpt lat="-35.606444000" lon="138.095239000">
<ele>16</ele>
</trkpt>
<trkpt lat="-35.606469000" lon="138.095153000">
<ele>15</ele>
</trkpt>
<trkpt lat="-35.606486000" lon="138.095038000">
<ele>13</ele>
</trkpt>
<trkpt lat="-35.606522000" lon="138.094974000">
<ele>12</ele>
</trkpt>
<trkpt lat="-35.606573000" lon="138.094901000">
<ele>12</ele>
</trkpt>
<trkpt lat="-35.606661000" lon="138.094836000">
<ele>11</ele>
</trkpt>
<trkpt lat="-35.606799000" lon="138.094786000">
<ele>10</ele>
</trkpt>
<trkpt lat="-35.606984000" lon="138.094734000">
<ele>9</ele>
</trkpt>
<trkpt lat="-35.607028000" lon="138.094723000">
<ele>8</ele>
</trkpt>
<trkpt lat="-35.607069000" lon="138.094718000">
<ele>8</ele>
</trkpt>
<trkpt lat="-35.607112000" lon="138.094715000">
<ele>8</ele>
</trkpt>
<trkpt lat="-35.607155000" lon="138.094729000">
<ele>8</ele>
</trkpt>
<trkpt lat="-35.607220000" lon="138.094751000">
<ele>8</ele>
</trkpt>
<trkpt lat="-35.607284000" lon="138.094764000">
<ele>8</ele>
</trkpt>
<trkpt lat="-35.607369000" lon="138.094798000">
<ele>9</ele>
</trkpt>
<trkpt lat="-35.607413000" lon="138.094813000">
<ele>9</ele>
</trkpt>
<trkpt lat="-35.607465000" lon="138.094847000">
<ele>10</ele>
</trkpt>
<trkpt lat="-35.607546000" lon="138.094888000">
<ele>11</ele>
</trkpt>
<trkpt lat="-35.607609000" lon="138.094914000">
<ele>12</ele>
</trkpt>
<trkpt lat="-35.607676000" lon="138.094935000">
<ele>12</ele>
</trkpt>
<trkpt lat="-35.607760000" lon="138.094944000">
<ele>12</ele>
</trkpt>
<trkpt lat="-35.607814000" lon="138.094953000">
<ele>12</ele>
</trkpt>
<trkpt lat="-35.607865000" lon="138.094957000">
<ele>12</ele>
</trkpt>
<trkpt lat="-35.607913000" lon="138.094964000">
<ele>11</ele>
</trkpt>
<trkpt lat="-35.607948000" lon="138.094967000">
<ele>11</ele>
</trkpt>
<trkpt lat="-35.607976000" lon="138.094986000">
<ele>11</ele>
</trkpt>
<trkpt lat="-35.607991000" lon="138.095004000">
<ele>12</ele>
</trkpt>
<trkpt lat="-35.608038000" lon="138.095057000">
<ele>12</ele>
</trkpt>
<trkpt lat="-35.608110000" lon="138.095141000">
<ele>13</ele>
</trkpt>
<trkpt lat="-35.608161000" lon="138.095220000">
<ele>14</ele>
</trkpt>
<trkpt lat="-35.608221000" lon="138.095265000">
<ele>14</ele>
</trkpt>
<trkpt lat="-35.608239000" lon="138.095297000">
<ele>14</ele>
</trkpt>
<trkpt lat="-35.608312000" lon="138.095321000">
<ele>14</ele>
</trkpt>
<trkpt lat="-35.608339000" lon="138.095369000">
<ele>15</ele>
</trkpt>
<trkpt lat="-35.608380000" lon="138.095393000">
<ele>15</ele>
</trkpt>
<trkpt lat="-35.608457000" lon="138.095423000">
<ele>15</ele>
</trkpt>
<trkpt lat="-35.608495000" lon="138.095458000">
<ele>16</ele>
</trkpt>
<trkpt lat="-35.608561000" lon="138.095522000">
<ele>17</ele>
</trkpt>
<trkpt lat="-35.608618000" lon="138.095558000">
<ele>17</ele>
</trkpt>
<trkpt lat="-35.608668000" lon="138.095581000">
<ele>17</ele>
</trkpt>
<trkpt lat="-35.608742000" lon="138.095600000">
<ele>17</ele>
</trkpt>
<trkpt lat="-35.608800000" lon="138.095630000">
<ele>18</ele>
</trkpt>
<trkpt lat="-35.608833000" lon="138.095647000">
<ele>18</ele>
</trkpt>
<trkpt lat="-35.608865000" lon="138.095674000">
<ele>18</ele>
</trkpt>
<trkpt lat="-35.608984000" lon="138.095746000">
<ele>19</ele>
</trkpt>
<trkpt lat="-35.609119000" lon="138.095827000">
<ele>19</ele>
</trkpt>
<trkpt lat="-35.609196000" lon="138.095885000">
<ele>19</ele>
</trkpt>
<trkpt lat="-35.609280000" lon="138.095934000">
<ele>19</ele>
</trkpt>
<trkpt lat="-35.609342000" lon="138.095980000">
<ele>19</ele>
</trkpt>
<trkpt lat="-35.609421000" lon="138.096038000">
<ele>19</ele>
</trkpt>
<trkpt lat="-35.609567000" lon="138.096138000">
<ele>19</ele>
</trkpt>
<trkpt lat="-35.609602000" lon="138.096153000">
<ele>19</ele>
</trkpt>
<trkpt lat="-35.609688000" lon="138.096188000">
<ele>18</ele>
</trkpt>
<trkpt lat="-35.609735000" lon="138.096204000">
<ele>18</ele>
</trkpt>
<trkpt lat="-35.609819000" lon="138.096224000">
<ele>18</ele>
</trkpt>
<trkpt lat="-35.609862000" lon="138.096232000">
<ele>18</ele>
</trkpt>
<trkpt lat="-35.609919000" lon="138.096231000">
<ele>17</ele>
</trkpt>
<trkpt lat="-35.610026000" lon="138.096228000">
<ele>16</ele>
</trkpt>
<trkpt lat="-35.610078000" lon="138.096228000">
<ele>16</ele>
</trkpt>
<trkpt lat="-35.610134000" lon="138.096238000">
<ele>16</ele>
</trkpt>
<trkpt lat="-35.610237000" lon="138.096226000">
<ele>15</ele>
</trkpt>
<trkpt lat="-35.610301000" lon="138.096230000">
<ele>15</ele>
</trkpt>
<trkpt lat="-35.610386000" lon="138.096207000">
<ele>15</ele>
</trkpt>
<trkpt lat="-35.610596000" lon="138.096198000">
<ele>14</ele>
</trkpt>
<trkpt lat="-35.610633000" lon="138.096210000">
<ele>14</ele>
</trkpt>
<trkpt lat="-35.610667000" lon="138.096242000">
<ele>15</ele>
</trkpt>
<trkpt lat="-35.610702000" lon="138.096286000">
<ele>16</ele>
</trkpt>
<trkpt lat="-35.610738000" lon="138.096312000">
<ele>16</ele>
</trkpt>
<trkpt lat="-35.610774000" lon="138.096336000">
<ele>17</ele>
</trkpt>
<trkpt lat="-35.610796000" lon="138.096339000">
<ele>17</ele>
</trkpt>
<trkpt lat="-35.610825000" lon="138.096340000">
<ele>17</ele>
</trkpt>
<trkpt lat="-35.610878000" lon="138.096342000">
<ele>16</ele>
</trkpt>
<trkpt lat="-35.610933000" lon="138.096335000">
<ele>16</ele>
</trkpt>
<trkpt lat="-35.611006000" lon="138.096324000">
<ele>16</ele>
</trkpt>
<trkpt lat="-35.611079000" lon="138.096296000">
<ele>14</ele>
</trkpt>
<trkpt lat="-35.611198000" lon="138.096287000">
<ele>15</ele>
</trkpt>
<trkpt lat="-35.611364000" lon="138.096274000">
<ele>16</ele>
</trkpt>
<trkpt lat="-35.611427000" lon="138.096250000">
<ele>16</ele>
</trkpt>
<trkpt lat="-35.611522000" lon="138.096224000">
<ele>16</ele>
</trkpt>
<trkpt lat="-35.611614000" lon="138.096221000">
<ele>16</ele>
</trkpt>
<trkpt lat="-35.611722000" lon="138.096219000">
<ele>16</ele>
</trkpt>
<trkpt lat="-35.611795000" lon="138.096231000">
<ele>16</ele>
</trkpt>
<trkpt lat="-35.611921000" lon="138.096251000">
<ele>17</ele>
</trkpt>
<trkpt lat="-35.612043000" lon="138.096201000">
<ele>16</ele>
</trkpt>
<trkpt lat="-35.612121000" lon="138.096204000">
<ele>16</ele>
</trkpt>
<trkpt lat="-35.612187000" lon="138.096190000">
<ele>15</ele>
</trkpt>
<trkpt lat="-35.612284000" lon="138.096184000">
<ele>15</ele>
</trkpt>
<trkpt lat="-35.612402000" lon="138.096194000">
<ele>15</ele>
</trkpt>
<trkpt lat="-35.612537000" lon="138.096167000">
<ele>14</ele>
</trkpt>
<trkpt lat="-35.612615000" lon="138.096189000">
<ele>15</ele>
</trkpt>
<trkpt lat="-35.612702000" lon="138.096186000">
<ele>14</ele>
</trkpt>
<trkpt lat="-35.612825000" lon="138.096196000">
<ele>14</ele>
</trkpt>
<trkpt lat="-35.612900000" lon="138.096225000">
<ele>14</ele>
</trkpt>
<trkpt lat="-35.613015000" lon="138.096287000">
<ele>16</ele>
</trkpt>
<trkpt lat="-35.613101000" lon="138.096290000">
<ele>16</ele>
</trkpt>
<trkpt lat="-35.613170000" lon="138.096260000">
<ele>15</ele>
</trkpt>
<trkpt lat="-35.613249000" lon="138.096256000">
<ele>15</ele>
</trkpt>
<trkpt lat="-35.613303000" lon="138.096287000">
<ele>15</ele>
</trkpt>
<trkpt lat="-35.613385000" lon="138.096380000">
<ele>17</ele>
</trkpt>
<trkpt lat="-35.613468000" lon="138.096415000">
<ele>18</ele>
</trkpt>
<trkpt lat="-35.613547000" lon="138.096421000">
<ele>17</ele>
</trkpt>
<trkpt lat="-35.613634000" lon="138.096395000">
<ele>16</ele>
</trkpt>
<trkpt lat="-35.613710000" lon="138.096395000">
<ele>15</ele>
</trkpt>
<trkpt lat="-35.613823000" lon="138.096408000">
<ele>14</ele>
</trkpt>
<trkpt lat="-35.613891000" lon="138.096414000">
<ele>14</ele>
</trkpt>
<trkpt lat="-35.613977000" lon="138.096459000">
<ele>14</ele>
</trkpt>
<trkpt lat="-35.614052000" lon="138.096497000">
<ele>14</ele>
</trkpt>
<trkpt lat="-35.614112000" lon="138.096499000">
<ele>14</ele>
</trkpt>
<trkpt lat="-35.614177000" lon="138.096514000">
<ele>14</ele>
</trkpt>
<trkpt lat="-35.614230000" lon="138.096490000">
<ele>13</ele>
</trkpt>
<trkpt lat="-35.614289000" lon="138.096460000">
<ele>12</ele>
</trkpt>
<trkpt lat="-35.614361000" lon="138.096417000">
<ele>12</ele>
</trkpt>
<trkpt lat="-35.614493000" lon="138.096380000">
<ele>11</ele>
</trkpt>
<trkpt lat="-35.614619000" lon="138.096359000">
<ele>10</ele>
</trkpt>
<trkpt lat="-35.614690000" lon="138.096374000">
<ele>11</ele>
</trkpt>
<trkpt lat="-35.614735000" lon="138.096416000">
<ele>11</ele>
</trkpt>
<trkpt lat="-35.614776000" lon="138.096509000">
<ele>12</ele>
</trkpt>
<trkpt lat="-35.614816000" lon="138.096554000">
<ele>13</ele>
</trkpt>
<trkpt lat="-35.614826000" lon="138.096592000">
<ele>13</ele>
</trkpt>
<trkpt lat="-35.614845000" lon="138.096611000">
<ele>13</ele>
</trkpt>
<trkpt lat="-35.614885000" lon="138.096587000">
<ele>13</ele>
</trkpt>
<trkpt lat="-35.614899000" lon="138.096539000">
<ele>13</ele>
</trkpt>
<trkpt lat="-35.614919000" lon="138.096440000">
<ele>12</ele>
</trkpt>
<trkpt lat="-35.614979000" lon="138.096356000">
<ele>11</ele>
</trkpt>
<trkpt lat="-35.615051000" lon="138.096316000">
<ele>10</ele>
</trkpt>
<trkpt lat="-35.615122000" lon="138.096319000">
<ele>10</ele>
</trkpt>
<trkpt lat="-35.615192000" lon="138.096347000">
<ele>10</ele>
</trkpt>
<trkpt lat="-35.615270000" lon="138.096379000">
<ele>10</ele>
</trkpt>
<trkpt lat="-35.615362000" lon="138.096395000">
<ele>9</ele>
</trkpt>
<trkpt lat="-35.615426000" lon="138.096398000">
<ele>8</ele>
</trkpt>
<trkpt lat="-35.615479000" lon="138.096398000">
<ele>7</ele>
</trkpt>
<trkpt lat="-35.615525000" lon="138.096407000">
<ele>7</ele>
</trkpt>
<trkpt lat="-35.615561000" lon="138.096417000">
<ele>6</ele>
</trkpt>
<trkpt lat="-35.615594000" lon="138.096427000">
<ele>7</ele>
</trkpt>
<trkpt lat="-35.615630000" lon="138.096432000">
<ele>7</ele>
</trkpt>
<trkpt lat="-35.615681000" lon="138.096433000">
<ele>7</ele>
</trkpt>
<trkpt lat="-35.615713000" lon="138.096430000">
<ele>8</ele>
</trkpt>
<trkpt lat="-35.615742000" lon="138.096437000">
<ele>8</ele>
</trkpt>
<trkpt lat="-35.615780000" lon="138.096438000">
<ele>8</ele>
</trkpt>
<trkpt lat="-35.615822000" lon="138.096434000">
<ele>8</ele>
</trkpt>
<trkpt lat="-35.615895000" lon="138.096426000">
<ele>9</ele>
</trkpt>
<trkpt lat="-35.615941000" lon="138.096479000">
<ele>10</ele>
</trkpt>
<trkpt lat="-35.616032000" lon="138.096531000">
<ele>12</ele>
</trkpt>
<trkpt lat="-35.616076000" lon="138.096474000">
<ele>11</ele>
</trkpt>
<trkpt lat="-35.616165000" lon="138.096416000">
<ele>11</ele>
</trkpt>
<trkpt lat="-35.616208000" lon="138.096359000">
<ele>10</ele>
</trkpt>
<trkpt lat="-35.616298000" lon="138.096356000">
<ele>10</ele>
</trkpt>
<trkpt lat="-35.616434000" lon="138.096351000">
<ele>11</ele>
</trkpt>
<trkpt lat="-35.616524000" lon="138.096348000">
<ele>11</ele>
</trkpt>
<trkpt lat="-35.616570000" lon="138.096401000">
<ele>12</ele>
</trkpt>
<trkpt lat="-35.616660000" lon="138.096398000">
<ele>12</ele>
</trkpt>
<trkpt lat="-35.616751000" lon="138.096450000">
<ele>14</ele>
</trkpt>
<trkpt lat="-35.616885000" lon="138.096390000">
<ele>13</ele>
</trkpt>
<trkpt lat="-35.616975000" lon="138.096386000">
<ele>13</ele>
</trkpt>
<trkpt lat="-35.617064000" lon="138.096328000">
<ele>12</ele>
</trkpt>
<trkpt lat="-35.617108000" lon="138.096271000">
<ele>12</ele>
</trkpt>
<trkpt lat="-35.617163000" lon="138.096177000">
<ele>11</ele>
</trkpt>
<trkpt lat="-35.617215000" lon="138.096163000">
<ele>11</ele>
</trkpt>
<trkpt lat="-35.617266000" lon="138.096165000">
<ele>11</ele>
</trkpt>
<trkpt lat="-35.617312000" lon="138.096162000">
<ele>11</ele>
</trkpt>
<trkpt lat="-35.617352000" lon="138.096174000">
<ele>11</ele>
</trkpt>
<trkpt lat="-35.617375000" lon="138.096181000">
<ele>11</ele>
</trkpt>
<trkpt lat="-35.617399000" lon="138.096187000">
<ele>11</ele>
</trkpt>
<trkpt lat="-35.617423000" lon="138.096196000">
<ele>11</ele>
</trkpt>
<trkpt lat="-35.617449000" lon="138.096200000">
<ele>11</ele>
</trkpt>
<trkpt lat="-35.617474000" lon="138.096204000">
<ele>11</ele>
</trkpt>
<trkpt lat="-35.617500000" lon="138.096205000">
<ele>11</ele>
</trkpt>
<trkpt lat="-35.617526000" lon="138.096207000">
<ele>11</ele>
</trkpt>
<trkpt lat="-35.617552000" lon="138.096209000">
<ele>11</ele>
</trkpt>
<trkpt lat="-35.617577000" lon="138.096208000">
<ele>11</ele>
</trkpt>
<trkpt lat="-35.617599000" lon="138.096207000">
<ele>11</ele>
</trkpt>
<trkpt lat="-35.617623000" lon="138.096208000">
<ele>11</ele>
</trkpt>
<trkpt lat="-35.617648000" lon="138.096211000">
<ele>12</ele>
</trkpt>
<trkpt lat="-35.617672000" lon="138.096217000">
<ele>12</ele>
</trkpt>
<trkpt lat="-35.617696000" lon="138.096221000">
<ele>12</ele>
</trkpt>
<trkpt lat="-35.617722000" lon="138.096225000">
<ele>12</ele>
</trkpt>
<trkpt lat="-35.617746000" lon="138.096221000">
<ele>12</ele>
</trkpt>
<trkpt lat="-35.617772000" lon="138.096215000">
<ele>12</ele>
</trkpt>
<trkpt lat="-35.617796000" lon="138.096210000">
<ele>12</ele>
</trkpt>
<trkpt lat="-35.617874000" lon="138.096299000">
<ele>15</ele>
</trkpt>
<trkpt lat="-35.617919000" lon="138.096297000">
<ele>15</ele>
</trkpt>
<trkpt lat="-35.617964000" lon="138.096296000">
<ele>15</ele>
</trkpt>
<trkpt lat="-35.618009000" lon="138.096294000">
<ele>16</ele>
</trkpt>
<trkpt lat="-35.618053000" lon="138.096237000">
<ele>15</ele>
</trkpt>
<trkpt lat="-35.618097000" lon="138.096180000">
<ele>14</ele>
</trkpt>
<trkpt lat="-35.618141000" lon="138.096124000">
<ele>13</ele>
</trkpt>
<trkpt lat="-35.618174000" lon="138.096100000">
<ele>13</ele>
</trkpt>
<trkpt lat="-35.618197000" lon="138.096088000">
<ele>13</ele>
</trkpt>
<trkpt lat="-35.618220000" lon="138.096077000">
<ele>13</ele>
</trkpt>
<trkpt lat="-35.618237000" lon="138.096060000">
<ele>12</ele>
</trkpt>
<trkpt lat="-35.618249000" lon="138.096035000">
<ele>12</ele>
</trkpt>
<trkpt lat="-35.618265000" lon="138.096015000">
<ele>12</ele>
</trkpt>
<trkpt lat="-35.618278000" lon="138.095994000">
<ele>12</ele>
</trkpt>
<trkpt lat="-35.618287000" lon="138.095966000">
<ele>11</ele>
</trkpt>
<trkpt lat="-35.618297000" lon="138.095939000">
<ele>11</ele>
</trkpt>
<trkpt lat="-35.618310000" lon="138.095910000">
<ele>10</ele>
</trkpt>
<trkpt lat="-35.618324000" lon="138.095887000">
<ele>10</ele>
</trkpt>
<trkpt lat="-35.618346000" lon="138.095867000">
<ele>10</ele>
</trkpt>
<trkpt lat="-35.618370000" lon="138.095854000">
<ele>10</ele>
</trkpt>
<trkpt lat="-35.618391000" lon="138.095850000">
<ele>10</ele>
</trkpt>
<trkpt lat="-35.618427000" lon="138.095833000">
<ele>10</ele>
</trkpt>
<trkpt lat="-35.618451000" lon="138.095814000">
<ele>10</ele>
</trkpt>
<trkpt lat="-35.618481000" lon="138.095798000">
<ele>9</ele>
</trkpt>
<trkpt lat="-35.618504000" lon="138.095803000">
<ele>10</ele>
</trkpt>
<trkpt lat="-35.618523000" lon="138.095801000">
<ele>10</ele>
</trkpt>
<trkpt lat="-35.618544000" lon="138.095782000">
<ele>10</ele>
</trkpt>
<trkpt lat="-35.618568000" lon="138.095769000">
<ele>10</ele>
</trkpt>
<trkpt lat="-35.618597000" lon="138.095768000">
<ele>10</ele>
</trkpt>
<trkpt lat="-35.618635000" lon="138.095772000">
<ele>10</ele>
</trkpt>
<trkpt lat="-35.618667000" lon="138.095775000">
<ele>10</ele>
</trkpt>
<trkpt lat="-35.618698000" lon="138.095775000">
<ele>11</ele>
</trkpt>
<trkpt lat="-35.618738000" lon="138.095751000">
<ele>11</ele>
</trkpt>
<trkpt lat="-35.618772000" lon="138.095746000">
<ele>11</ele>
</trkpt>
<trkpt lat="-35.618799000" lon="138.095738000">
<ele>11</ele>
</trkpt>
<trkpt lat="-35.618819000" lon="138.095724000">
<ele>11</ele>
</trkpt>
<trkpt lat="-35.618853000" lon="138.095767000">
<ele>12</ele>
</trkpt>
<trkpt lat="-35.618898000" lon="138.095765000">
<ele>12</ele>
</trkpt>
<trkpt lat="-35.618988000" lon="138.095762000">
<ele>12</ele>
</trkpt>
<trkpt lat="-35.619034000" lon="138.095815000">
<ele>14</ele>
</trkpt>
<trkpt lat="-35.619081000" lon="138.095869000">
<ele>15</ele>
</trkpt>
<trkpt lat="-35.619127000" lon="138.095922000">
<ele>16</ele>
</trkpt>
<trkpt lat="-35.619217000" lon="138.095919000">
<ele>16</ele>
</trkpt>
<trkpt lat="-35.619306000" lon="138.095861000">
<ele>16</ele>
</trkpt>
<trkpt lat="-35.619396000" lon="138.095857000">
<ele>16</ele>
</trkpt>
<trkpt lat="-35.619486000" lon="138.095854000">
<ele>16</ele>
</trkpt>
<trkpt lat="-35.619530000" lon="138.095797000">
<ele>15</ele>
</trkpt>
<trkpt lat="-35.619573000" lon="138.095741000">
<ele>14</ele>
</trkpt>
<trkpt lat="-35.619595000" lon="138.095694000">
<ele>13</ele>
</trkpt>
<trkpt lat="-35.619621000" lon="138.095690000">
<ele>13</ele>
</trkpt>
<trkpt lat="-35.619649000" lon="138.095683000">
<ele>13</ele>
</trkpt>
<trkpt lat="-35.619677000" lon="138.095687000">
<ele>13</ele>
</trkpt>
<trkpt lat="-35.619703000" lon="138.095696000">
<ele>13</ele>
</trkpt>
<trkpt lat="-35.619728000" lon="138.095703000">
<ele>14</ele>
</trkpt>
<trkpt lat="-35.619755000" lon="138.095708000">
<ele>14</ele>
</trkpt>
<trkpt lat="-35.619781000" lon="138.095712000">
<ele>14</ele>
</trkpt>
<trkpt lat="-35.619807000" lon="138.095712000">
<ele>14</ele>
</trkpt>
<trkpt lat="-35.619835000" lon="138.095717000">
<ele>13</ele>
</trkpt>
<trkpt lat="-35.619861000" lon="138.095718000">
<ele>13</ele>
</trkpt>
<trkpt lat="-35.619890000" lon="138.095720000">
<ele>13</ele>
</trkpt>
<trkpt lat="-35.619916000" lon="138.095732000">
<ele>13</ele>
</trkpt>
<trkpt lat="-35.619932000" lon="138.095746000">
<ele>14</ele>
</trkpt>
<trkpt lat="-35.619999000" lon="138.095759000">
<ele>14</ele>
</trkpt>
<trkpt lat="-35.620028000" lon="138.095772000">
<ele>14</ele>
</trkpt>
<trkpt lat="-35.620044000" lon="138.095805000">
<ele>14</ele>
</trkpt>
<trkpt lat="-35.620054000" lon="138.095845000">
<ele>15</ele>
</trkpt>
<trkpt lat="-35.620073000" lon="138.095862000">
<ele>15</ele>
</trkpt>
<trkpt lat="-35.620087000" lon="138.095877000">
<ele>15</ele>
</trkpt>
<trkpt lat="-35.620121000" lon="138.095894000">
<ele>15</ele>
</trkpt>
<trkpt lat="-35.620149000" lon="138.095898000">
<ele>14</ele>
</trkpt>
<trkpt lat="-35.620171000" lon="138.095902000">
<ele>14</ele>
</trkpt>
<trkpt lat="-35.620218000" lon="138.095921000">
<ele>14</ele>
</trkpt>
<trkpt lat="-35.620233000" lon="138.095934000">
<ele>14</ele>
</trkpt>
<trkpt lat="-35.620250000" lon="138.095944000">
<ele>14</ele>
</trkpt>
<trkpt lat="-35.620271000" lon="138.095952000">
<ele>14</ele>
</trkpt>
<trkpt lat="-35.620291000" lon="138.095964000">
<ele>14</ele>
</trkpt>
<trkpt lat="-35.620310000" lon="138.095972000">
<ele>14</ele>
</trkpt>
<trkpt lat="-35.620328000" lon="138.095980000">
<ele>13</ele>
</trkpt>
<trkpt lat="-35.620348000" lon="138.095989000">
<ele>13</ele>
</trkpt>
<trkpt lat="-35.620372000" lon="138.096002000">
<ele>13</ele>
</trkpt>
<trkpt lat="-35.620396000" lon="138.096015000">
<ele>13</ele>
</trkpt>
<trkpt lat="-35.620419000" lon="138.096028000">
<ele>13</ele>
</trkpt>
<trkpt lat="-35.620441000" lon="138.096041000">
<ele>13</ele>
</trkpt>
<trkpt lat="-35.620461000" lon="138.096053000">
<ele>13</ele>
</trkpt>
<trkpt lat="-35.620477000" lon="138.096067000">
<ele>13</ele>
</trkpt>
<trkpt lat="-35.620493000" lon="138.096081000">
<ele>13</ele>
</trkpt>
<trkpt lat="-35.620509000" lon="138.096094000">
<ele>12</ele>
</trkpt>
<trkpt lat="-35.620524000" lon="138.096109000">
<ele>12</ele>
</trkpt>
<trkpt lat="-35.620544000" lon="138.096122000">
<ele>12</ele>
</trkpt>
<trkpt lat="-35.620563000" lon="138.096133000">
<ele>12</ele>
</trkpt>
<trkpt lat="-35.620585000" lon="138.096142000">
<ele>12</ele>
</trkpt>
<trkpt lat="-35.620605000" lon="138.096145000">
<ele>12</ele>
</trkpt>
<trkpt lat="-35.620629000" lon="138.096148000">
<ele>12</ele>
</trkpt>
<trkpt lat="-35.620654000" lon="138.096148000">
<ele>12</ele>
</trkpt>
<trkpt lat="-35.620674000" lon="138.096143000">
<ele>12</ele>
</trkpt>
<trkpt lat="-35.620699000" lon="138.096139000">
<ele>11</ele>
</trkpt>
<trkpt lat="-35.620724000" lon="138.096136000">
<ele>11</ele>
</trkpt>
<trkpt lat="-35.620751000" lon="138.096139000">
<ele>11</ele>
</trkpt>
<trkpt lat="-35.620776000" lon="138.096142000">
<ele>11</ele>
</trkpt>
<trkpt lat="-35.620792000" lon="138.096145000">
<ele>11</ele>
</trkpt>
<trkpt lat="-35.620810000" lon="138.096148000">
<ele>11</ele>
</trkpt>
<trkpt lat="-35.620832000" lon="138.096156000">
<ele>10</ele>
</trkpt>
<trkpt lat="-35.620854000" lon="138.096162000">
<ele>10</ele>
</trkpt>
<trkpt lat="-35.620874000" lon="138.096167000">
<ele>10</ele>
</trkpt>
<trkpt lat="-35.620941000" lon="138.096239000">
<ele>11</ele>
</trkpt>
<trkpt lat="-35.620959000" lon="138.096248000">
<ele>11</ele>
</trkpt>
<trkpt lat="-35.620980000" lon="138.096257000">
<ele>11</ele>
</trkpt>
<trkpt lat="-35.621003000" lon="138.096265000">
<ele>11</ele>
</trkpt>
<trkpt lat="-35.621025000" lon="138.096272000">
<ele>11</ele>
</trkpt>
<trkpt lat="-35.621047000" lon="138.096273000">
<ele>11</ele>
</trkpt>
<trkpt lat="-35.621072000" lon="138.096276000">
<ele>11</ele>
</trkpt>
<trkpt lat="-35.621098000" lon="138.096277000">
<ele>10</ele>
</trkpt>
<trkpt lat="-35.621125000" lon="138.096281000">
<ele>10</ele>
</trkpt>
<trkpt lat="-35.621151000" lon="138.096286000">
<ele>10</ele>
</trkpt>
<trkpt lat="-35.621176000" lon="138.096291000">
<ele>10</ele>
</trkpt>
<trkpt lat="-35.621201000" lon="138.096302000">
<ele>11</ele>
</trkpt>
<trkpt lat="-35.621228000" lon="138.096311000">
<ele>11</ele>
</trkpt>
<trkpt lat="-35.621252000" lon="138.096318000">
<ele>11</ele>
</trkpt>
<trkpt lat="-35.621276000" lon="138.096325000">
<ele>11</ele>
</trkpt>
<trkpt lat="-35.621301000" lon="138.096332000">
<ele>11</ele>
</trkpt>
<trkpt lat="-35.621325000" lon="138.096336000">
<ele>11</ele>
</trkpt>
<trkpt lat="-35.621350000" lon="138.096339000">
<ele>11</ele>
</trkpt>
<trkpt lat="-35.621375000" lon="138.096341000">
<ele>11</ele>
</trkpt>
<trkpt lat="-35.621398000" lon="138.096343000">
<ele>10</ele>
</trkpt>
<trkpt lat="-35.621425000" lon="138.096346000">
<ele>10</ele>
</trkpt>
<trkpt lat="-35.621449000" lon="138.096349000">
<ele>10</ele>
</trkpt>
<trkpt lat="-35.621475000" lon="138.096354000">
<ele>10</ele>
</trkpt>
<trkpt lat="-35.621500000" lon="138.096356000">
<ele>10</ele>
</trkpt>
<trkpt lat="-35.621525000" lon="138.096358000">
<ele>10</ele>
</trkpt>
<trkpt lat="-35.621551000" lon="138.096360000">
<ele>10</ele>
</trkpt>
<trkpt lat="-35.621577000" lon="138.096363000">
<ele>10</ele>
</trkpt>
<trkpt lat="-35.621603000" lon="138.096371000">
<ele>10</ele>
</trkpt>
<trkpt lat="-35.621627000" lon="138.096379000">
<ele>10</ele>
</trkpt>
<trkpt lat="-35.621651000" lon="138.096389000">
<ele>10</ele>
</trkpt>
<trkpt lat="-35.621675000" lon="138.096399000">
<ele>10</ele>
</trkpt>
<trkpt lat="-35.621698000" lon="138.096412000">
<ele>10</ele>
</trkpt>
<trkpt lat="-35.621721000" lon="138.096423000">
<ele>10</ele>
</trkpt>
<trkpt lat="-35.621746000" lon="138.096431000">
<ele>10</ele>
</trkpt>
<trkpt lat="-35.621770000" lon="138.096430000">
<ele>10</ele>
</trkpt>
<trkpt lat="-35.621797000" lon="138.096426000">
<ele>9</ele>
</trkpt>
<trkpt lat="-35.621822000" lon="138.096428000">
<ele>9</ele>
</trkpt>
<trkpt lat="-35.621846000" lon="138.096428000">
<ele>9</ele>
</trkpt>
<trkpt lat="-35.621873000" lon="138.096430000">
<ele>9</ele>
</trkpt>
<trkpt lat="-35.621898000" lon="138.096433000">
<ele>9</ele>
</trkpt>
<trkpt lat="-35.621923000" lon="138.096436000">
<ele>9</ele>
</trkpt>
<trkpt lat="-35.621949000" lon="138.096440000">
<ele>9</ele>
</trkpt>
<trkpt lat="-35.621971000" lon="138.096442000">
<ele>9</ele>
</trkpt>
<trkpt lat="-35.621998000" lon="138.096447000">
<ele>9</ele>
</trkpt>
<trkpt lat="-35.622025000" lon="138.096451000">
<ele>9</ele>
</trkpt>
<trkpt lat="-35.622049000" lon="138.096451000">
<ele>9</ele>
</trkpt>
<trkpt lat="-35.622075000" lon="138.096448000">
<ele>9</ele>
</trkpt>
<trkpt lat="-35.622100000" lon="138.096448000">
<ele>9</ele>
</trkpt>
<trkpt lat="-35.622128000" lon="138.096448000">
<ele>9</ele>
</trkpt>
<trkpt lat="-35.622153000" lon="138.096448000">
<ele>9</ele>
</trkpt>
<trkpt lat="-35.622180000" lon="138.096448000">
<ele>9</ele>
</trkpt>
<trkpt lat="-35.622193000" lon="138.096448000">
<ele>9</ele>
</trkpt>
<trkpt lat="-35.622220000" lon="138.096433000">
<ele>9</ele>
</trkpt>
<trkpt lat="-35.622237000" lon="138.096434000">
<ele>9</ele>
</trkpt>
<trkpt lat="-35.622258000" lon="138.096434000">
<ele>9</ele>
</trkpt>
<trkpt lat="-35.622282000" lon="138.096437000">
<ele>9</ele>
</trkpt>
<trkpt lat="-35.622306000" lon="138.096441000">
<ele>9</ele>
</trkpt>
<trkpt lat="-35.622330000" lon="138.096445000">
<ele>9</ele>
</trkpt>
<trkpt lat="-35.622350000" lon="138.096446000">
<ele>10</ele>
</trkpt>
<trkpt lat="-35.622359000" lon="138.096447000">
<ele>10</ele>
</trkpt>
<trkpt lat="-35.622370000" lon="138.096448000">
<ele>10</ele>
</trkpt>
<trkpt lat="-35.622392000" lon="138.096443000">
<ele>10</ele>
</trkpt>
<trkpt lat="-35.622413000" lon="138.096434000">
<ele>9</ele>
</trkpt>
<trkpt lat="-35.622434000" lon="138.096425000">
<ele>9</ele>
</trkpt>
<trkpt lat="-35.622458000" lon="138.096416000">
<ele>9</ele>
</trkpt>
<trkpt lat="-35.622482000" lon="138.096410000">
<ele>9</ele>
</trkpt>
<trkpt lat="-35.622507000" lon="138.096405000">
<ele>9</ele>
</trkpt>
<trkpt lat="-35.622532000" lon="138.096409000">
<ele>9</ele>
</trkpt>
<trkpt lat="-35.622557000" lon="138.096421000">
<ele>10</ele>
</trkpt>
<trkpt lat="-35.622580000" lon="138.096429000">
<ele>10</ele>
</trkpt>
<trkpt lat="-35.622603000" lon="138.096430000">
<ele>10</ele>
</trkpt>
<trkpt lat="-35.622627000" lon="138.096433000">
<ele>10</ele>
</trkpt>
<trkpt lat="-35.622651000" lon="138.096437000">
<ele>10</ele>
</trkpt>
<trkpt lat="-35.622673000" lon="138.096446000">
<ele>10</ele>
</trkpt>
<trkpt lat="-35.622692000" lon="138.096460000">
<ele>11</ele>
</trkpt>
<trkpt lat="-35.622709000" lon="138.096480000">
<ele>11</ele>
</trkpt>
<trkpt lat="-35.622723000" lon="138.096505000">
<ele>11</ele>
</trkpt>
<trkpt lat="-35.622737000" lon="138.096532000">
<ele>12</ele>
</trkpt>
<trkpt lat="-35.622754000" lon="138.096554000">
<ele>12</ele>
</trkpt>
<trkpt lat="-35.622761000" lon="138.096564000">
<ele>12</ele>
</trkpt>
<trkpt lat="-35.622769000" lon="138.096575000">
<ele>13</ele>
</trkpt>
<trkpt lat="-35.622787000" lon="138.096594000">
<ele>13</ele>
</trkpt>
<trkpt lat="-35.622806000" lon="138.096613000">
<ele>13</ele>
</trkpt>
<trkpt lat="-35.622828000" lon="138.096634000">
<ele>14</ele>
</trkpt>
<trkpt lat="-35.622851000" lon="138.096651000">
<ele>14</ele>
</trkpt>
<trkpt lat="-35.622871000" lon="138.096670000">
<ele>15</ele>
</trkpt>
<trkpt lat="-35.622894000" lon="138.096689000">
<ele>15</ele>
</trkpt>
<trkpt lat="-35.622917000" lon="138.096705000">
<ele>16</ele>
</trkpt>
<trkpt lat="-35.622938000" lon="138.096722000">
<ele>16</ele>
</trkpt>
<trkpt lat="-35.622963000" lon="138.096731000">
<ele>16</ele>
</trkpt>
<trkpt lat="-35.622989000" lon="138.096739000">
<ele>17</ele>
</trkpt>
<trkpt lat="-35.623012000" lon="138.096748000">
<ele>17</ele>
</trkpt>
<trkpt lat="-35.623037000" lon="138.096753000">
<ele>17</ele>
</trkpt>
<trkpt lat="-35.623063000" lon="138.096765000">
<ele>18</ele>
</trkpt>
<trkpt lat="-35.623086000" lon="138.096782000">
<ele>18</ele>
</trkpt>
<trkpt lat="-35.623101000" lon="138.096792000">
<ele>18</ele>
</trkpt>
<trkpt lat="-35.623119000" lon="138.096807000">
<ele>19</ele>
</trkpt>
<trkpt lat="-35.623140000" lon="138.096815000">
<ele>19</ele>
</trkpt>
<trkpt lat="-35.623164000" lon="138.096819000">
<ele>19</ele>
</trkpt>
<trkpt lat="-35.623185000" lon="138.096806000">
<ele>19</ele>
</trkpt>
<trkpt lat="-35.623203000" lon="138.096792000">
<ele>18</ele>
</trkpt>
<trkpt lat="-35.623221000" lon="138.096776000">
<ele>18</ele>
</trkpt>
<trkpt lat="-35.623237000" lon="138.096759000">
<ele>18</ele>
</trkpt>
<trkpt lat="-35.623251000" lon="138.096741000">
<ele>18</ele>
</trkpt>
<trkpt lat="-35.623267000" lon="138.096720000">
<ele>17</ele>
</trkpt>
<trkpt lat="-35.623274000" lon="138.096709000">
<ele>17</ele>
</trkpt>
<trkpt lat="-35.623329000" lon="138.096600000">
<ele>15</ele>
</trkpt>
<trkpt lat="-35.623337000" lon="138.096582000">
<ele>15</ele>
</trkpt>
<trkpt lat="-35.623345000" lon="138.096567000">
<ele>15</ele>
</trkpt>
<trkpt lat="-35.623350000" lon="138.096558000">
<ele>14</ele>
</trkpt>
<trkpt lat="-35.623356000" lon="138.096551000">
<ele>14</ele>
</trkpt>
<trkpt lat="-35.623363000" lon="138.096540000">
<ele>14</ele>
</trkpt>
<trkpt lat="-35.623373000" lon="138.096531000">
<ele>14</ele>
</trkpt>
<trkpt lat="-35.623381000" lon="138.096525000">
<ele>14</ele>
</trkpt>
<trkpt lat="-35.623388000" lon="138.096520000">
<ele>14</ele>
</trkpt>
<trkpt lat="-35.623396000" lon="138.096510000">
<ele>14</ele>
</trkpt>
<trkpt lat="-35.623409000" lon="138.096501000">
<ele>14</ele>
</trkpt>
<trkpt lat="-35.623422000" lon="138.096484000">
<ele>13</ele>
</trkpt>
<trkpt lat="-35.623438000" lon="138.096465000">
<ele>13</ele>
</trkpt>
<trkpt lat="-35.623455000" lon="138.096446000">
<ele>13</ele>
</trkpt>
<trkpt lat="-35.623467000" lon="138.096432000">
<ele>13</ele>
</trkpt>
<trkpt lat="-35.623474000" lon="138.096426000">
<ele>13</ele>
</trkpt>
<trkpt lat="-35.623486000" lon="138.096414000">
<ele>12</ele>
</trkpt>
<trkpt lat="-35.623492000" lon="138.096407000">
<ele>12</ele>
</trkpt>
<trkpt lat="-35.623508000" lon="138.096392000">
<ele>12</ele>
</trkpt>
<trkpt lat="-35.623523000" lon="138.096379000">
<ele>12</ele>
</trkpt>
<trkpt lat="-35.623538000" lon="138.096368000">
<ele>12</ele>
</trkpt>
<trkpt lat="-35.623552000" lon="138.096354000">
<ele>12</ele>
</trkpt>
<trkpt lat="-35.623570000" lon="138.096321000">
<ele>11</ele>
</trkpt>
<trkpt lat="-35.623590000" lon="138.096306000">
<ele>11</ele>
</trkpt>
<trkpt lat="-35.623603000" lon="138.096292000">
<ele>11</ele>
</trkpt>
<trkpt lat="-35.623614000" lon="138.096287000">
<ele>11</ele>
</trkpt>
<trkpt lat="-35.623648000" lon="138.096271000">
<ele>10</ele>
</trkpt>
<trkpt lat="-35.623666000" lon="138.096253000">
<ele>10</ele>
</trkpt>
<trkpt lat="-35.623680000" lon="138.096244000">
<ele>10</ele>
</trkpt>
<trkpt lat="-35.623693000" lon="138.096233000">
<ele>10</ele>
</trkpt>
<trkpt lat="-35.623710000" lon="138.096216000">
<ele>10</ele>
</trkpt>
<trkpt lat="-35.623728000" lon="138.096200000">
<ele>10</ele>
</trkpt>
<trkpt lat="-35.623745000" lon="138.096187000">
<ele>10</ele>
</trkpt>
<trkpt lat="-35.623755000" lon="138.096170000">
<ele>9</ele>
</trkpt>
<trkpt lat="-35.623815000" lon="138.096144000">
<ele>9</ele>
</trkpt>
<trkpt lat="-35.623838000" lon="138.096131000">
<ele>9</ele>
</trkpt>
<trkpt lat="-35.623861000" lon="138.096117000">
<ele>9</ele>
</trkpt>
<trkpt lat="-35.623885000" lon="138.096105000">
<ele>9</ele>
</trkpt>
<trkpt lat="-35.623910000" lon="138.096093000">
<ele>9</ele>
</trkpt>
<trkpt lat="-35.623937000" lon="138.096084000">
<ele>9</ele>
</trkpt>
<trkpt lat="-35.623964000" lon="138.096080000">
<ele>9</ele>
</trkpt>
<trkpt lat="-35.623989000" lon="138.096079000">
<ele>9</ele>
</trkpt>
<trkpt lat="-35.624014000" lon="138.096081000">
<ele>9</ele>
</trkpt>
<trkpt lat="-35.624040000" lon="138.096084000">
<ele>9</ele>
</trkpt>
<trkpt lat="-35.624066000" lon="138.096088000">
<ele>9</ele>
</trkpt>
<trkpt lat="-35.624091000" lon="138.096088000">
<ele>9</ele>
</trkpt>
<trkpt lat="-35.624114000" lon="138.096087000">
<ele>10</ele>
</trkpt>
<trkpt lat="-35.624137000" lon="138.096086000">
<ele>10</ele>
</trkpt>
<trkpt lat="-35.624157000" lon="138.096088000">
<ele>10</ele>
</trkpt>
<trkpt lat="-35.624179000" lon="138.096091000">
<ele>10</ele>
</trkpt>
<trkpt lat="-35.624198000" lon="138.096094000">
<ele>10</ele>
</trkpt>
<trkpt lat="-35.624217000" lon="138.096100000">
<ele>10</ele>
</trkpt>
<trkpt lat="-35.624236000" lon="138.096103000">
<ele>10</ele>
</trkpt>
<trkpt lat="-35.624252000" lon="138.096104000">
<ele>10</ele>
</trkpt>
<trkpt lat="-35.624272000" lon="138.096111000">
<ele>10</ele>
</trkpt>
<trkpt lat="-35.624289000" lon="138.096113000">
<ele>10</ele>
</trkpt>
<trkpt lat="-35.624305000" lon="138.096117000">
<ele>10</ele>
</trkpt>
<trkpt lat="-35.624313000" lon="138.096117000">
<ele>10</ele>
</trkpt>
<trkpt lat="-35.624376000" lon="138.096120000">
<ele>9</ele>
</trkpt>
<trkpt lat="-35.624391000" lon="138.096129000">
<ele>9</ele>
</trkpt>
<trkpt lat="-35.624405000" lon="138.096133000">
<ele>9</ele>
</trkpt>
<trkpt lat="-35.624416000" lon="138.096137000">
<ele>9</ele>
</trkpt>
<trkpt lat="-35.624430000" lon="138.096139000">
<ele>9</ele>
</trkpt>
<trkpt lat="-35.624448000" lon="138.096146000">
<ele>9</ele>
</trkpt>
<trkpt lat="-35.624468000" lon="138.096150000">
<ele>9</ele>
</trkpt>
<trkpt lat="-35.624489000" lon="138.096159000">
<ele>9</ele>
</trkpt>
<trkpt lat="-35.624499000" lon="138.096163000">
<ele>9</ele>
</trkpt>
<trkpt lat="-35.624510000" lon="138.096164000">
<ele>9</ele>
</trkpt>
<trkpt lat="-35.624531000" lon="138.096169000">
<ele>9</ele>
</trkpt>
<trkpt lat="-35.624553000" lon="138.096179000">
<ele>9</ele>
</trkpt>
<trkpt lat="-35.624576000" lon="138.096189000">
<ele>9</ele>
</trkpt>
<trkpt lat="-35.624598000" lon="138.096197000">
<ele>9</ele>
</trkpt>
<trkpt lat="-35.624622000" lon="138.096205000">
<ele>9</ele>
</trkpt>
<trkpt lat="-35.624645000" lon="138.096214000">
<ele>9</ele>
</trkpt>
<trkpt lat="-35.624670000" lon="138.096224000">
<ele>9</ele>
</trkpt>
<trkpt lat="-35.624694000" lon="138.096236000">
<ele>9</ele>
</trkpt>
<trkpt lat="-35.624714000" lon="138.096250000">
<ele>9</ele>
</trkpt>
<trkpt lat="-35.624733000" lon="138.096268000">
<ele>9</ele>
</trkpt>
<trkpt lat="-35.624755000" lon="138.096286000">
<ele>9</ele>
</trkpt>
<trkpt lat="-35.624773000" lon="138.096311000">
<ele>9</ele>
</trkpt>
<trkpt lat="-35.624789000" lon="138.096335000">
<ele>9</ele>
</trkpt>
<trkpt lat="-35.624800000" lon="138.096363000">
<ele>9</ele>
</trkpt>
<trkpt lat="-35.624816000" lon="138.096386000">
<ele>9</ele>
</trkpt>
<trkpt lat="-35.624833000" lon="138.096401000">
<ele>9</ele>
</trkpt>
<trkpt lat="-35.624849000" lon="138.096426000">
<ele>9</ele>
</trkpt>
<trkpt lat="-35.624862000" lon="138.096444000">
<ele>9</ele>
</trkpt>
<trkpt lat="-35.624879000" lon="138.096470000">
<ele>9</ele>
</trkpt>
<trkpt lat="-35.624893000" lon="138.096496000">
<ele>9</ele>
</trkpt>
<trkpt lat="-35.624908000" lon="138.096524000">
<ele>9</ele>
</trkpt>
<trkpt lat="-35.624926000" lon="138.096550000">
<ele>10</ele>
</trkpt>
<trkpt lat="-35.624943000" lon="138.096574000">
<ele>10</ele>
</trkpt>
<trkpt lat="-35.624962000" lon="138.096599000">
<ele>10</ele>
</trkpt>
<trkpt lat="-35.624980000" lon="138.096622000">
<ele>10</ele>
</trkpt>
<trkpt lat="-35.625001000" lon="138.096642000">
<ele>10</ele>
</trkpt>
<trkpt lat="-35.625023000" lon="138.096659000">
<ele>10</ele>
</trkpt>
<trkpt lat="-35.625045000" lon="138.096681000">
<ele>10</ele>
</trkpt>
<trkpt lat="-35.625063000" lon="138.096708000">
<ele>10</ele>
</trkpt>
<trkpt lat="-35.625080000" lon="138.096734000">
<ele>10</ele>
</trkpt>
<trkpt lat="-35.625094000" lon="138.096762000">
<ele>10</ele>
</trkpt>
<trkpt lat="-35.625109000" lon="138.096790000">
<ele>10</ele>
</trkpt>
<trkpt lat="-35.625124000" lon="138.096820000">
<ele>11</ele>
</trkpt>
<trkpt lat="-35.625139000" lon="138.096846000">
<ele>11</ele>
</trkpt>
<trkpt lat="-35.625157000" lon="138.096872000">
<ele>11</ele>
</trkpt>
<trkpt lat="-35.625175000" lon="138.096898000">
<ele>11</ele>
</trkpt>
<trkpt lat="-35.625195000" lon="138.096920000">
<ele>11</ele>
</trkpt>
<trkpt lat="-35.625218000" lon="138.096942000">
<ele>11</ele>
</trkpt>
<trkpt lat="-35.625242000" lon="138.096962000">
<ele>11</ele>
</trkpt>
<trkpt lat="-35.625263000" lon="138.096986000">
<ele>11</ele>
</trkpt>
<trkpt lat="-35.625286000" lon="138.097008000">
<ele>11</ele>
</trkpt>
<trkpt lat="-35.625306000" lon="138.097035000">
<ele>11</ele>
</trkpt>
<trkpt lat="-35.625325000" lon="138.097061000">
<ele>11</ele>
</trkpt>
<trkpt lat="-35.625344000" lon="138.097080000">
<ele>11</ele>
</trkpt>
<trkpt lat="-35.625364000" lon="138.097096000">
<ele>11</ele>
</trkpt>
<trkpt lat="-35.625384000" lon="138.097111000">
<ele>11</ele>
</trkpt>
<trkpt lat="-35.625399000" lon="138.097129000">
<ele>11</ele>
</trkpt>
<trkpt lat="-35.625420000" lon="138.097149000">
<ele>11</ele>
</trkpt>
<trkpt lat="-35.625442000" lon="138.097169000">
<ele>11</ele>
</trkpt>
<trkpt lat="-35.625463000" lon="138.097186000">
<ele>11</ele>
</trkpt>
<trkpt lat="-35.625486000" lon="138.097205000">
<ele>11</ele>
</trkpt>
<trkpt lat="-35.625510000" lon="138.097221000">
<ele>11</ele>
</trkpt>
<trkpt lat="-35.625532000" lon="138.097240000">
<ele>11</ele>
</trkpt>
<trkpt lat="-35.625552000" lon="138.097259000">
<ele>11</ele>
</trkpt>
<trkpt lat="-35.625572000" lon="138.097273000">
<ele>11</ele>
</trkpt>
<trkpt lat="-35.625592000" lon="138.097293000">
<ele>11</ele>
</trkpt>
<trkpt lat="-35.625608000" lon="138.097309000">
<ele>11</ele>
</trkpt>
<trkpt lat="-35.625628000" lon="138.097326000">
<ele>11</ele>
</trkpt>
<trkpt lat="-35.625650000" lon="138.097342000">
<ele>11</ele>
</trkpt>
<trkpt lat="-35.625668000" lon="138.097365000">
<ele>11</ele>
</trkpt>
<trkpt lat="-35.625685000" lon="138.097386000">
<ele>12</ele>
</trkpt>
<trkpt lat="-35.625704000" lon="138.097406000">
<ele>12</ele>
</trkpt>
<trkpt lat="-35.625723000" lon="138.097427000">
<ele>12</ele>
</trkpt>
<trkpt lat="-35.625743000" lon="138.097446000">
<ele>12</ele>
</trkpt>
<trkpt lat="-35.625765000" lon="138.097464000">
<ele>12</ele>
</trkpt>
<trkpt lat="-35.625781000" lon="138.097483000">
<ele>12</ele>
</trkpt>
<trkpt lat="-35.625802000" lon="138.097497000">
<ele>12</ele>
</trkpt>
<trkpt lat="-35.625825000" lon="138.097509000">
<ele>12</ele>
</trkpt>
<trkpt lat="-35.625846000" lon="138.097528000">
<ele>12</ele>
</trkpt>
<trkpt lat="-35.625863000" lon="138.097547000">
<ele>12</ele>
</trkpt>
<trkpt lat="-35.625879000" lon="138.097564000">
<ele>12</ele>
</trkpt>
<trkpt lat="-35.625896000" lon="138.097578000">
<ele>12</ele>
</trkpt>
<trkpt lat="-35.625914000" lon="138.097595000">
<ele>12</ele>
</trkpt>
<trkpt lat="-35.625935000" lon="138.097613000">
<ele>12</ele>
</trkpt>
<trkpt lat="-35.625954000" lon="138.097633000">
<ele>12</ele>
</trkpt>
<trkpt lat="-35.625971000" lon="138.097649000">
<ele>12</ele>
</trkpt>
<trkpt lat="-35.625991000" lon="138.097670000">
<ele>12</ele>
</trkpt>
<trkpt lat="-35.626012000" lon="138.097690000">
<ele>12</ele>
</trkpt>
<trkpt lat="-35.626033000" lon="138.097712000">
<ele>12</ele>
</trkpt>
<trkpt lat="-35.626054000" lon="138.097734000">
<ele>12</ele>
</trkpt>
<trkpt lat="-35.626077000" lon="138.097755000">
<ele>12</ele>
</trkpt>
<trkpt lat="-35.626098000" lon="138.097778000">
<ele>12</ele>
</trkpt>
<trkpt lat="-35.626120000" lon="138.097799000">
<ele>12</ele>
</trkpt>
<trkpt lat="-35.626148000" lon="138.097844000">
<ele>12</ele>
</trkpt>
<trkpt lat="-35.626174000" lon="138.097857000">
<ele>12</ele>
</trkpt>
<trkpt lat="-35.626214000" lon="138.097856000">
<ele>12</ele>
</trkpt>
<trkpt lat="-35.626239000" lon="138.097862000">
<ele>11</ele>
</trkpt>
<trkpt lat="-35.626266000" lon="138.097889000">
<ele>11</ele>
</trkpt>
<trkpt lat="-35.626288000" lon="138.097918000">
<ele>11</ele>
</trkpt>
<trkpt lat="-35.626319000" lon="138.097933000">
<ele>11</ele>
</trkpt>
<trkpt lat="-35.626376000" lon="138.097984000">
<ele>11</ele>
</trkpt>
<trkpt lat="-35.626420000" lon="138.098035000">
<ele>12</ele>
</trkpt>
<trkpt lat="-35.626455000" lon="138.098040000">
<ele>12</ele>
</trkpt>
<trkpt lat="-35.626509000" lon="138.098053000">
<ele>12</ele>
</trkpt>
<trkpt lat="-35.626564000" lon="138.098063000">
<ele>11</ele>
</trkpt>
<trkpt lat="-35.626622000" lon="138.098086000">
<ele>11</ele>
</trkpt>
<trkpt lat="-35.626641000" lon="138.098104000">
<ele>12</ele>
</trkpt>
<trkpt lat="-35.626659000" lon="138.098127000">
<ele>12</ele>
</trkpt>
<trkpt lat="-35.626685000" lon="138.098170000">
<ele>12</ele>
</trkpt>
<trkpt lat="-35.626710000" lon="138.098197000">
<ele>12</ele>
</trkpt>
<trkpt lat="-35.626738000" lon="138.098240000">
<ele>12</ele>
</trkpt>
<trkpt lat="-35.626761000" lon="138.098256000">
<ele>12</ele>
</trkpt>
<trkpt lat="-35.626791000" lon="138.098276000">
<ele>12</ele>
</trkpt>
<trkpt lat="-35.626824000" lon="138.098307000">
<ele>12</ele>
</trkpt>
<trkpt lat="-35.626858000" lon="138.098343000">
<ele>12</ele>
</trkpt>
<trkpt lat="-35.626888000" lon="138.098375000">
<ele>12</ele>
</trkpt>
<trkpt lat="-35.626918000" lon="138.098377000">
<ele>12</ele>
</trkpt>
<trkpt lat="-35.626925000" lon="138.098408000">
<ele>12</ele>
</trkpt>
<trkpt lat="-35.626938000" lon="138.098448000">
<ele>13</ele>
</trkpt>
<trkpt lat="-35.626960000" lon="138.098480000">
<ele>13</ele>
</trkpt>
<trkpt lat="-35.627000000" lon="138.098497000">
<ele>12</ele>
</trkpt>
<trkpt lat="-35.627042000" lon="138.098532000">
<ele>12</ele>
</trkpt>
<trkpt lat="-35.627077000" lon="138.098522000">
<ele>11</ele>
</trkpt>
<trkpt lat="-35.627103000" lon="138.098532000">
<ele>11</ele>
</trkpt>
<trkpt lat="-35.627129000" lon="138.098542000">
<ele>10</ele>
</trkpt>
<trkpt lat="-35.627155000" lon="138.098556000">
<ele>10</ele>
</trkpt>
<trkpt lat="-35.627174000" lon="138.098573000">
<ele>10</ele>
</trkpt>
<trkpt lat="-35.627193000" lon="138.098612000">
<ele>10</ele>
</trkpt>
<trkpt lat="-35.627218000" lon="138.098643000">
<ele>10</ele>
</trkpt>
<trkpt lat="-35.627247000" lon="138.098661000">
<ele>10</ele>
</trkpt>
<trkpt lat="-35.627274000" lon="138.098666000">
<ele>10</ele>
</trkpt>
<trkpt lat="-35.627295000" lon="138.098664000">
<ele>9</ele>
</trkpt>
<trkpt lat="-35.627321000" lon="138.098660000">
<ele>9</ele>
</trkpt>
<trkpt lat="-35.627339000" lon="138.098660000">
<ele>9</ele>
</trkpt>
<trkpt lat="-35.627348000" lon="138.098661000">
<ele>9</ele>
</trkpt>
<trkpt lat="-35.627359000" lon="138.098662000">
<ele>9</ele>
</trkpt>
<trkpt lat="-35.627380000" lon="138.098663000">
<ele>8</ele>
</trkpt>
<trkpt lat="-35.627405000" lon="138.098665000">
<ele>8</ele>
</trkpt>
<trkpt lat="-35.627426000" lon="138.098683000">
<ele>8</ele>
</trkpt>
<trkpt lat="-35.627447000" lon="138.098702000">
<ele>8</ele>
</trkpt>
<trkpt lat="-35.627463000" lon="138.098722000">
<ele>8</ele>
</trkpt>
<trkpt lat="-35.627478000" lon="138.098743000">
<ele>8</ele>
</trkpt>
<trkpt lat="-35.627493000" lon="138.098767000">
<ele>8</ele>
</trkpt>
<trkpt lat="-35.627506000" lon="138.098789000">
<ele>8</ele>
</trkpt>
<trkpt lat="-35.627519000" lon="138.098816000">
<ele>8</ele>
</trkpt>
<trkpt lat="-35.627533000" lon="138.098837000">
<ele>8</ele>
</trkpt>
<trkpt lat="-35.627548000" lon="138.098855000">
<ele>8</ele>
</trkpt>
<trkpt lat="-35.627568000" lon="138.098867000">
<ele>8</ele>
</trkpt>
<trkpt lat="-35.627590000" lon="138.098879000">
<ele>8</ele>
</trkpt>
<trkpt lat="-35.627603000" lon="138.098895000">
<ele>8</ele>
</trkpt>
<trkpt lat="-35.627607000" lon="138.098919000">
<ele>8</ele>
</trkpt>
<trkpt lat="-35.627611000" lon="138.098944000">
<ele>8</ele>
</trkpt>
<trkpt lat="-35.627625000" lon="138.098970000">
<ele>9</ele>
</trkpt>
<trkpt lat="-35.627639000" lon="138.098993000">
<ele>9</ele>
</trkpt>
<trkpt lat="-35.627656000" lon="138.099018000">
<ele>9</ele>
</trkpt>
<trkpt lat="-35.627673000" lon="138.099042000">
<ele>9</ele>
</trkpt>
<trkpt lat="-35.627691000" lon="138.099061000">
<ele>9</ele>
</trkpt>
<trkpt lat="-35.627711000" lon="138.099083000">
<ele>9</ele>
</trkpt>
<trkpt lat="-35.627734000" lon="138.099098000">
<ele>9</ele>
</trkpt>
<trkpt lat="-35.627761000" lon="138.099111000">
<ele>9</ele>
</trkpt>
<trkpt lat="-35.627782000" lon="138.099126000">
<ele>9</ele>
</trkpt>
<trkpt lat="-35.627799000" lon="138.099144000">
<ele>9</ele>
</trkpt>
<trkpt lat="-35.627815000" lon="138.099164000">
<ele>9</ele>
</trkpt>
<trkpt lat="-35.627832000" lon="138.099185000">
<ele>9</ele>
</trkpt>
<trkpt lat="-35.627848000" lon="138.099207000">
<ele>9</ele>
</trkpt>
<trkpt lat="-35.627859000" lon="138.099233000">
<ele>9</ele>
</trkpt>
<trkpt lat="-35.627870000" lon="138.099259000">
<ele>9</ele>
</trkpt>
<trkpt lat="-35.627880000" lon="138.099283000">
<ele>10</ele>
</trkpt>
<trkpt lat="-35.627894000" lon="138.099306000">
<ele>10</ele>
</trkpt>
<trkpt lat="-35.627910000" lon="138.099327000">
<ele>10</ele>
</trkpt>
<trkpt lat="-35.627923000" lon="138.099352000">
<ele>10</ele>
</trkpt>
<trkpt lat="-35.627935000" lon="138.099373000">
<ele>10</ele>
</trkpt>
<trkpt lat="-35.627949000" lon="138.099396000">
<ele>10</ele>
</trkpt>
<trkpt lat="-35.627960000" lon="138.099420000">
<ele>10</ele>
</trkpt>
<trkpt lat="-35.627971000" lon="138.099447000">
<ele>11</ele>
</trkpt>
<trkpt lat="-35.627973000" lon="138.099475000">
<ele>11</ele>
</trkpt>
<trkpt lat="-35.627977000" lon="138.099501000">
<ele>11</ele>
</trkpt>
<trkpt lat="-35.627985000" lon="138.099526000">
<ele>11</ele>
</trkpt>
<trkpt lat="-35.627996000" lon="138.099547000">
<ele>11</ele>
</trkpt>
<trkpt lat="-35.628008000" lon="138.099567000">
<ele>11</ele>
</trkpt>
<trkpt lat="-35.628019000" lon="138.099584000">
<ele>11</ele>
</trkpt>
<trkpt lat="-35.628025000" lon="138.099641000">
<ele>12</ele>
</trkpt>
<trkpt lat="-35.628060000" lon="138.099685000">
<ele>12</ele>
</trkpt>
<trkpt lat="-35.628075000" lon="138.099718000">
<ele>12</ele>
</trkpt>
<trkpt lat="-35.628089000" lon="138.099744000">
<ele>12</ele>
</trkpt>
<trkpt lat="-35.628134000" lon="138.099769000">
<ele>11</ele>
</trkpt>
<trkpt lat="-35.628172000" lon="138.099799000">
<ele>11</ele>
</trkpt>
<trkpt lat="-35.628186000" lon="138.099835000">
<ele>11</ele>
</trkpt>
<trkpt lat="-35.628205000" lon="138.099871000">
<ele>11</ele>
</trkpt>
<trkpt lat="-35.628201000" lon="138.099942000">
<ele>12</ele>
</trkpt>
<trkpt lat="-35.628205000" lon="138.099980000">
<ele>12</ele>
</trkpt>
<trkpt lat="-35.628233000" lon="138.099978000">
<ele>12</ele>
</trkpt>
<trkpt lat="-35.628254000" lon="138.099954000">
<ele>11</ele>
</trkpt>
<trkpt lat="-35.628289000" lon="138.099969000">
<ele>10</ele>
</trkpt>
<trkpt lat="-35.628302000" lon="138.099986000">
<ele>10</ele>
</trkpt>
<trkpt lat="-35.628323000" lon="138.100024000">
<ele>11</ele>
</trkpt>
<trkpt lat="-35.628354000" lon="138.100047000">
<ele>10</ele>
</trkpt>
<trkpt lat="-35.628389000" lon="138.100059000">
<ele>10</ele>
</trkpt>
<trkpt lat="-35.628409000" lon="138.100060000">
<ele>10</ele>
</trkpt>
<trkpt lat="-35.628427000" lon="138.100071000">
<ele>10</ele>
</trkpt>
<trkpt lat="-35.628436000" lon="138.100079000">
<ele>10</ele>
</trkpt>
<trkpt lat="-35.628442000" lon="138.100088000">
<ele>10</ele>
</trkpt>
<trkpt lat="-35.628455000" lon="138.100101000">
<ele>10</ele>
</trkpt>
<trkpt lat="-35.628467000" lon="138.100114000">
<ele>10</ele>
</trkpt>
<trkpt lat="-35.628472000" lon="138.100131000">
<ele>10</ele>
</trkpt>
<trkpt lat="-35.628474000" lon="138.100149000">
<ele>10</ele>
</trkpt>
<trkpt lat="-35.628483000" lon="138.100166000">
<ele>10</ele>
</trkpt>
<trkpt lat="-35.628491000" lon="138.100185000">
<ele>11</ele>
</trkpt>
<trkpt lat="-35.628495000" lon="138.100191000">
<ele>11</ele>
</trkpt>
<trkpt lat="-35.628503000" lon="138.100202000">
<ele>11</ele>
</trkpt>
<trkpt lat="-35.628509000" lon="138.100210000">
<ele>11</ele>
</trkpt>
<trkpt lat="-35.628519000" lon="138.100216000">
<ele>11</ele>
</trkpt>
<trkpt lat="-35.628527000" lon="138.100221000">
<ele>11</ele>
</trkpt>
<trkpt lat="-35.628541000" lon="138.100228000">
<ele>10</ele>
</trkpt>
<trkpt lat="-35.628561000" lon="138.100263000">
<ele>11</ele>
</trkpt>
<trkpt lat="-35.628588000" lon="138.100280000">
<ele>10</ele>
</trkpt>
<trkpt lat="-35.628611000" lon="138.100291000">
<ele>10</ele>
</trkpt>
<trkpt lat="-35.628628000" lon="138.100304000">
<ele>10</ele>
</trkpt>
<trkpt lat="-35.628650000" lon="138.100327000">
<ele>10</ele>
</trkpt>
<trkpt lat="-35.628654000" lon="138.100350000">
<ele>10</ele>
</trkpt>
<trkpt lat="-35.628653000" lon="138.100372000">
<ele>11</ele>
</trkpt>
<trkpt lat="-35.628659000" lon="138.100392000">
<ele>11</ele>
</trkpt>
<trkpt lat="-35.628672000" lon="138.100411000">
<ele>11</ele>
</trkpt>
<trkpt lat="-35.628687000" lon="138.100428000">
<ele>11</ele>
</trkpt>
<trkpt lat="-35.628694000" lon="138.100435000">
<ele>11</ele>
</trkpt>
<trkpt lat="-35.628704000" lon="138.100440000">
<ele>11</ele>
</trkpt>
<trkpt lat="-35.628727000" lon="138.100450000">
<ele>10</ele>
</trkpt>
<trkpt lat="-35.628749000" lon="138.100463000">
<ele>10</ele>
</trkpt>
<trkpt lat="-35.628767000" lon="138.100481000">
<ele>10</ele>
</trkpt>
<trkpt lat="-35.628786000" lon="138.100491000">
<ele>10</ele>
</trkpt>
<trkpt lat="-35.628806000" lon="138.100501000">
<ele>10</ele>
</trkpt>
<trkpt lat="-35.628829000" lon="138.100508000">
<ele>9</ele>
</trkpt>
<trkpt lat="-35.628840000" lon="138.100511000">
<ele>9</ele>
</trkpt>
<trkpt lat="-35.628855000" lon="138.100521000">
<ele>9</ele>
</trkpt>
<trkpt lat="-35.628860000" lon="138.100525000">
<ele>9</ele>
</trkpt>
<trkpt lat="-35.628866000" lon="138.100537000">
<ele>9</ele>
</trkpt>
<trkpt lat="-35.628868000" lon="138.100552000">
<ele>9</ele>
</trkpt>
<trkpt lat="-35.628876000" lon="138.100564000">
<ele>9</ele>
</trkpt>
<trkpt lat="-35.628896000" lon="138.100573000">
<ele>9</ele>
</trkpt>
<trkpt lat="-35.628915000" lon="138.100582000">
<ele>9</ele>
</trkpt>
<trkpt lat="-35.628921000" lon="138.100585000">
<ele>9</ele>
</trkpt>
<trkpt lat="-35.628929000" lon="138.100609000">
<ele>9</ele>
</trkpt>
<trkpt lat="-35.628939000" lon="138.100631000">
<ele>9</ele>
</trkpt>
<trkpt lat="-35.628967000" lon="138.100680000">
<ele>9</ele>
</trkpt>
<trkpt lat="-35.628987000" lon="138.100696000">
<ele>9</ele>
</trkpt>
<trkpt lat="-35.629013000" lon="138.100698000">
<ele>8</ele>
</trkpt>
<trkpt lat="-35.629046000" lon="138.100686000">
<ele>8</ele>
</trkpt>
<trkpt lat="-35.629057000" lon="138.100670000">
<ele>7</ele>
</trkpt>
<trkpt lat="-35.629078000" lon="138.100658000">
<ele>7</ele>
</trkpt>
<trkpt lat="-35.629088000" lon="138.100661000">
<ele>7</ele>
</trkpt>
<trkpt lat="-35.629111000" lon="138.100695000">
<ele>7</ele>
</trkpt>
<trkpt lat="-35.629131000" lon="138.100714000">
<ele>7</ele>
</trkpt>
<trkpt lat="-35.629156000" lon="138.100730000">
<ele>6</ele>
</trkpt>
<trkpt lat="-35.629162000" lon="138.100765000">
<ele>7</ele>
</trkpt>
<trkpt lat="-35.629168000" lon="138.100778000">
<ele>7</ele>
</trkpt>
<trkpt lat="-35.629201000" lon="138.100792000">
<ele>6</ele>
</trkpt>
<trkpt lat="-35.629219000" lon="138.100812000">
<ele>6</ele>
</trkpt>
<trkpt lat="-35.629238000" lon="138.100830000">
<ele>6</ele>
</trkpt>
<trkpt lat="-35.629258000" lon="138.100846000">
<ele>7</ele>
</trkpt>
<trkpt lat="-35.629276000" lon="138.100864000">
<ele>7</ele>
</trkpt>
<trkpt lat="-35.629294000" lon="138.100882000">
<ele>7</ele>
</trkpt>
<trkpt lat="-35.629312000" lon="138.100901000">
<ele>7</ele>
</trkpt>
<trkpt lat="-35.629326000" lon="138.100924000">
<ele>7</ele>
</trkpt>
<trkpt lat="-35.629342000" lon="138.100945000">
<ele>7</ele>
</trkpt>
<trkpt lat="-35.629360000" lon="138.100981000">
<ele>7</ele>
</trkpt>
<trkpt lat="-35.629375000" lon="138.101019000">
<ele>8</ele>
</trkpt>
<trkpt lat="-35.629389000" lon="138.101042000">
<ele>8</ele>
</trkpt>
<trkpt lat="-35.629410000" lon="138.101060000">
<ele>8</ele>
</trkpt>
<trkpt lat="-35.629427000" lon="138.101081000">
<ele>8</ele>
</trkpt>
<trkpt lat="-35.629429000" lon="138.101100000">
<ele>8</ele>
</trkpt>
<trkpt lat="-35.629439000" lon="138.101135000">
<ele>8</ele>
</trkpt>
<trkpt lat="-35.629462000" lon="138.101163000">
<ele>8</ele>
</trkpt>
<trkpt lat="-35.629467000" lon="138.101195000">
<ele>9</ele>
</trkpt>
<trkpt lat="-35.629493000" lon="138.101221000">
<ele>9</ele>
</trkpt>
<trkpt lat="-35.629496000" lon="138.101246000">
<ele>9</ele>
</trkpt>
<trkpt lat="-35.629493000" lon="138.101272000">
<ele>9</ele>
</trkpt>
<trkpt lat="-35.629515000" lon="138.101302000">
<ele>9</ele>
</trkpt>
<trkpt lat="-35.629537000" lon="138.101333000">
<ele>9</ele>
</trkpt>
<trkpt lat="-35.629560000" lon="138.101355000">
<ele>9</ele>
</trkpt>
<trkpt lat="-35.629566000" lon="138.101400000">
<ele>9</ele>
</trkpt>
<trkpt lat="-35.629575000" lon="138.101445000">
<ele>10</ele>
</trkpt>
<trkpt lat="-35.629589000" lon="138.101486000">
<ele>10</ele>
</trkpt>
<trkpt lat="-35.629608000" lon="138.101518000">
<ele>10</ele>
</trkpt>
<trkpt lat="-35.629620000" lon="138.101539000">
<ele>10</ele>
</trkpt>
<trkpt lat="-35.629653000" lon="138.101571000">
<ele>9</ele>
</trkpt>
<trkpt lat="-35.629686000" lon="138.101607000">
<ele>9</ele>
</trkpt>
<trkpt lat="-35.629710000" lon="138.101620000">
<ele>9</ele>
</trkpt>
<trkpt lat="-35.629731000" lon="138.101636000">
<ele>9</ele>
</trkpt>
<trkpt lat="-35.629750000" lon="138.101659000">
<ele>9</ele>
</trkpt>
<trkpt lat="-35.629764000" lon="138.101687000">
<ele>9</ele>
</trkpt>
<trkpt lat="-35.629778000" lon="138.101714000">
<ele>9</ele>
</trkpt>
<trkpt lat="-35.629792000" lon="138.101743000">
<ele>9</ele>
</trkpt>
<trkpt lat="-35.629806000" lon="138.101772000">
<ele>9</ele>
</trkpt>
<trkpt lat="-35.629816000" lon="138.101798000">
<ele>9</ele>
</trkpt>
<trkpt lat="-35.629829000" lon="138.101815000">
<ele>9</ele>
</trkpt>
<trkpt lat="-35.629848000" lon="138.101833000">
<ele>9</ele>
</trkpt>
<trkpt lat="-35.629866000" lon="138.101854000">
<ele>8</ele>
</trkpt>
<trkpt lat="-35.629882000" lon="138.101874000">
<ele>8</ele>
</trkpt>
<trkpt lat="-35.629899000" lon="138.101895000">
<ele>8</ele>
</trkpt>
<trkpt lat="-35.629917000" lon="138.101913000">
<ele>8</ele>
</trkpt>
<trkpt lat="-35.629937000" lon="138.101933000">
<ele>8</ele>
</trkpt>
<trkpt lat="-35.629952000" lon="138.101959000">
<ele>8</ele>
</trkpt>
<trkpt lat="-35.629965000" lon="138.101985000">
<ele>8</ele>
</trkpt>
<trkpt lat="-35.629977000" lon="138.102012000">
<ele>8</ele>
</trkpt>
<trkpt lat="-35.629990000" lon="138.102036000">
<ele>8</ele>
</trkpt>
<trkpt lat="-35.630000000" lon="138.102063000">
<ele>8</ele>
</trkpt>
<trkpt lat="-35.630006000" lon="138.102092000">
<ele>8</ele>
</trkpt>
<trkpt lat="-35.630010000" lon="138.102121000">
<ele>8</ele>
</trkpt>
<trkpt lat="-35.630014000" lon="138.102149000">
<ele>8</ele>
</trkpt>
<trkpt lat="-35.630016000" lon="138.102178000">
<ele>9</ele>
</trkpt>
<trkpt lat="-35.630019000" lon="138.102209000">
<ele>9</ele>
</trkpt>
<trkpt lat="-35.630021000" lon="138.102237000">
<ele>9</ele>
</trkpt>
<trkpt lat="-35.630023000" lon="138.102267000">
<ele>9</ele>
</trkpt>
<trkpt lat="-35.630028000" lon="138.102295000">
<ele>10</ele>
</trkpt>
<trkpt lat="-35.630033000" lon="138.102324000">
<ele>10</ele>
</trkpt>
<trkpt lat="-35.630028000" lon="138.102354000">
<ele>10</ele>
</trkpt>
<trkpt lat="-35.630037000" lon="138.102420000">
<ele>11</ele>
</trkpt>
<trkpt lat="-35.630047000" lon="138.102458000">
<ele>11</ele>
</trkpt>
<trkpt lat="-35.630051000" lon="138.102499000">
<ele>11</ele>
</trkpt>
<trkpt lat="-35.630065000" lon="138.102548000">
<ele>12</ele>
</trkpt>
<trkpt lat="-35.630081000" lon="138.102579000">
<ele>12</ele>
</trkpt>
<trkpt lat="-35.630102000" lon="138.102605000">
<ele>12</ele>
</trkpt>
<trkpt lat="-35.630111000" lon="138.102650000">
<ele>12</ele>
</trkpt>
<trkpt lat="-35.630121000" lon="138.102688000">
<ele>12</ele>
</trkpt>
<trkpt lat="-35.630145000" lon="138.102726000">
<ele>12</ele>
</trkpt>
<trkpt lat="-35.630145000" lon="138.102730000">
<ele>12</ele>
</trkpt>
<trkpt lat="-35.630146000" lon="138.102758000">
<ele>12</ele>
</trkpt>
<trkpt lat="-35.630141000" lon="138.102790000">
<ele>13</ele>
</trkpt>
<trkpt lat="-35.630141000" lon="138.102820000">
<ele>13</ele>
</trkpt>
<trkpt lat="-35.630155000" lon="138.102852000">
<ele>13</ele>
</trkpt>
<trkpt lat="-35.630171000" lon="138.102885000">
<ele>13</ele>
</trkpt>
<trkpt lat="-35.630177000" lon="138.102929000">
<ele>13</ele>
</trkpt>
<trkpt lat="-35.630200000" lon="138.102959000">
<ele>13</ele>
</trkpt>
<trkpt lat="-35.630205000" lon="138.103001000">
<ele>14</ele>
</trkpt>
<trkpt lat="-35.630221000" lon="138.103019000">
<ele>14</ele>
</trkpt>
<trkpt lat="-35.630244000" lon="138.103019000">
<ele>13</ele>
</trkpt>
<trkpt lat="-35.630276000" lon="138.103038000">
<ele>13</ele>
</trkpt>
<trkpt lat="-35.630307000" lon="138.103064000">
<ele>13</ele>
</trkpt>
<trkpt lat="-35.630334000" lon="138.103073000">
<ele>12</ele>
</trkpt>
<trkpt lat="-35.630357000" lon="138.103076000">
<ele>12</ele>
</trkpt>
<trkpt lat="-35.630382000" lon="138.103076000">
<ele>11</ele>
</trkpt>
<trkpt lat="-35.630389000" lon="138.103089000">
<ele>11</ele>
</trkpt>
<trkpt lat="-35.630410000" lon="138.103130000">
<ele>12</ele>
</trkpt>
<trkpt lat="-35.630436000" lon="138.103140000">
<ele>11</ele>
</trkpt>
<trkpt lat="-35.630461000" lon="138.103165000">
<ele>11</ele>
</trkpt>
<trkpt lat="-35.630483000" lon="138.103193000">
<ele>11</ele>
</trkpt>
<trkpt lat="-35.630505000" lon="138.103221000">
<ele>11</ele>
</trkpt>
<trkpt lat="-35.630514000" lon="138.103240000">
<ele>11</ele>
</trkpt>
<trkpt lat="-35.630522000" lon="138.103260000">
<ele>12</ele>
</trkpt>
<trkpt lat="-35.630530000" lon="138.103280000">
<ele>12</ele>
</trkpt>
<trkpt lat="-35.630539000" lon="138.103301000">
<ele>12</ele>
</trkpt>
<trkpt lat="-35.630545000" lon="138.103322000">
<ele>12</ele>
</trkpt>
<trkpt lat="-35.630553000" lon="138.103342000">
<ele>12</ele>
</trkpt>
<trkpt lat="-35.630555000" lon="138.103364000">
<ele>12</ele>
</trkpt>
<trkpt lat="-35.630559000" lon="138.103382000">
<ele>13</ele>
</trkpt>
<trkpt lat="-35.630565000" lon="138.103401000">
<ele>13</ele>
</trkpt>
<trkpt lat="-35.630568000" lon="138.103421000">
<ele>13</ele>
</trkpt>
<trkpt lat="-35.630574000" lon="138.103441000">
<ele>13</ele>
</trkpt>
<trkpt lat="-35.630578000" lon="138.103460000">
<ele>14</ele>
</trkpt>
<trkpt lat="-35.630583000" lon="138.103479000">
<ele>14</ele>
</trkpt>
<trkpt lat="-35.630586000" lon="138.103497000">
<ele>14</ele>
</trkpt>
<trkpt lat="-35.630591000" lon="138.103516000">
<ele>14</ele>
</trkpt>
<trkpt lat="-35.630595000" lon="138.103537000">
<ele>14</ele>
</trkpt>
<trkpt lat="-35.630601000" lon="138.103556000">
<ele>15</ele>
</trkpt>
<trkpt lat="-35.630605000" lon="138.103576000">
<ele>15</ele>
</trkpt>
<trkpt lat="-35.630613000" lon="138.103593000">
<ele>15</ele>
</trkpt>
<trkpt lat="-35.630614000" lon="138.103631000">
<ele>15</ele>
</trkpt>
<trkpt lat="-35.630620000" lon="138.103648000">
<ele>15</ele>
</trkpt>
<trkpt lat="-35.630632000" lon="138.103685000">
<ele>16</ele>
</trkpt>
<trkpt lat="-35.630643000" lon="138.103723000">
<ele>16</ele>
</trkpt>
<trkpt lat="-35.630656000" lon="138.103760000">
<ele>16</ele>
</trkpt>
<trkpt lat="-35.630668000" lon="138.103788000">
<ele>16</ele>
</trkpt>
<trkpt lat="-35.630673000" lon="138.103815000">
<ele>17</ele>
</trkpt>
<trkpt lat="-35.630679000" lon="138.103826000">
<ele>17</ele>
</trkpt>
<trkpt lat="-35.630683000" lon="138.103849000">
<ele>17</ele>
</trkpt>
<trkpt lat="-35.630696000" lon="138.103863000">
<ele>17</ele>
</trkpt>
<trkpt lat="-35.630707000" lon="138.103866000">
<ele>17</ele>
</trkpt>
<trkpt lat="-35.630714000" lon="138.103883000">
<ele>17</ele>
</trkpt>
<trkpt lat="-35.630718000" lon="138.103903000">
<ele>17</ele>
</trkpt>
<trkpt lat="-35.630718000" lon="138.103926000">
<ele>17</ele>
</trkpt>
<trkpt lat="-35.630709000" lon="138.103948000">
<ele>17</ele>
</trkpt>
<trkpt lat="-35.630700000" lon="138.103986000">
<ele>18</ele>
</trkpt>
<trkpt lat="-35.630691000" lon="138.104000000">
<ele>18</ele>
</trkpt>
<trkpt lat="-35.630685000" lon="138.104016000">
<ele>18</ele>
</trkpt>
<trkpt lat="-35.630675000" lon="138.104032000">
<ele>18</ele>
</trkpt>
<trkpt lat="-35.630669000" lon="138.104049000">
<ele>19</ele>
</trkpt>
<trkpt lat="-35.630663000" lon="138.104064000">
<ele>19</ele>
</trkpt>
<trkpt lat="-35.630646000" lon="138.104096000">
<ele>19</ele>
</trkpt>
<trkpt lat="-35.630630000" lon="138.104140000">
<ele>20</ele>
</trkpt>
<trkpt lat="-35.630619000" lon="138.104167000">
<ele>20</ele>
</trkpt>
<trkpt lat="-35.630614000" lon="138.104197000">
<ele>20</ele>
</trkpt>
<trkpt lat="-35.630611000" lon="138.104237000">
<ele>20</ele>
</trkpt>
<trkpt lat="-35.630608000" lon="138.104262000">
<ele>20</ele>
</trkpt>
<trkpt lat="-35.630609000" lon="138.104289000">
<ele>20</ele>
</trkpt>
<trkpt lat="-35.630610000" lon="138.104316000">
<ele>20</ele>
</trkpt>
<trkpt lat="-35.630614000" lon="138.104344000">
<ele>20</ele>
</trkpt>
<trkpt lat="-35.630622000" lon="138.104371000">
<ele>20</ele>
</trkpt>
<trkpt lat="-35.630620000" lon="138.104400000">
<ele>20</ele>
</trkpt>
<trkpt lat="-35.630620000" lon="138.104427000">
<ele>20</ele>
</trkpt>
<trkpt lat="-35.630620000" lon="138.104455000">
<ele>20</ele>
</trkpt>
<trkpt lat="-35.630621000" lon="138.104480000">
<ele>20</ele>
</trkpt>
<trkpt lat="-35.630623000" lon="138.104509000">
<ele>20</ele>
</trkpt>
<trkpt lat="-35.630626000" lon="138.104542000">
<ele>20</ele>
</trkpt>
<trkpt lat="-35.630628000" lon="138.104575000">
<ele>20</ele>
</trkpt>
<trkpt lat="-35.630631000" lon="138.104605000">
<ele>20</ele>
</trkpt>
<trkpt lat="-35.630631000" lon="138.104635000">
<ele>20</ele>
</trkpt>
<trkpt lat="-35.630632000" lon="138.104669000">
<ele>20</ele>
</trkpt>
<trkpt lat="-35.630632000" lon="138.104697000">
<ele>20</ele>
</trkpt>
<trkpt lat="-35.630633000" lon="138.104730000">
<ele>20</ele>
</trkpt>
<trkpt lat="-35.630635000" lon="138.104761000">
<ele>20</ele>
</trkpt>
<trkpt lat="-35.630635000" lon="138.104794000">
<ele>20</ele>
</trkpt>
<trkpt lat="-35.630637000" lon="138.104825000">
<ele>20</ele>
</trkpt>
<trkpt lat="-35.630642000" lon="138.104858000">
<ele>20</ele>
</trkpt>
<trkpt lat="-35.630646000" lon="138.104889000">
<ele>20</ele>
</trkpt>
<trkpt lat="-35.630650000" lon="138.104915000">
<ele>20</ele>
</trkpt>
<trkpt lat="-35.630656000" lon="138.104943000">
<ele>20</ele>
</trkpt>
<trkpt lat="-35.630662000" lon="138.104981000">
<ele>19</ele>
</trkpt>
<trkpt lat="-35.630669000" lon="138.105017000">
<ele>19</ele>
</trkpt>
<trkpt lat="-35.630687000" lon="138.105061000">
<ele>19</ele>
</trkpt>
<trkpt lat="-35.630699000" lon="138.105083000">
<ele>19</ele>
</trkpt>
<trkpt lat="-35.630706000" lon="138.105111000">
<ele>19</ele>
</trkpt>
<trkpt lat="-35.630715000" lon="138.105148000">
<ele>18</ele>
</trkpt>
<trkpt lat="-35.630725000" lon="138.105189000">
<ele>18</ele>
</trkpt>
<trkpt lat="-35.630738000" lon="138.105252000">
<ele>18</ele>
</trkpt>
<trkpt lat="-35.630756000" lon="138.105298000">
<ele>17</ele>
</trkpt>
<trkpt lat="-35.630763000" lon="138.105328000">
<ele>17</ele>
</trkpt>
<trkpt lat="-35.630769000" lon="138.105361000">
<ele>17</ele>
</trkpt>
<trkpt lat="-35.630776000" lon="138.105391000">
<ele>17</ele>
</trkpt>
<trkpt lat="-35.630786000" lon="138.105421000">
<ele>17</ele>
</trkpt>
<trkpt lat="-35.630791000" lon="138.105452000">
<ele>17</ele>
</trkpt>
<trkpt lat="-35.630796000" lon="138.105483000">
<ele>17</ele>
</trkpt>
<trkpt lat="-35.630798000" lon="138.105514000">
<ele>17</ele>
</trkpt>
<trkpt lat="-35.630799000" lon="138.105546000">
<ele>17</ele>
</trkpt>
<trkpt lat="-35.630790000" lon="138.105598000">
<ele>18</ele>
</trkpt>
<trkpt lat="-35.630784000" lon="138.105635000">
<ele>18</ele>
</trkpt>
<trkpt lat="-35.630791000" lon="138.105669000">
<ele>18</ele>
</trkpt>
<trkpt lat="-35.630804000" lon="138.105696000">
<ele>18</ele>
</trkpt>
<trkpt lat="-35.630846000" lon="138.105751000">
<ele>18</ele>
</trkpt>
<trkpt lat="-35.630864000" lon="138.105775000">
<ele>17</ele>
</trkpt>
<trkpt lat="-35.630881000" lon="138.105799000">
<ele>17</ele>
</trkpt>
<trkpt lat="-35.630901000" lon="138.105817000">
<ele>17</ele>
</trkpt>
<trkpt lat="-35.630922000" lon="138.105835000">
<ele>17</ele>
</trkpt>
<trkpt lat="-35.630938000" lon="138.105874000">
<ele>17</ele>
</trkpt>
<trkpt lat="-35.630970000" lon="138.105920000">
<ele>17</ele>
</trkpt>
<trkpt lat="-35.630994000" lon="138.105962000">
<ele>17</ele>
</trkpt>
<trkpt lat="-35.631009000" lon="138.106002000">
<ele>17</ele>
</trkpt>
<trkpt lat="-35.631017000" lon="138.106040000">
<ele>17</ele>
</trkpt>
<trkpt lat="-35.631020000" lon="138.106069000">
<ele>17</ele>
</trkpt>
<trkpt lat="-35.631026000" lon="138.106100000">
<ele>17</ele>
</trkpt>
<trkpt lat="-35.631023000" lon="138.106132000">
<ele>17</ele>
</trkpt>
<trkpt lat="-35.631014000" lon="138.106163000">
<ele>17</ele>
</trkpt>
<trkpt lat="-35.631010000" lon="138.106196000">
<ele>17</ele>
</trkpt>
<trkpt lat="-35.631008000" lon="138.106228000">
<ele>17</ele>
</trkpt>
<trkpt lat="-35.631006000" lon="138.106263000">
<ele>17</ele>
</trkpt>
<trkpt lat="-35.631009000" lon="138.106294000">
<ele>17</ele>
</trkpt>
<trkpt lat="-35.631009000" lon="138.106326000">
<ele>17</ele>
</trkpt>
<trkpt lat="-35.631015000" lon="138.106358000">
<ele>16</ele>
</trkpt>
<trkpt lat="-35.631024000" lon="138.106389000">
<ele>16</ele>
</trkpt>
<trkpt lat="-35.631034000" lon="138.106421000">
<ele>16</ele>
</trkpt>
<trkpt lat="-35.631039000" lon="138.106454000">
<ele>16</ele>
</trkpt>
<trkpt lat="-35.631037000" lon="138.106488000">
<ele>16</ele>
</trkpt>
<trkpt lat="-35.631039000" lon="138.106523000">
<ele>16</ele>
</trkpt>
<trkpt lat="-35.631042000" lon="138.106552000">
<ele>16</ele>
</trkpt>
<trkpt lat="-35.631047000" lon="138.106583000">
<ele>16</ele>
</trkpt>
<trkpt lat="-35.631053000" lon="138.106615000">
<ele>16</ele>
</trkpt>
<trkpt lat="-35.631062000" lon="138.106645000">
<ele>16</ele>
</trkpt>
<trkpt lat="-35.631071000" lon="138.106672000">
<ele>16</ele>
</trkpt>
<trkpt lat="-35.631083000" lon="138.106696000">
<ele>16</ele>
</trkpt>
<trkpt lat="-35.631092000" lon="138.106725000">
<ele>15</ele>
</trkpt>
<trkpt lat="-35.631104000" lon="138.106753000">
<ele>15</ele>
</trkpt>
<trkpt lat="-35.631117000" lon="138.106782000">
<ele>15</ele>
</trkpt>
<trkpt lat="-35.631133000" lon="138.106808000">
<ele>15</ele>
</trkpt>
<trkpt lat="-35.631148000" lon="138.106835000">
<ele>15</ele>
</trkpt>
<trkpt lat="-35.631158000" lon="138.106863000">
<ele>15</ele>
</trkpt>
<trkpt lat="-35.631162000" lon="138.106876000">
<ele>15</ele>
</trkpt>
<trkpt lat="-35.631165000" lon="138.106888000">
<ele>15</ele>
</trkpt>
<trkpt lat="-35.631174000" lon="138.106913000">
<ele>15</ele>
</trkpt>
<trkpt lat="-35.631181000" lon="138.106954000">
<ele>15</ele>
</trkpt>
<trkpt lat="-35.631182000" lon="138.106960000">
<ele>15</ele>
</trkpt>
<trkpt lat="-35.631184000" lon="138.106986000">
<ele>15</ele>
</trkpt>
<trkpt lat="-35.631186000" lon="138.107011000">
<ele>15</ele>
</trkpt>
<trkpt lat="-35.631186000" lon="138.107038000">
<ele>16</ele>
</trkpt>
<trkpt lat="-35.631191000" lon="138.107062000">
<ele>16</ele>
</trkpt>
<trkpt lat="-35.631192000" lon="138.107088000">
<ele>16</ele>
</trkpt>
<trkpt lat="-35.631194000" lon="138.107116000">
<ele>16</ele>
</trkpt>
<trkpt lat="-35.631197000" lon="138.107140000">
<ele>16</ele>
</trkpt>
<trkpt lat="-35.631194000" lon="138.107168000">
<ele>16</ele>
</trkpt>
<trkpt lat="-35.631192000" lon="138.107183000">
<ele>16</ele>
</trkpt>
<trkpt lat="-35.631190000" lon="138.107196000">
<ele>16</ele>
</trkpt>
<trkpt lat="-35.631185000" lon="138.107226000">
<ele>17</ele>
</trkpt>
<trkpt lat="-35.631183000" lon="138.107241000">
<ele>17</ele>
</trkpt>
<trkpt lat="-35.631181000" lon="138.107256000">
<ele>17</ele>
</trkpt>
<trkpt lat="-35.631174000" lon="138.107286000">
<ele>17</ele>
</trkpt>
<trkpt lat="-35.631169000" lon="138.107316000">
<ele>17</ele>
</trkpt>
<trkpt lat="-35.631164000" lon="138.107347000">
<ele>17</ele>
</trkpt>
<trkpt lat="-35.631160000" lon="138.107379000">
<ele>17</ele>
</trkpt>
<trkpt lat="-35.631157000" lon="138.107411000">
<ele>17</ele>
</trkpt>
<trkpt lat="-35.631158000" lon="138.107442000">
<ele>17</ele>
</trkpt>
<trkpt lat="-35.631164000" lon="138.107473000">
<ele>16</ele>
</trkpt>
<trkpt lat="-35.631174000" lon="138.107503000">
<ele>16</ele>
</trkpt>
<trkpt lat="-35.631183000" lon="138.107531000">
<ele>16</ele>
</trkpt>
<trkpt lat="-35.631194000" lon="138.107560000">
<ele>16</ele>
</trkpt>
<trkpt lat="-35.631202000" lon="138.107592000">
<ele>16</ele>
</trkpt>
<trkpt lat="-35.631211000" lon="138.107621000">
<ele>16</ele>
</trkpt>
<trkpt lat="-35.631222000" lon="138.107653000">
<ele>16</ele>
</trkpt>
<trkpt lat="-35.631232000" lon="138.107682000">
<ele>16</ele>
</trkpt>
<trkpt lat="-35.631244000" lon="138.107712000">
<ele>16</ele>
</trkpt>
<trkpt lat="-35.631252000" lon="138.107745000">
<ele>15</ele>
</trkpt>
<trkpt lat="-35.631259000" lon="138.107775000">
<ele>15</ele>
</trkpt>
<trkpt lat="-35.631263000" lon="138.107806000">
<ele>15</ele>
</trkpt>
<trkpt lat="-35.631263000" lon="138.107837000">
<ele>15</ele>
</trkpt>
<trkpt lat="-35.631266000" lon="138.107866000">
<ele>15</ele>
</trkpt>
<trkpt lat="-35.631265000" lon="138.107897000">
<ele>15</ele>
</trkpt>
<trkpt lat="-35.631262000" lon="138.107928000">
<ele>15</ele>
</trkpt>
<trkpt lat="-35.631258000" lon="138.107958000">
<ele>15</ele>
</trkpt>
<trkpt lat="-35.631255000" lon="138.107990000">
<ele>15</ele>
</trkpt>
<trkpt lat="-35.631252000" lon="138.108022000">
<ele>15</ele>
</trkpt>
<trkpt lat="-35.631250000" lon="138.108051000">
<ele>15</ele>
</trkpt>
<trkpt lat="-35.631248000" lon="138.108080000">
<ele>15</ele>
</trkpt>
<trkpt lat="-35.631247000" lon="138.108094000">
<ele>15</ele>
</trkpt>
<trkpt lat="-35.631249000" lon="138.108107000">
<ele>15</ele>
</trkpt>
<trkpt lat="-35.631255000" lon="138.108135000">
<ele>14</ele>
</trkpt>
<trkpt lat="-35.631264000" lon="138.108164000">
<ele>14</ele>
</trkpt>
<trkpt lat="-35.631268000" lon="138.108194000">
<ele>14</ele>
</trkpt>
<trkpt lat="-35.631271000" lon="138.108223000">
<ele>14</ele>
</trkpt>
<trkpt lat="-35.631273000" lon="138.108253000">
<ele>14</ele>
</trkpt>
<trkpt lat="-35.631272000" lon="138.108284000">
<ele>14</ele>
</trkpt>
<trkpt lat="-35.631268000" lon="138.108313000">
<ele>14</ele>
</trkpt>
<trkpt lat="-35.631263000" lon="138.108343000">
<ele>14</ele>
</trkpt>
<trkpt lat="-35.631254000" lon="138.108374000">
<ele>15</ele>
</trkpt>
<trkpt lat="-35.631246000" lon="138.108404000">
<ele>15</ele>
</trkpt>
<trkpt lat="-35.631238000" lon="138.108433000">
<ele>15</ele>
</trkpt>
<trkpt lat="-35.631231000" lon="138.108460000">
<ele>15</ele>
</trkpt>
<trkpt lat="-35.631221000" lon="138.108486000">
<ele>15</ele>
</trkpt>
<trkpt lat="-35.631212000" lon="138.108513000">
<ele>15</ele>
</trkpt>
<trkpt lat="-35.631204000" lon="138.108540000">
<ele>15</ele>
</trkpt>
<trkpt lat="-35.631201000" lon="138.108554000">
<ele>15</ele>
</trkpt>
<trkpt lat="-35.631193000" lon="138.108582000">
<ele>15</ele>
</trkpt>
<trkpt lat="-35.631190000" lon="138.108597000">
<ele>15</ele>
</trkpt>
<trkpt lat="-35.631185000" lon="138.108626000">
<ele>16</ele>
</trkpt>
<trkpt lat="-35.631190000" lon="138.108655000">
<ele>16</ele>
</trkpt>
<trkpt lat="-35.631194000" lon="138.108686000">
<ele>16</ele>
</trkpt>
<trkpt lat="-35.631201000" lon="138.108717000">
<ele>16</ele>
</trkpt>
<trkpt lat="-35.631208000" lon="138.108747000">
<ele>16</ele>
</trkpt>
<trkpt lat="-35.631216000" lon="138.108775000">
<ele>16</ele>
</trkpt>
<trkpt lat="-35.631224000" lon="138.108805000">
<ele>16</ele>
</trkpt>
<trkpt lat="-35.631230000" lon="138.108835000">
<ele>16</ele>
</trkpt>
<trkpt lat="-35.631235000" lon="138.108867000">
<ele>16</ele>
</trkpt>
<trkpt lat="-35.631240000" lon="138.108898000">
<ele>16</ele>
</trkpt>
<trkpt lat="-35.631245000" lon="138.108929000">
<ele>16</ele>
</trkpt>
<trkpt lat="-35.631250000" lon="138.108960000">
<ele>16</ele>
</trkpt>
<trkpt lat="-35.631254000" lon="138.108991000">
<ele>16</ele>
</trkpt>
<trkpt lat="-35.631259000" lon="138.109021000">
<ele>16</ele>
</trkpt>
<trkpt lat="-35.631267000" lon="138.109052000">
<ele>16</ele>
</trkpt>
<trkpt lat="-35.631277000" lon="138.109080000">
<ele>15</ele>
</trkpt>
<trkpt lat="-35.631287000" lon="138.109108000">
<ele>15</ele>
</trkpt>
<trkpt lat="-35.631299000" lon="138.109137000">
<ele>15</ele>
</trkpt>
<trkpt lat="-35.631311000" lon="138.109165000">
<ele>15</ele>
</trkpt>
<trkpt lat="-35.631320000" lon="138.109216000">
<ele>15</ele>
</trkpt>
<trkpt lat="-35.631330000" lon="138.109250000">
<ele>15</ele>
</trkpt>
<trkpt lat="-35.631338000" lon="138.109260000">
<ele>15</ele>
</trkpt>
<trkpt lat="-35.631349000" lon="138.109273000">
<ele>15</ele>
</trkpt>
<trkpt lat="-35.631381000" lon="138.109286000">
<ele>15</ele>
</trkpt>
<trkpt lat="-35.631396000" lon="138.109308000">
<ele>14</ele>
</trkpt>
<trkpt lat="-35.631409000" lon="138.109332000">
<ele>14</ele>
</trkpt>
<trkpt lat="-35.631423000" lon="138.109354000">
<ele>14</ele>
</trkpt>
<trkpt lat="-35.631438000" lon="138.109378000">
<ele>14</ele>
</trkpt>
<trkpt lat="-35.631449000" lon="138.109403000">
<ele>14</ele>
</trkpt>
<trkpt lat="-35.631498000" lon="138.109466000">
<ele>13</ele>
</trkpt>
<trkpt lat="-35.631509000" lon="138.109494000">
<ele>13</ele>
</trkpt>
<trkpt lat="-35.631513000" lon="138.109520000">
<ele>13</ele>
</trkpt>
<trkpt lat="-35.631512000" lon="138.109555000">
<ele>13</ele>
</trkpt>
<trkpt lat="-35.631521000" lon="138.109576000">
<ele>13</ele>
</trkpt>
<trkpt lat="-35.631534000" lon="138.109601000">
<ele>13</ele>
</trkpt>
<trkpt lat="-35.631550000" lon="138.109606000">
<ele>13</ele>
</trkpt>
<trkpt lat="-35.631564000" lon="138.109626000">
<ele>13</ele>
</trkpt>
<trkpt lat="-35.631576000" lon="138.109654000">
<ele>12</ele>
</trkpt>
<trkpt lat="-35.631606000" lon="138.109714000">
<ele>12</ele>
</trkpt>
<trkpt lat="-35.631621000" lon="138.109762000">
<ele>12</ele>
</trkpt>
<trkpt lat="-35.631631000" lon="138.109786000">
<ele>12</ele>
</trkpt>
<trkpt lat="-35.631641000" lon="138.109820000">
<ele>12</ele>
</trkpt>
<trkpt lat="-35.631652000" lon="138.109849000">
<ele>12</ele>
</trkpt>
<trkpt lat="-35.631663000" lon="138.109878000">
<ele>12</ele>
</trkpt>
<trkpt lat="-35.631691000" lon="138.109930000">
<ele>12</ele>
</trkpt>
<trkpt lat="-35.631691000" lon="138.109964000">
<ele>12</ele>
</trkpt>
<trkpt lat="-35.631696000" lon="138.109994000">
<ele>12</ele>
</trkpt>
<trkpt lat="-35.631702000" lon="138.110022000">
<ele>12</ele>
</trkpt>
<trkpt lat="-35.631710000" lon="138.110048000">
<ele>12</ele>
</trkpt>
<trkpt lat="-35.631715000" lon="138.110071000">
<ele>13</ele>
</trkpt>
<trkpt lat="-35.631730000" lon="138.110118000">
<ele>13</ele>
</trkpt>
<trkpt lat="-35.631742000" lon="138.110142000">
<ele>13</ele>
</trkpt>
<trkpt lat="-35.631754000" lon="138.110169000">
<ele>13</ele>
</trkpt>
<trkpt lat="-35.631766000" lon="138.110196000">
<ele>14</ele>
</trkpt>
<trkpt lat="-35.631778000" lon="138.110223000">
<ele>14</ele>
</trkpt>
<trkpt lat="-35.631794000" lon="138.110251000">
<ele>14</ele>
</trkpt>
<trkpt lat="-35.631807000" lon="138.110279000">
<ele>14</ele>
</trkpt>
<trkpt lat="-35.631818000" lon="138.110309000">
<ele>14</ele>
</trkpt>
<trkpt lat="-35.631829000" lon="138.110338000">
<ele>14</ele>
</trkpt>
<trkpt lat="-35.631836000" lon="138.110370000">
<ele>14</ele>
</trkpt>
<trkpt lat="-35.631840000" lon="138.110399000">
<ele>14</ele>
</trkpt>
<trkpt lat="-35.631852000" lon="138.110425000">
<ele>14</ele>
</trkpt>
<trkpt lat="-35.631863000" lon="138.110454000">
<ele>14</ele>
</trkpt>
<trkpt lat="-35.631860000" lon="138.110483000">
<ele>14</ele>
</trkpt>
<trkpt lat="-35.631859000" lon="138.110515000">
<ele>14</ele>
</trkpt>
<trkpt lat="-35.631858000" lon="138.110546000">
<ele>15</ele>
</trkpt>
<trkpt lat="-35.631854000" lon="138.110578000">
<ele>15</ele>
</trkpt>
<trkpt lat="-35.631847000" lon="138.110607000">
<ele>15</ele>
</trkpt>
<trkpt lat="-35.631845000" lon="138.110638000">
<ele>15</ele>
</trkpt>
<trkpt lat="-35.631847000" lon="138.110668000">
<ele>14</ele>
</trkpt>
<trkpt lat="-35.631847000" lon="138.110703000">
<ele>14</ele>
</trkpt>
<trkpt lat="-35.631845000" lon="138.110735000">
<ele>14</ele>
</trkpt>
<trkpt lat="-35.631841000" lon="138.110767000">
<ele>14</ele>
</trkpt>
<trkpt lat="-35.631841000" lon="138.110796000">
<ele>14</ele>
</trkpt>
<trkpt lat="-35.631841000" lon="138.110825000">
<ele>14</ele>
</trkpt>
<trkpt lat="-35.631835000" lon="138.110854000">
<ele>14</ele>
</trkpt>
<trkpt lat="-35.631832000" lon="138.110874000">
<ele>14</ele>
</trkpt>
<trkpt lat="-35.631826000" lon="138.110903000">
<ele>14</ele>
</trkpt>
<trkpt lat="-35.631823000" lon="138.110933000">
<ele>14</ele>
</trkpt>
<trkpt lat="-35.631822000" lon="138.110963000">
<ele>14</ele>
</trkpt>
<trkpt lat="-35.631821000" lon="138.110990000">
<ele>14</ele>
</trkpt>
<trkpt lat="-35.631824000" lon="138.111015000">
<ele>14</ele>
</trkpt>
<trkpt lat="-35.631827000" lon="138.111040000">
<ele>14</ele>
</trkpt>
<trkpt lat="-35.631827000" lon="138.111067000">
<ele>14</ele>
</trkpt>
<trkpt lat="-35.631829000" lon="138.111093000">
<ele>14</ele>
</trkpt>
<trkpt lat="-35.631832000" lon="138.111118000">
<ele>14</ele>
</trkpt>
<trkpt lat="-35.631831000" lon="138.111142000">
<ele>14</ele>
</trkpt>
<trkpt lat="-35.631818000" lon="138.111169000">
<ele>14</ele>
</trkpt>
<trkpt lat="-35.631815000" lon="138.111194000">
<ele>14</ele>
</trkpt>
<trkpt lat="-35.631808000" lon="138.111218000">
<ele>14</ele>
</trkpt>
<trkpt lat="-35.631800000" lon="138.111241000">
<ele>15</ele>
</trkpt>
<trkpt lat="-35.631793000" lon="138.111262000">
<ele>15</ele>
</trkpt>
<trkpt lat="-35.631795000" lon="138.111283000">
<ele>15</ele>
</trkpt>
<trkpt lat="-35.631796000" lon="138.111308000">
<ele>15</ele>
</trkpt>
<trkpt lat="-35.631798000" lon="138.111332000">
<ele>15</ele>
</trkpt>
<trkpt lat="-35.631800000" lon="138.111355000">
<ele>15</ele>
</trkpt>
<trkpt lat="-35.631803000" lon="138.111377000">
<ele>15</ele>
</trkpt>
<trkpt lat="-35.631807000" lon="138.111398000">
<ele>14</ele>
</trkpt>
<trkpt lat="-35.631811000" lon="138.111423000">
<ele>14</ele>
</trkpt>
<trkpt lat="-35.631808000" lon="138.111444000">
<ele>14</ele>
</trkpt>
<trkpt lat="-35.631807000" lon="138.111461000">
<ele>14</ele>
</trkpt>
<trkpt lat="-35.631802000" lon="138.111475000">
<ele>14</ele>
</trkpt>
<trkpt lat="-35.631800000" lon="138.111490000">
<ele>14</ele>
</trkpt>
<trkpt lat="-35.631798000" lon="138.111502000">
<ele>14</ele>
</trkpt>
<trkpt lat="-35.631798000" lon="138.111513000">
<ele>14</ele>
</trkpt>
<trkpt lat="-35.631797000" lon="138.111524000">
<ele>14</ele>
</trkpt>
<trkpt lat="-35.631799000" lon="138.111534000">
<ele>14</ele>
</trkpt>
<trkpt lat="-35.631791000" lon="138.111549000">
<ele>15</ele>
</trkpt>
<trkpt lat="-35.631786000" lon="138.111569000">
<ele>15</ele>
</trkpt>
<trkpt lat="-35.631783000" lon="138.111589000">
<ele>15</ele>
</trkpt>
<trkpt lat="-35.631781000" lon="138.111611000">
<ele>15</ele>
</trkpt>
<trkpt lat="-35.631783000" lon="138.111638000">
<ele>15</ele>
</trkpt>
<trkpt lat="-35.631786000" lon="138.111664000">
<ele>14</ele>
</trkpt>
<trkpt lat="-35.631786000" lon="138.111678000">
<ele>14</ele>
</trkpt>
<trkpt lat="-35.631783000" lon="138.111702000">
<ele>14</ele>
</trkpt>
<trkpt lat="-35.631761000" lon="138.111743000">
<ele>15</ele>
</trkpt>
<trkpt lat="-35.631750000" lon="138.111768000">
<ele>15</ele>
</trkpt>
<trkpt lat="-35.631736000" lon="138.111797000">
<ele>16</ele>
</trkpt>
<trkpt lat="-35.631736000" lon="138.111825000">
<ele>16</ele>
</trkpt>
<trkpt lat="-35.631743000" lon="138.111851000">
<ele>15</ele>
</trkpt>
<trkpt lat="-35.631744000" lon="138.111876000">
<ele>15</ele>
</trkpt>
<trkpt lat="-35.631736000" lon="138.111907000">
<ele>16</ele>
</trkpt>
<trkpt lat="-35.631740000" lon="138.111934000">
<ele>15</ele>
</trkpt>
<trkpt lat="-35.631744000" lon="138.111957000">
<ele>15</ele>
</trkpt>
<trkpt lat="-35.631744000" lon="138.111987000">
<ele>15</ele>
</trkpt>
<trkpt lat="-35.631738000" lon="138.112015000">
<ele>15</ele>
</trkpt>
<trkpt lat="-35.631732000" lon="138.112043000">
<ele>16</ele>
</trkpt>
<trkpt lat="-35.631728000" lon="138.112057000">
<ele>16</ele>
</trkpt>
<trkpt lat="-35.631723000" lon="138.112085000">
<ele>16</ele>
</trkpt>
<trkpt lat="-35.631716000" lon="138.112142000">
<ele>16</ele>
</trkpt>
<trkpt lat="-35.631709000" lon="138.112208000">
<ele>16</ele>
</trkpt>
<trkpt lat="-35.631701000" lon="138.112282000">
<ele>16</ele>
</trkpt>
<trkpt lat="-35.631688000" lon="138.112340000">
<ele>16</ele>
</trkpt>
<trkpt lat="-35.631682000" lon="138.112380000">
<ele>16</ele>
</trkpt>
<trkpt lat="-35.631677000" lon="138.112412000">
<ele>16</ele>
</trkpt>
<trkpt lat="-35.631674000" lon="138.112444000">
<ele>16</ele>
</trkpt>
<trkpt lat="-35.631673000" lon="138.112473000">
<ele>16</ele>
</trkpt>
<trkpt lat="-35.631664000" lon="138.112504000">
<ele>16</ele>
</trkpt>
<trkpt lat="-35.631650000" lon="138.112542000">
<ele>16</ele>
</trkpt>
<trkpt lat="-35.631638000" lon="138.112587000">
<ele>16</ele>
</trkpt>
<trkpt lat="-35.631636000" lon="138.112626000">
<ele>16</ele>
</trkpt>
<trkpt lat="-35.631638000" lon="138.112657000">
<ele>16</ele>
</trkpt>
<trkpt lat="-35.631655000" lon="138.112697000">
<ele>15</ele>
</trkpt>
<trkpt lat="-35.631666000" lon="138.112726000">
<ele>15</ele>
</trkpt>
<trkpt lat="-35.631674000" lon="138.112757000">
<ele>15</ele>
</trkpt>
<trkpt lat="-35.631699000" lon="138.112797000">
<ele>14</ele>
</trkpt>
<trkpt lat="-35.631722000" lon="138.112833000">
<ele>14</ele>
</trkpt>
<trkpt lat="-35.631730000" lon="138.112863000">
<ele>13</ele>
</trkpt>
<trkpt lat="-35.631730000" lon="138.112906000">
<ele>14</ele>
</trkpt>
<trkpt lat="-35.631727000" lon="138.112964000">
<ele>14</ele>
</trkpt>
<trkpt lat="-35.631734000" lon="138.112992000">
<ele>13</ele>
</trkpt>
<trkpt lat="-35.631736000" lon="138.113023000">
<ele>13</ele>
</trkpt>
<trkpt lat="-35.631740000" lon="138.113054000">
<ele>13</ele>
</trkpt>
<trkpt lat="-35.631747000" lon="138.113075000">
<ele>13</ele>
</trkpt>
<trkpt lat="-35.631745000" lon="138.113094000">
<ele>13</ele>
</trkpt>
<trkpt lat="-35.631750000" lon="138.113126000">
<ele>13</ele>
</trkpt>
<trkpt lat="-35.631754000" lon="138.113158000">
<ele>13</ele>
</trkpt>
<trkpt lat="-35.631758000" lon="138.113188000">
<ele>13</ele>
</trkpt>
<trkpt lat="-35.631761000" lon="138.113221000">
<ele>13</ele>
</trkpt>
<trkpt lat="-35.631761000" lon="138.113251000">
<ele>13</ele>
</trkpt>
<trkpt lat="-35.631758000" lon="138.113281000">
<ele>13</ele>
</trkpt>
<trkpt lat="-35.631757000" lon="138.113312000">
<ele>13</ele>
</trkpt>
<trkpt lat="-35.631757000" lon="138.113340000">
<ele>13</ele>
</trkpt>
<trkpt lat="-35.631756000" lon="138.113367000">
<ele>13</ele>
</trkpt>
<trkpt lat="-35.631758000" lon="138.113395000">
<ele>13</ele>
</trkpt>
<trkpt lat="-35.631762000" lon="138.113426000">
<ele>13</ele>
</trkpt>
<trkpt lat="-35.631764000" lon="138.113456000">
<ele>13</ele>
</trkpt>
<trkpt lat="-35.631768000" lon="138.113488000">
<ele>13</ele>
</trkpt>
<trkpt lat="-35.631772000" lon="138.113518000">
<ele>13</ele>
</trkpt>
<trkpt lat="-35.631777000" lon="138.113552000">
<ele>13</ele>
</trkpt>
<trkpt lat="-35.631781000" lon="138.113586000">
<ele>13</ele>
</trkpt>
<trkpt lat="-35.631789000" lon="138.113618000">
<ele>13</ele>
</trkpt>
<trkpt lat="-35.631800000" lon="138.113649000">
<ele>13</ele>
</trkpt>
<trkpt lat="-35.631802000" lon="138.113679000">
<ele>13</ele>
</trkpt>
<trkpt lat="-35.631804000" lon="138.113706000">
<ele>13</ele>
</trkpt>
<trkpt lat="-35.631806000" lon="138.113731000">
<ele>13</ele>
</trkpt>
<trkpt lat="-35.631811000" lon="138.113757000">
<ele>13</ele>
</trkpt>
<trkpt lat="-35.631816000" lon="138.113772000">
<ele>14</ele>
</trkpt>
<trkpt lat="-35.631817000" lon="138.113782000">
<ele>14</ele>
</trkpt>
<trkpt lat="-35.631821000" lon="138.113801000">
<ele>14</ele>
</trkpt>
<trkpt lat="-35.631825000" lon="138.113828000">
<ele>14</ele>
</trkpt>
<trkpt lat="-35.631825000" lon="138.113860000">
<ele>14</ele>
</trkpt>
<trkpt lat="-35.631828000" lon="138.113887000">
<ele>14</ele>
</trkpt>
<trkpt lat="-35.631837000" lon="138.113915000">
<ele>14</ele>
</trkpt>
<trkpt lat="-35.631842000" lon="138.113945000">
<ele>14</ele>
</trkpt>
<trkpt lat="-35.631846000" lon="138.113975000">
<ele>14</ele>
</trkpt>
<trkpt lat="-35.631849000" lon="138.114007000">
<ele>14</ele>
</trkpt>
<trkpt lat="-35.631854000" lon="138.114036000">
<ele>14</ele>
</trkpt>
<trkpt lat="-35.631859000" lon="138.114063000">
<ele>14</ele>
</trkpt>
<trkpt lat="-35.631862000" lon="138.114091000">
<ele>14</ele>
</trkpt>
<trkpt lat="-35.631867000" lon="138.114118000">
<ele>14</ele>
</trkpt>
<trkpt lat="-35.631869000" lon="138.114151000">
<ele>15</ele>
</trkpt>
<trkpt lat="-35.631870000" lon="138.114183000">
<ele>15</ele>
</trkpt>
<trkpt lat="-35.631870000" lon="138.114214000">
<ele>15</ele>
</trkpt>
<trkpt lat="-35.631876000" lon="138.114245000">
<ele>15</ele>
</trkpt>
<trkpt lat="-35.631873000" lon="138.114337000">
<ele>15</ele>
</trkpt>
<trkpt lat="-35.631874000" lon="138.114393000">
<ele>15</ele>
</trkpt>
<trkpt lat="-35.631875000" lon="138.114448000">
<ele>15</ele>
</trkpt>
<trkpt lat="-35.631877000" lon="138.114503000">
<ele>15</ele>
</trkpt>
<trkpt lat="-35.631924000" lon="138.114612000">
<ele>14</ele>
</trkpt>
<trkpt lat="-35.631926000" lon="138.114667000">
<ele>14</ele>
</trkpt>
<trkpt lat="-35.631927000" lon="138.114722000">
<ele>14</ele>
</trkpt>
<trkpt lat="-35.631928000" lon="138.114777000">
<ele>15</ele>
</trkpt>
<trkpt lat="-35.631973000" lon="138.114775000">
<ele>14</ele>
</trkpt>
<trkpt lat="-35.632017000" lon="138.114719000">
<ele>13</ele>
</trkpt>
<trkpt lat="-35.632106000" lon="138.114660000">
<ele>11</ele>
</trkpt>
<trkpt lat="-35.632196000" lon="138.114657000">
<ele>10</ele>
</trkpt>
<trkpt lat="-35.632241000" lon="138.114655000">
<ele>10</ele>
</trkpt>
<trkpt lat="-35.632286000" lon="138.114654000">
<ele>10</ele>
</trkpt>
<trkpt lat="-35.632379000" lon="138.114761000">
<ele>10</ele>
</trkpt>
<trkpt lat="-35.632426000" lon="138.114870000">
<ele>10</ele>
</trkpt>
<trkpt lat="-35.632564000" lon="138.114975000">
<ele>8</ele>
</trkpt>
<trkpt lat="-35.632657000" lon="138.115082000">
<ele>7</ele>
</trkpt>
<trkpt lat="-35.632749000" lon="138.115189000">
<ele>6</ele>
</trkpt>
<trkpt lat="-35.632796000" lon="138.115243000">
<ele>5</ele>
</trkpt>
<trkpt lat="-35.632843000" lon="138.115351000">
<ele>5</ele>
</trkpt>
<trkpt lat="-35.632846000" lon="138.115462000">
<ele>5</ele>
</trkpt>
<trkpt lat="-35.632802000" lon="138.115518000">
<ele>6</ele>
</trkpt>
<trkpt lat="-35.632760000" lon="138.115630000">
<ele>7</ele>
</trkpt>
<trkpt lat="-35.632671000" lon="138.115689000">
<ele>9</ele>
</trkpt>
<trkpt lat="-35.632674000" lon="138.115799000">
<ele>11</ele>
</trkpt>
<trkpt lat="-35.632630000" lon="138.115856000">
<ele>12</ele>
</trkpt>
<trkpt lat="-35.632633000" lon="138.115966000">
<ele>15</ele>
</trkpt>
<trkpt lat="-35.632589000" lon="138.116023000">
<ele>16</ele>
</trkpt>
<trkpt lat="-35.632590000" lon="138.116078000">
<ele>17</ele>
</trkpt>
<trkpt lat="-35.632682000" lon="138.116130000">
<ele>18</ele>
</trkpt>
<trkpt lat="-35.632772000" lon="138.116127000">
<ele>18</ele>
</trkpt>
<trkpt lat="-35.632906000" lon="138.116067000">
<ele>14</ele>
</trkpt>
<trkpt lat="-35.633051000" lon="138.116010000">
<ele>10</ele>
</trkpt>
<trkpt lat="-35.633068000" lon="138.116034000">
<ele>10</ele>
</trkpt>
<trkpt lat="-35.633086000" lon="138.116058000">
<ele>10</ele>
</trkpt>
<trkpt lat="-35.633107000" lon="138.116080000">
<ele>10</ele>
</trkpt>
<trkpt lat="-35.633127000" lon="138.116099000">
<ele>10</ele>
</trkpt>
<trkpt lat="-35.633150000" lon="138.116115000">
<ele>10</ele>
</trkpt>
<trkpt lat="-35.633173000" lon="138.116134000">
<ele>10</ele>
</trkpt>
<trkpt lat="-35.633195000" lon="138.116147000">
<ele>10</ele>
</trkpt>
<trkpt lat="-35.633219000" lon="138.116164000">
<ele>10</ele>
</trkpt>
<trkpt lat="-35.633238000" lon="138.116186000">
<ele>10</ele>
</trkpt>
<trkpt lat="-35.633256000" lon="138.116209000">
<ele>10</ele>
</trkpt>
<trkpt lat="-35.633273000" lon="138.116236000">
<ele>10</ele>
</trkpt>
<trkpt lat="-35.633291000" lon="138.116262000">
<ele>10</ele>
</trkpt>
<trkpt lat="-35.633314000" lon="138.116282000">
<ele>10</ele>
</trkpt>
<trkpt lat="-35.633334000" lon="138.116303000">
<ele>10</ele>
</trkpt>
<trkpt lat="-35.633351000" lon="138.116330000">
<ele>10</ele>
</trkpt>
<trkpt lat="-35.633368000" lon="138.116357000">
<ele>10</ele>
</trkpt>
<trkpt lat="-35.633384000" lon="138.116382000">
<ele>10</ele>
</trkpt>
<trkpt lat="-35.633405000" lon="138.116408000">
<ele>10</ele>
</trkpt>
<trkpt lat="-35.633426000" lon="138.116433000">
<ele>10</ele>
</trkpt>
<trkpt lat="-35.633449000" lon="138.116454000">
<ele>10</ele>
</trkpt>
<trkpt lat="-35.633472000" lon="138.116472000">
<ele>10</ele>
</trkpt>
<trkpt lat="-35.633494000" lon="138.116490000">
<ele>10</ele>
</trkpt>
<trkpt lat="-35.633512000" lon="138.116512000">
<ele>10</ele>
</trkpt>
<trkpt lat="-35.633530000" lon="138.116542000">
<ele>11</ele>
</trkpt>
<trkpt lat="-35.633542000" lon="138.116572000">
<ele>11</ele>
</trkpt>
<trkpt lat="-35.633557000" lon="138.116601000">
<ele>11</ele>
</trkpt>
<trkpt lat="-35.633574000" lon="138.116626000">
<ele>11</ele>
</trkpt>
<trkpt lat="-35.633589000" lon="138.116653000">
<ele>11</ele>
</trkpt>
<trkpt lat="-35.633604000" lon="138.116676000">
<ele>11</ele>
</trkpt>
<trkpt lat="-35.633614000" lon="138.116696000">
<ele>12</ele>
</trkpt>
<trkpt lat="-35.633651000" lon="138.116728000">
<ele>12</ele>
</trkpt>
<trkpt lat="-35.633682000" lon="138.116734000">
<ele>12</ele>
</trkpt>
<trkpt lat="-35.633728000" lon="138.116706000">
<ele>11</ele>
</trkpt>
<trkpt lat="-35.633762000" lon="138.116690000">
<ele>11</ele>
</trkpt>
<trkpt lat="-35.633800000" lon="138.116687000">
<ele>10</ele>
</trkpt>
<trkpt lat="-35.633831000" lon="138.116687000">
<ele>10</ele>
</trkpt>
<trkpt lat="-35.633858000" lon="138.116691000">
<ele>10</ele>
</trkpt>
<trkpt lat="-35.633879000" lon="138.116696000">
<ele>10</ele>
</trkpt>
<trkpt lat="-35.633895000" lon="138.116715000">
<ele>10</ele>
</trkpt>
<trkpt lat="-35.633923000" lon="138.116721000">
<ele>10</ele>
</trkpt>
<trkpt lat="-35.633952000" lon="138.116731000">
<ele>10</ele>
</trkpt>
<trkpt lat="-35.633976000" lon="138.116736000">
<ele>10</ele>
</trkpt>
<trkpt lat="-35.633999000" lon="138.116740000">
<ele>10</ele>
</trkpt>
<trkpt lat="-35.634020000" lon="138.116728000">
<ele>9</ele>
</trkpt>
<trkpt lat="-35.634038000" lon="138.116711000">
<ele>8</ele>
</trkpt>
<trkpt lat="-35.634068000" lon="138.116709000">
<ele>8</ele>
</trkpt>
<trkpt lat="-35.634092000" lon="138.116709000">
<ele>8</ele>
</trkpt>
<trkpt lat="-35.634113000" lon="138.116723000">
<ele>8</ele>
</trkpt>
<trkpt lat="-35.634141000" lon="138.116736000">
<ele>8</ele>
</trkpt>
<trkpt lat="-35.634169000" lon="138.116740000">
<ele>8</ele>
</trkpt>
<trkpt lat="-35.634191000" lon="138.116742000">
<ele>7</ele>
</trkpt>
<trkpt lat="-35.634213000" lon="138.116746000">
<ele>7</ele>
</trkpt>
<trkpt lat="-35.634237000" lon="138.116766000">
<ele>7</ele>
</trkpt>
<trkpt lat="-35.634263000" lon="138.116790000">
<ele>8</ele>
</trkpt>
<trkpt lat="-35.634298000" lon="138.116813000">
<ele>8</ele>
</trkpt>
<trkpt lat="-35.634325000" lon="138.116837000">
<ele>8</ele>
</trkpt>
<trkpt lat="-35.634338000" lon="138.116866000">
<ele>8</ele>
</trkpt>
<trkpt lat="-35.634346000" lon="138.116898000">
<ele>9</ele>
</trkpt>
<trkpt lat="-35.634360000" lon="138.116931000">
<ele>9</ele>
</trkpt>
<trkpt lat="-35.634378000" lon="138.116968000">
<ele>9</ele>
</trkpt>
<trkpt lat="-35.634401000" lon="138.116991000">
<ele>9</ele>
</trkpt>
<trkpt lat="-35.634444000" lon="138.117013000">
<ele>9</ele>
</trkpt>
<trkpt lat="-35.634506000" lon="138.117049000">
<ele>9</ele>
</trkpt>
<trkpt lat="-35.634559000" lon="138.117075000">
<ele>9</ele>
</trkpt>
<trkpt lat="-35.634577000" lon="138.117091000">
<ele>9</ele>
</trkpt>
<trkpt lat="-35.634589000" lon="138.117121000">
<ele>10</ele>
</trkpt>
<trkpt lat="-35.634611000" lon="138.117144000">
<ele>10</ele>
</trkpt>
<trkpt lat="-35.634631000" lon="138.117157000">
<ele>10</ele>
</trkpt>
<trkpt lat="-35.634637000" lon="138.117180000">
<ele>10</ele>
</trkpt>
<trkpt lat="-35.634645000" lon="138.117214000">
<ele>11</ele>
</trkpt>
<trkpt lat="-35.634659000" lon="138.117241000">
<ele>11</ele>
</trkpt>
<trkpt lat="-35.634683000" lon="138.117264000">
<ele>11</ele>
</trkpt>
<trkpt lat="-35.634705000" lon="138.117282000">
<ele>12</ele>
</trkpt>
<trkpt lat="-35.634753000" lon="138.117280000">
<ele>11</ele>
</trkpt>
<trkpt lat="-35.634780000" lon="138.117277000">
<ele>11</ele>
</trkpt>
<trkpt lat="-35.634813000" lon="138.117281000">
<ele>11</ele>
</trkpt>
<trkpt lat="-35.634858000" lon="138.117296000">
<ele>12</ele>
</trkpt>
<trkpt lat="-35.634908000" lon="138.117342000">
<ele>13</ele>
</trkpt>
<trkpt lat="-35.634928000" lon="138.117369000">
<ele>13</ele>
</trkpt>
<trkpt lat="-35.634949000" lon="138.117391000">
<ele>14</ele>
</trkpt>
<trkpt lat="-35.634969000" lon="138.117427000">
<ele>15</ele>
</trkpt>
<trkpt lat="-35.634982000" lon="138.117452000">
<ele>16</ele>
</trkpt>
<trkpt lat="-35.634981000" lon="138.117487000">
<ele>17</ele>
</trkpt>
<trkpt lat="-35.634983000" lon="138.117511000">
<ele>17</ele>
</trkpt>
<trkpt lat="-35.634996000" lon="138.117537000">
<ele>18</ele>
</trkpt>
<trkpt lat="-35.635012000" lon="138.117555000">
<ele>18</ele>
</trkpt>
<trkpt lat="-35.635037000" lon="138.117567000">
<ele>19</ele>
</trkpt>
<trkpt lat="-35.635066000" lon="138.117572000">
<ele>19</ele>
</trkpt>
<trkpt lat="-35.635083000" lon="138.117578000">
<ele>19</ele>
</trkpt>
<trkpt lat="-35.635102000" lon="138.117591000">
<ele>20</ele>
</trkpt>
<trkpt lat="-35.635127000" lon="138.117591000">
<ele>20</ele>
</trkpt>
<trkpt lat="-35.635158000" lon="138.117574000">
<ele>20</ele>
</trkpt>
<trkpt lat="-35.635180000" lon="138.117565000">
<ele>19</ele>
</trkpt>
<trkpt lat="-35.635203000" lon="138.117556000">
<ele>19</ele>
</trkpt>
<trkpt lat="-35.635221000" lon="138.117554000">
<ele>19</ele>
</trkpt>
<trkpt lat="-35.635238000" lon="138.117556000">
<ele>20</ele>
</trkpt>
<trkpt lat="-35.635250000" lon="138.117561000">
<ele>20</ele>
</trkpt>
<trkpt lat="-35.635268000" lon="138.117571000">
<ele>20</ele>
</trkpt>
<trkpt lat="-35.635286000" lon="138.117572000">
<ele>20</ele>
</trkpt>
<trkpt lat="-35.635302000" lon="138.117571000">
<ele>20</ele>
</trkpt>
<trkpt lat="-35.635320000" lon="138.117575000">
<ele>20</ele>
</trkpt>
<trkpt lat="-35.635347000" lon="138.117580000">
<ele>20</ele>
</trkpt>
<trkpt lat="-35.635356000" lon="138.117583000">
<ele>20</ele>
</trkpt>
<trkpt lat="-35.635374000" lon="138.117588000">
<ele>20</ele>
</trkpt>
<trkpt lat="-35.635383000" lon="138.117592000">
<ele>20</ele>
</trkpt>
<trkpt lat="-35.635398000" lon="138.117604000">
<ele>20</ele>
</trkpt>
<trkpt lat="-35.635422000" lon="138.117615000">
<ele>20</ele>
</trkpt>
<trkpt lat="-35.635454000" lon="138.117631000">
<ele>20</ele>
</trkpt>
<trkpt lat="-35.635485000" lon="138.117648000">
<ele>20</ele>
</trkpt>
<trkpt lat="-35.635517000" lon="138.117667000">
<ele>20</ele>
</trkpt>
<trkpt lat="-35.635533000" lon="138.117681000">
<ele>21</ele>
</trkpt>
<trkpt lat="-35.635560000" lon="138.117708000">
<ele>21</ele>
</trkpt>
<trkpt lat="-35.635572000" lon="138.117722000">
<ele>21</ele>
</trkpt>
<trkpt lat="-35.635606000" lon="138.117749000">
<ele>22</ele>
</trkpt>
<trkpt lat="-35.635621000" lon="138.117765000">
<ele>22</ele>
</trkpt>
<trkpt lat="-35.635633000" lon="138.117779000">
<ele>22</ele>
</trkpt>
<trkpt lat="-35.635645000" lon="138.117797000">
<ele>22</ele>
</trkpt>
<trkpt lat="-35.635653000" lon="138.117805000">
<ele>22</ele>
</trkpt>
<trkpt lat="-35.635666000" lon="138.117817000">
<ele>22</ele>
</trkpt>
<trkpt lat="-35.635682000" lon="138.117826000">
<ele>22</ele>
</trkpt>
<trkpt lat="-35.635700000" lon="138.117835000">
<ele>22</ele>
</trkpt>
<trkpt lat="-35.635725000" lon="138.117853000">
<ele>22</ele>
</trkpt>
<trkpt lat="-35.635753000" lon="138.117874000">
<ele>22</ele>
</trkpt>
<trkpt lat="-35.635780000" lon="138.117897000">
<ele>23</ele>
</trkpt>
<trkpt lat="-35.635805000" lon="138.117915000">
<ele>23</ele>
</trkpt>
<trkpt lat="-35.635828000" lon="138.117933000">
<ele>23</ele>
</trkpt>
<trkpt lat="-35.635854000" lon="138.117945000">
<ele>23</ele>
</trkpt>
<trkpt lat="-35.635881000" lon="138.117956000">
<ele>23</ele>
</trkpt>
<trkpt lat="-35.635890000" lon="138.117963000">
<ele>24</ele>
</trkpt>
<trkpt lat="-35.635917000" lon="138.117985000">
<ele>24</ele>
</trkpt>
<trkpt lat="-35.635938000" lon="138.118001000">
<ele>24</ele>
</trkpt>
<trkpt lat="-35.635966000" lon="138.118019000">
<ele>25</ele>
</trkpt>
<trkpt lat="-35.635982000" lon="138.118029000">
<ele>25</ele>
</trkpt>
<trkpt lat="-35.635997000" lon="138.118036000">
<ele>25</ele>
</trkpt>
<trkpt lat="-35.636013000" lon="138.118041000">
<ele>25</ele>
</trkpt>
<trkpt lat="-35.636036000" lon="138.118047000">
<ele>25</ele>
</trkpt>
<trkpt lat="-35.636052000" lon="138.118051000">
<ele>25</ele>
</trkpt>
<trkpt lat="-35.636065000" lon="138.118059000">
<ele>25</ele>
</trkpt>
<trkpt lat="-35.636090000" lon="138.118080000">
<ele>25</ele>
</trkpt>
<trkpt lat="-35.636105000" lon="138.118093000">
<ele>26</ele>
</trkpt>
<trkpt lat="-35.636113000" lon="138.118098000">
<ele>26</ele>
</trkpt>
<trkpt lat="-35.636137000" lon="138.118116000">
<ele>26</ele>
</trkpt>
<trkpt lat="-35.636145000" lon="138.118122000">
<ele>25</ele>
</trkpt>
<trkpt lat="-35.636167000" lon="138.118142000">
<ele>26</ele>
</trkpt>
<trkpt lat="-35.636182000" lon="138.118151000">
<ele>25</ele>
</trkpt>
<trkpt lat="-35.636199000" lon="138.118161000">
<ele>25</ele>
</trkpt>
<trkpt lat="-35.636223000" lon="138.118180000">
<ele>25</ele>
</trkpt>
<trkpt lat="-35.636240000" lon="138.118195000">
<ele>25</ele>
</trkpt>
<trkpt lat="-35.636254000" lon="138.118212000">
<ele>25</ele>
</trkpt>
<trkpt lat="-35.636272000" lon="138.118224000">
<ele>25</ele>
</trkpt>
<trkpt lat="-35.636281000" lon="138.118230000">
<ele>25</ele>
</trkpt>
<trkpt lat="-35.636311000" lon="138.118244000">
<ele>25</ele>
</trkpt>
<trkpt lat="-35.636331000" lon="138.118256000">
<ele>25</ele>
</trkpt>
<trkpt lat="-35.636350000" lon="138.118271000">
<ele>25</ele>
</trkpt>
<trkpt lat="-35.636375000" lon="138.118295000">
<ele>25</ele>
</trkpt>
<trkpt lat="-35.636390000" lon="138.118313000">
<ele>26</ele>
</trkpt>
<trkpt lat="-35.636411000" lon="138.118342000">
<ele>26</ele>
</trkpt>
<trkpt lat="-35.636424000" lon="138.118360000">
<ele>25</ele>
</trkpt>
<trkpt lat="-35.636437000" lon="138.118380000">
<ele>25</ele>
</trkpt>
<trkpt lat="-35.636444000" lon="138.118388000">
<ele>25</ele>
</trkpt>
<trkpt lat="-35.636460000" lon="138.118404000">
<ele>25</ele>
</trkpt>
<trkpt lat="-35.636473000" lon="138.118420000">
<ele>25</ele>
</trkpt>
<trkpt lat="-35.636489000" lon="138.118441000">
<ele>25</ele>
</trkpt>
<trkpt lat="-35.636504000" lon="138.118457000">
<ele>25</ele>
</trkpt>
<trkpt lat="-35.636517000" lon="138.118477000">
<ele>25</ele>
</trkpt>
<trkpt lat="-35.636529000" lon="138.118496000">
<ele>25</ele>
</trkpt>
<trkpt lat="-35.636547000" lon="138.118508000">
<ele>24</ele>
</trkpt>
<trkpt lat="-35.636564000" lon="138.118526000">
<ele>24</ele>
</trkpt>
<trkpt lat="-35.636589000" lon="138.118551000">
<ele>24</ele>
</trkpt>
<trkpt lat="-35.636596000" lon="138.118560000">
<ele>24</ele>
</trkpt>
<trkpt lat="-35.636613000" lon="138.118574000">
<ele>24</ele>
</trkpt>
<trkpt lat="-35.636630000" lon="138.118591000">
<ele>24</ele>
</trkpt>
<trkpt lat="-35.636636000" lon="138.118601000">
<ele>24</ele>
</trkpt>
<trkpt lat="-35.636651000" lon="138.118618000">
<ele>23</ele>
</trkpt>
<trkpt lat="-35.636664000" lon="138.118637000">
<ele>23</ele>
</trkpt>
<trkpt lat="-35.636671000" lon="138.118644000">
<ele>23</ele>
</trkpt>
<trkpt lat="-35.636680000" lon="138.118649000">
<ele>23</ele>
</trkpt>
<trkpt lat="-35.636697000" lon="138.118662000">
<ele>23</ele>
</trkpt>
<trkpt lat="-35.636709000" lon="138.118673000">
<ele>23</ele>
</trkpt>
<trkpt lat="-35.636722000" lon="138.118684000">
<ele>23</ele>
</trkpt>
<trkpt lat="-35.636738000" lon="138.118700000">
<ele>23</ele>
</trkpt>
<trkpt lat="-35.636751000" lon="138.118713000">
<ele>23</ele>
</trkpt>
<trkpt lat="-35.636761000" lon="138.118724000">
<ele>23</ele>
</trkpt>
<trkpt lat="-35.636768000" lon="138.118734000">
<ele>23</ele>
</trkpt>
<trkpt lat="-35.636785000" lon="138.118753000">
<ele>23</ele>
</trkpt>
<trkpt lat="-35.636800000" lon="138.118776000">
<ele>23</ele>
</trkpt>
<trkpt lat="-35.636809000" lon="138.118803000">
<ele>23</ele>
</trkpt>
<trkpt lat="-35.636811000" lon="138.118832000">
<ele>24</ele>
</trkpt>
<trkpt lat="-35.636824000" lon="138.118847000">
<ele>24</ele>
</trkpt>
<trkpt lat="-35.636838000" lon="138.118864000">
<ele>24</ele>
</trkpt>
<trkpt lat="-35.636854000" lon="138.118879000">
<ele>24</ele>
</trkpt>
<trkpt lat="-35.636869000" lon="138.118897000">
<ele>24</ele>
</trkpt>
<trkpt lat="-35.636882000" lon="138.118918000">
<ele>24</ele>
</trkpt>
<trkpt lat="-35.636898000" lon="138.118935000">
<ele>24</ele>
</trkpt>
<trkpt lat="-35.636911000" lon="138.118953000">
<ele>24</ele>
</trkpt>
<trkpt lat="-35.636933000" lon="138.118979000">
<ele>23</ele>
</trkpt>
<trkpt lat="-35.636939000" lon="138.118989000">
<ele>23</ele>
</trkpt>
<trkpt lat="-35.636957000" lon="138.119015000">
<ele>23</ele>
</trkpt>
<trkpt lat="-35.636968000" lon="138.119036000">
<ele>23</ele>
</trkpt>
<trkpt lat="-35.636981000" lon="138.119053000">
<ele>23</ele>
</trkpt>
<trkpt lat="-35.636993000" lon="138.119072000">
<ele>24</ele>
</trkpt>
<trkpt lat="-35.637008000" lon="138.119090000">
<ele>24</ele>
</trkpt>
<trkpt lat="-35.637017000" lon="138.119109000">
<ele>24</ele>
</trkpt>
<trkpt lat="-35.637037000" lon="138.119132000">
<ele>24</ele>
</trkpt>
<trkpt lat="-35.637054000" lon="138.119157000">
<ele>24</ele>
</trkpt>
<trkpt lat="-35.637066000" lon="138.119172000">
<ele>24</ele>
</trkpt>
<trkpt lat="-35.637082000" lon="138.119197000">
<ele>24</ele>
</trkpt>
<trkpt lat="-35.637085000" lon="138.119201000">
<ele>24</ele>
</trkpt>
<trkpt lat="-35.637092000" lon="138.119203000">
<ele>24</ele>
</trkpt>
<trkpt lat="-35.637104000" lon="138.119208000">
<ele>24</ele>
</trkpt>
<trkpt lat="-35.637116000" lon="138.119215000">
<ele>24</ele>
</trkpt>
<trkpt lat="-35.637141000" lon="138.119233000">
<ele>24</ele>
</trkpt>
<trkpt lat="-35.637152000" lon="138.119244000">
<ele>24</ele>
</trkpt>
<trkpt lat="-35.637160000" lon="138.119256000">
<ele>24</ele>
</trkpt>
<trkpt lat="-35.637168000" lon="138.119269000">
<ele>24</ele>
</trkpt>
<trkpt lat="-35.637175000" lon="138.119285000">
<ele>24</ele>
</trkpt>
<trkpt lat="-35.637182000" lon="138.119299000">
<ele>24</ele>
</trkpt>
<trkpt lat="-35.637190000" lon="138.119318000">
<ele>24</ele>
</trkpt>
<trkpt lat="-35.637196000" lon="138.119335000">
<ele>24</ele>
</trkpt>
<trkpt lat="-35.637210000" lon="138.119369000">
<ele>24</ele>
</trkpt>
<trkpt lat="-35.637222000" lon="138.119405000">
<ele>24</ele>
</trkpt>
<trkpt lat="-35.637233000" lon="138.119440000">
<ele>24</ele>
</trkpt>
<trkpt lat="-35.637244000" lon="138.119473000">
<ele>24</ele>
</trkpt>
<trkpt lat="-35.637248000" lon="138.119484000">
<ele>24</ele>
</trkpt>
<trkpt lat="-35.637255000" lon="138.119506000">
<ele>23</ele>
</trkpt>
<trkpt lat="-35.637266000" lon="138.119540000">
<ele>23</ele>
</trkpt>
<trkpt lat="-35.637277000" lon="138.119572000">
<ele>23</ele>
</trkpt>
<trkpt lat="-35.637286000" lon="138.119605000">
<ele>23</ele>
</trkpt>
<trkpt lat="-35.637294000" lon="138.119639000">
<ele>23</ele>
</trkpt>
<trkpt lat="-35.637297000" lon="138.119656000">
<ele>23</ele>
</trkpt>
<trkpt lat="-35.637302000" lon="138.119690000">
<ele>23</ele>
</trkpt>
<trkpt lat="-35.637306000" lon="138.119723000">
<ele>23</ele>
</trkpt>
<trkpt lat="-35.637310000" lon="138.119756000">
<ele>23</ele>
</trkpt>
<trkpt lat="-35.637314000" lon="138.119789000">
<ele>23</ele>
</trkpt>
<trkpt lat="-35.637317000" lon="138.119824000">
<ele>24</ele>
</trkpt>
<trkpt lat="-35.637319000" lon="138.119857000">
<ele>24</ele>
</trkpt>
<trkpt lat="-35.637322000" lon="138.119873000">
<ele>24</ele>
</trkpt>
<trkpt lat="-35.637325000" lon="138.119902000">
<ele>24</ele>
</trkpt>
<trkpt lat="-35.637330000" lon="138.119934000">
<ele>24</ele>
</trkpt>
<trkpt lat="-35.637335000" lon="138.119963000">
<ele>24</ele>
</trkpt>
<trkpt lat="-35.637338000" lon="138.119990000">
<ele>24</ele>
</trkpt>
<trkpt lat="-35.637341000" lon="138.120015000">
<ele>24</ele>
</trkpt>
<trkpt lat="-35.637344000" lon="138.120027000">
<ele>24</ele>
</trkpt>
<trkpt lat="-35.637347000" lon="138.120055000">
<ele>24</ele>
</trkpt>
<trkpt lat="-35.637352000" lon="138.120092000">
<ele>24</ele>
</trkpt>
<trkpt lat="-35.637355000" lon="138.120128000">
<ele>25</ele>
</trkpt>
<trkpt lat="-35.637359000" lon="138.120144000">
<ele>25</ele>
</trkpt>
<trkpt lat="-35.637363000" lon="138.120180000">
<ele>25</ele>
</trkpt>
<trkpt lat="-35.637361000" lon="138.120212000">
<ele>25</ele>
</trkpt>
<trkpt lat="-35.637360000" lon="138.120244000">
<ele>25</ele>
</trkpt>
<trkpt lat="-35.637358000" lon="138.120274000">
<ele>25</ele>
</trkpt>
<trkpt lat="-35.637356000" lon="138.120318000">
<ele>25</ele>
</trkpt>
<trkpt lat="-35.637355000" lon="138.120348000">
<ele>26</ele>
</trkpt>
<trkpt lat="-35.637352000" lon="138.120378000">
<ele>26</ele>
</trkpt>
<trkpt lat="-35.637345000" lon="138.120408000">
<ele>26</ele>
</trkpt>
<trkpt lat="-35.637339000" lon="138.120439000">
<ele>26</ele>
</trkpt>
<trkpt lat="-35.637337000" lon="138.120469000">
<ele>27</ele>
</trkpt>
<trkpt lat="-35.637338000" lon="138.120484000">
<ele>27</ele>
</trkpt>
<trkpt lat="-35.637340000" lon="138.120497000">
<ele>27</ele>
</trkpt>
<trkpt lat="-35.637345000" lon="138.120510000">
<ele>27</ele>
</trkpt>
<trkpt lat="-35.637353000" lon="138.120520000">
<ele>27</ele>
</trkpt>
<trkpt lat="-35.637371000" lon="138.120535000">
<ele>27</ele>
</trkpt>
<trkpt lat="-35.637380000" lon="138.120540000">
<ele>27</ele>
</trkpt>
<trkpt lat="-35.637395000" lon="138.120545000">
<ele>27</ele>
</trkpt>
<trkpt lat="-35.637413000" lon="138.120551000">
<ele>27</ele>
</trkpt>
<trkpt lat="-35.637431000" lon="138.120553000">
<ele>26</ele>
</trkpt>
<trkpt lat="-35.637476000" lon="138.120566000">
<ele>26</ele>
</trkpt>
<trkpt lat="-35.637504000" lon="138.120578000">
<ele>26</ele>
</trkpt>
<trkpt lat="-35.637536000" lon="138.120600000">
<ele>26</ele>
</trkpt>
<trkpt lat="-35.637588000" lon="138.120634000">
<ele>26</ele>
</trkpt>
<trkpt lat="-35.637633000" lon="138.120669000">
<ele>26</ele>
</trkpt>
<trkpt lat="-35.637664000" lon="138.120693000">
<ele>26</ele>
</trkpt>
<trkpt lat="-35.637689000" lon="138.120724000">
<ele>26</ele>
</trkpt>
<trkpt lat="-35.637718000" lon="138.120755000">
<ele>26</ele>
</trkpt>
<trkpt lat="-35.637753000" lon="138.120799000">
<ele>26</ele>
</trkpt>
<trkpt lat="-35.637789000" lon="138.120845000">
<ele>26</ele>
</trkpt>
<trkpt lat="-35.637831000" lon="138.120895000">
<ele>26</ele>
</trkpt>
<trkpt lat="-35.637862000" lon="138.120935000">
<ele>26</ele>
</trkpt>
<trkpt lat="-35.637885000" lon="138.120965000">
<ele>26</ele>
</trkpt>
<trkpt lat="-35.637916000" lon="138.121013000">
<ele>26</ele>
</trkpt>
<trkpt lat="-35.637947000" lon="138.121065000">
<ele>27</ele>
</trkpt>
<trkpt lat="-35.637976000" lon="138.121112000">
<ele>27</ele>
</trkpt>
<trkpt lat="-35.638007000" lon="138.121164000">
<ele>27</ele>
</trkpt>
<trkpt lat="-35.638048000" lon="138.121224000">
<ele>28</ele>
</trkpt>
<trkpt lat="-35.638089000" lon="138.121283000">
<ele>28</ele>
</trkpt>
<trkpt lat="-35.638129000" lon="138.121345000">
<ele>28</ele>
</trkpt>
<trkpt lat="-35.638164000" lon="138.121401000">
<ele>29</ele>
</trkpt>
<trkpt lat="-35.638199000" lon="138.121457000">
<ele>28</ele>
</trkpt>
<trkpt lat="-35.638232000" lon="138.121516000">
<ele>28</ele>
</trkpt>
<trkpt lat="-35.638268000" lon="138.121580000">
<ele>28</ele>
</trkpt>
<trkpt lat="-35.638296000" lon="138.121645000">
<ele>28</ele>
</trkpt>
<trkpt lat="-35.638339000" lon="138.121724000">
<ele>27</ele>
</trkpt>
<trkpt lat="-35.638376000" lon="138.121795000">
<ele>26</ele>
</trkpt>
<trkpt lat="-35.638412000" lon="138.121861000">
<ele>24</ele>
</trkpt>
<trkpt lat="-35.638446000" lon="138.121935000">
<ele>23</ele>
</trkpt>
<trkpt lat="-35.638490000" lon="138.122034000">
<ele>21</ele>
</trkpt>
<trkpt lat="-35.638523000" lon="138.122106000">
<ele>20</ele>
</trkpt>
<trkpt lat="-35.638550000" lon="138.122177000">
<ele>20</ele>
</trkpt>
<trkpt lat="-35.638577000" lon="138.122256000">
<ele>19</ele>
</trkpt>
<trkpt lat="-35.638592000" lon="138.122307000">
<ele>18</ele>
</trkpt>
<trkpt lat="-35.638607000" lon="138.122375000">
<ele>18</ele>
</trkpt>
<trkpt lat="-35.638639000" lon="138.122435000">
<ele>18</ele>
</trkpt>
<trkpt lat="-35.638667000" lon="138.122467000">
<ele>17</ele>
</trkpt>
<trkpt lat="-35.638687000" lon="138.122503000">
<ele>17</ele>
</trkpt>
<trkpt lat="-35.638706000" lon="138.122542000">
<ele>17</ele>
</trkpt>
<trkpt lat="-35.638719000" lon="138.122582000">
<ele>17</ele>
</trkpt>
<trkpt lat="-35.638726000" lon="138.122627000">
<ele>17</ele>
</trkpt>
<trkpt lat="-35.638729000" lon="138.122676000">
<ele>17</ele>
</trkpt>
<trkpt lat="-35.638727000" lon="138.122725000">
<ele>17</ele>
</trkpt>
<trkpt lat="-35.638726000" lon="138.122777000">
<ele>18</ele>
</trkpt>
<trkpt lat="-35.638717000" lon="138.122829000">
<ele>18</ele>
</trkpt>
<trkpt lat="-35.638700000" lon="138.122887000">
<ele>18</ele>
</trkpt>
<trkpt lat="-35.638688000" lon="138.122931000">
<ele>18</ele>
</trkpt>
<trkpt lat="-35.638675000" lon="138.122993000">
<ele>18</ele>
</trkpt>
<trkpt lat="-35.638649000" lon="138.123075000">
<ele>18</ele>
</trkpt>
<trkpt lat="-35.638634000" lon="138.123135000">
<ele>18</ele>
</trkpt>
<trkpt lat="-35.638616000" lon="138.123208000">
<ele>18</ele>
</trkpt>
<trkpt lat="-35.638596000" lon="138.123266000">
<ele>19</ele>
</trkpt>
<trkpt lat="-35.638585000" lon="138.123306000">
<ele>19</ele>
</trkpt>
<trkpt lat="-35.638573000" lon="138.123341000">
<ele>19</ele>
</trkpt>
<trkpt lat="-35.638555000" lon="138.123388000">
<ele>19</ele>
</trkpt>
<trkpt lat="-35.638531000" lon="138.123434000">
<ele>19</ele>
</trkpt>
<trkpt lat="-35.638504000" lon="138.123475000">
<ele>20</ele>
</trkpt>
<trkpt lat="-35.638473000" lon="138.123512000">
<ele>20</ele>
</trkpt>
<trkpt lat="-35.638450000" lon="138.123530000">
<ele>20</ele>
</trkpt>
<trkpt lat="-35.638418000" lon="138.123547000">
<ele>20</ele>
</trkpt>
<trkpt lat="-35.638378000" lon="138.123561000">
<ele>21</ele>
</trkpt>
<trkpt lat="-35.638327000" lon="138.123583000">
<ele>21</ele>
</trkpt>
<trkpt lat="-35.638272000" lon="138.123619000">
<ele>22</ele>
</trkpt>
<trkpt lat="-35.638235000" lon="138.123648000">
<ele>22</ele>
</trkpt>
<trkpt lat="-35.638211000" lon="138.123681000">
<ele>23</ele>
</trkpt>
<trkpt lat="-35.638194000" lon="138.123737000">
<ele>23</ele>
</trkpt>
<trkpt lat="-35.638194000" lon="138.123794000">
<ele>23</ele>
</trkpt>
<trkpt lat="-35.638209000" lon="138.123854000">
<ele>22</ele>
</trkpt>
<trkpt lat="-35.638246000" lon="138.123919000">
<ele>22</ele>
</trkpt>
<trkpt lat="-35.638276000" lon="138.123960000">
<ele>23</ele>
</trkpt>
<trkpt lat="-35.638326000" lon="138.123999000">
<ele>23</ele>
</trkpt>
<trkpt lat="-35.638369000" lon="138.124012000">
<ele>23</ele>
</trkpt>
<trkpt lat="-35.638410000" lon="138.124025000">
<ele>23</ele>
</trkpt>
<trkpt lat="-35.638451000" lon="138.124032000">
<ele>23</ele>
</trkpt>
<trkpt lat="-35.638501000" lon="138.124029000">
<ele>23</ele>
</trkpt>
<trkpt lat="-35.638555000" lon="138.124023000">
<ele>23</ele>
</trkpt>
<trkpt lat="-35.638607000" lon="138.124005000">
<ele>22</ele>
</trkpt>
<trkpt lat="-35.638666000" lon="138.123979000">
<ele>21</ele>
</trkpt>
<trkpt lat="-35.638725000" lon="138.123951000">
<ele>21</ele>
</trkpt>
<trkpt lat="-35.638780000" lon="138.123913000">
<ele>20</ele>
</trkpt>
<trkpt lat="-35.638836000" lon="138.123878000">
<ele>19</ele>
</trkpt>
<trkpt lat="-35.638898000" lon="138.123840000">
<ele>18</ele>
</trkpt>
<trkpt lat="-35.638968000" lon="138.123806000">
<ele>18</ele>
</trkpt>
<trkpt lat="-35.639044000" lon="138.123781000">
<ele>17</ele>
</trkpt>
<trkpt lat="-35.639121000" lon="138.123769000">
<ele>17</ele>
</trkpt>
<trkpt lat="-35.639188000" lon="138.123775000">
<ele>16</ele>
</trkpt>
<trkpt lat="-35.639252000" lon="138.123787000">
<ele>16</ele>
</trkpt>
<trkpt lat="-35.639304000" lon="138.123812000">
<ele>15</ele>
</trkpt>
<trkpt lat="-35.639364000" lon="138.123861000">
<ele>15</ele>
</trkpt>
<trkpt lat="-35.639429000" lon="138.123940000">
<ele>15</ele>
</trkpt>
<trkpt lat="-35.639494000" lon="138.124024000">
<ele>16</ele>
</trkpt>
<trkpt lat="-35.639560000" lon="138.124117000">
<ele>16</ele>
</trkpt>
<trkpt lat="-35.639618000" lon="138.124214000">
<ele>16</ele>
</trkpt>
<trkpt lat="-35.639683000" lon="138.124308000">
<ele>15</ele>
</trkpt>
<trkpt lat="-35.639753000" lon="138.124407000">
<ele>14</ele>
</trkpt>
<trkpt lat="-35.639826000" lon="138.124507000">
<ele>12</ele>
</trkpt>
<trkpt lat="-35.639897000" lon="138.124610000">
<ele>11</ele>
</trkpt>
<trkpt lat="-35.639961000" lon="138.124710000">
<ele>10</ele>
</trkpt>
<trkpt lat="-35.640014000" lon="138.124807000">
<ele>9</ele>
</trkpt>
<trkpt lat="-35.640054000" lon="138.124912000">
<ele>9</ele>
</trkpt>
<trkpt lat="-35.640070000" lon="138.125023000">
<ele>9</ele>
</trkpt>
<trkpt lat="-35.640071000" lon="138.125124000">
<ele>10</ele>
</trkpt>
<trkpt lat="-35.640047000" lon="138.125220000">
<ele>10</ele>
</trkpt>
<trkpt lat="-35.640020000" lon="138.125314000">
<ele>11</ele>
</trkpt>
<trkpt lat="-35.640013000" lon="138.125399000">
<ele>13</ele>
</trkpt>
<trkpt lat="-35.640040000" lon="138.125477000">
<ele>14</ele>
</trkpt>
<trkpt lat="-35.640101000" lon="138.125535000">
<ele>15</ele>
</trkpt>
<trkpt lat="-35.640175000" lon="138.125589000">
<ele>15</ele>
</trkpt>
<trkpt lat="-35.640254000" lon="138.125642000">
<ele>15</ele>
</trkpt>
<trkpt lat="-35.640323000" lon="138.125695000">
<ele>15</ele>
</trkpt>
<trkpt lat="-35.640390000" lon="138.125734000">
<ele>15</ele>
</trkpt>
<trkpt lat="-35.640468000" lon="138.125763000">
<ele>15</ele>
</trkpt>
<trkpt lat="-35.640547000" lon="138.125768000">
<ele>14</ele>
</trkpt>
<trkpt lat="-35.640624000" lon="138.125754000">
<ele>13</ele>
</trkpt>
<trkpt lat="-35.640702000" lon="138.125738000">
<ele>12</ele>
</trkpt>
<trkpt lat="-35.640779000" lon="138.125743000">
<ele>11</ele>
</trkpt>
<trkpt lat="-35.640844000" lon="138.125751000">
<ele>10</ele>
</trkpt>
<trkpt lat="-35.640908000" lon="138.125757000">
<ele>10</ele>
</trkpt>
<trkpt lat="-35.640973000" lon="138.125764000">
<ele>11</ele>
</trkpt>
<trkpt lat="-35.641039000" lon="138.125782000">
<ele>11</ele>
</trkpt>
<trkpt lat="-35.641096000" lon="138.125798000">
<ele>11</ele>
</trkpt>
<trkpt lat="-35.641156000" lon="138.125840000">
<ele>12</ele>
</trkpt>
<trkpt lat="-35.641206000" lon="138.125895000">
<ele>14</ele>
</trkpt>
<trkpt lat="-35.641244000" lon="138.125964000">
<ele>15</ele>
</trkpt>
<trkpt lat="-35.641269000" lon="138.126031000">
<ele>17</ele>
</trkpt>
<trkpt lat="-35.641285000" lon="138.126105000">
<ele>18</ele>
</trkpt>
<trkpt lat="-35.641285000" lon="138.126182000">
<ele>20</ele>
</trkpt>
<trkpt lat="-35.641271000" lon="138.126259000">
<ele>21</ele>
</trkpt>
<trkpt lat="-35.641252000" lon="138.126343000">
<ele>23</ele>
</trkpt>
<trkpt lat="-35.641235000" lon="138.126423000">
<ele>25</ele>
</trkpt>
<trkpt lat="-35.641222000" lon="138.126505000">
<ele>26</ele>
</trkpt>
<trkpt lat="-35.641227000" lon="138.126576000">
<ele>26</ele>
</trkpt>
<trkpt lat="-35.641250000" lon="138.126651000">
<ele>27</ele>
</trkpt>
<trkpt lat="-35.641290000" lon="138.126718000">
<ele>27</ele>
</trkpt>
<trkpt lat="-35.641316000" lon="138.126786000">
<ele>27</ele>
</trkpt>
<trkpt lat="-35.641339000" lon="138.126857000">
<ele>28</ele>
</trkpt>
<trkpt lat="-35.641367000" lon="138.126935000">
<ele>28</ele>
</trkpt>
<trkpt lat="-35.641397000" lon="138.127028000">
<ele>29</ele>
</trkpt>
<trkpt lat="-35.641471000" lon="138.127150000">
<ele>29</ele>
</trkpt>
<trkpt lat="-35.641501000" lon="138.127181000">
<ele>30</ele>
</trkpt>
<trkpt lat="-35.641560000" lon="138.127231000">
<ele>31</ele>
</trkpt>
<trkpt lat="-35.641630000" lon="138.127277000">
<ele>32</ele>
</trkpt>
<trkpt lat="-35.641692000" lon="138.127322000">
<ele>33</ele>
</trkpt>
<trkpt lat="-35.641762000" lon="138.127368000">
<ele>33</ele>
</trkpt>
<trkpt lat="-35.641830000" lon="138.127414000">
<ele>32</ele>
</trkpt>
<trkpt lat="-35.641901000" lon="138.127463000">
<ele>31</ele>
</trkpt>
<trkpt lat="-35.641962000" lon="138.127512000">
<ele>31</ele>
</trkpt>
<trkpt lat="-35.642019000" lon="138.127571000">
<ele>31</ele>
</trkpt>
<trkpt lat="-35.642072000" lon="138.127629000">
<ele>32</ele>
</trkpt>
<trkpt lat="-35.642124000" lon="138.127686000">
<ele>32</ele>
</trkpt>
<trkpt lat="-35.642165000" lon="138.127740000">
<ele>33</ele>
</trkpt>
<trkpt lat="-35.642194000" lon="138.127782000">
<ele>33</ele>
</trkpt>
<trkpt lat="-35.642229000" lon="138.127840000">
<ele>35</ele>
</trkpt>
<trkpt lat="-35.642258000" lon="138.127909000">
<ele>36</ele>
</trkpt>
<trkpt lat="-35.642287000" lon="138.127970000">
<ele>38</ele>
</trkpt>
<trkpt lat="-35.642310000" lon="138.128026000">
<ele>39</ele>
</trkpt>
<trkpt lat="-35.642330000" lon="138.128074000">
<ele>40</ele>
</trkpt>
<trkpt lat="-35.642341000" lon="138.128116000">
<ele>40</ele>
</trkpt>
<trkpt lat="-35.642350000" lon="138.128136000">
<ele>40</ele>
</trkpt>
<trkpt lat="-35.642359000" lon="138.128158000">
<ele>41</ele>
</trkpt>
<trkpt lat="-35.642369000" lon="138.128180000">
<ele>41</ele>
</trkpt>
<trkpt lat="-35.642380000" lon="138.128205000">
<ele>41</ele>
</trkpt>
<trkpt lat="-35.642391000" lon="138.128226000">
<ele>42</ele>
</trkpt>
<trkpt lat="-35.642406000" lon="138.128257000">
<ele>42</ele>
</trkpt>
<trkpt lat="-35.642412000" lon="138.128268000">
<ele>42</ele>
</trkpt>
<trkpt lat="-35.642424000" lon="138.128289000">
<ele>43</ele>
</trkpt>
<trkpt lat="-35.642436000" lon="138.128308000">
<ele>43</ele>
</trkpt>
<trkpt lat="-35.642449000" lon="138.128326000">
<ele>43</ele>
</trkpt>
<trkpt lat="-35.642463000" lon="138.128343000">
<ele>43</ele>
</trkpt>
<trkpt lat="-35.642481000" lon="138.128366000">
<ele>43</ele>
</trkpt>
<trkpt lat="-35.642488000" lon="138.128373000">
<ele>43</ele>
</trkpt>
<trkpt lat="-35.642507000" lon="138.128389000">
<ele>43</ele>
</trkpt>
<trkpt lat="-35.642527000" lon="138.128404000">
<ele>43</ele>
</trkpt>
<trkpt lat="-35.642549000" lon="138.128419000">
<ele>43</ele>
</trkpt>
<trkpt lat="-35.642572000" lon="138.128435000">
<ele>43</ele>
</trkpt>
<trkpt lat="-35.642595000" lon="138.128451000">
<ele>44</ele>
</trkpt>
<trkpt lat="-35.642616000" lon="138.128467000">
<ele>44</ele>
</trkpt>
<trkpt lat="-35.642636000" lon="138.128481000">
<ele>44</ele>
</trkpt>
<trkpt lat="-35.642653000" lon="138.128496000">
<ele>44</ele>
</trkpt>
<trkpt lat="-35.642660000" lon="138.128505000">
<ele>44</ele>
</trkpt>
<trkpt lat="-35.642674000" lon="138.128515000">
<ele>44</ele>
</trkpt>
<trkpt lat="-35.642684000" lon="138.128523000">
<ele>44</ele>
</trkpt>
<trkpt lat="-35.642706000" lon="138.128538000">
<ele>44</ele>
</trkpt>
<trkpt lat="-35.642726000" lon="138.128552000">
<ele>44</ele>
</trkpt>
<trkpt lat="-35.642747000" lon="138.128567000">
<ele>45</ele>
</trkpt>
<trkpt lat="-35.642758000" lon="138.128572000">
<ele>45</ele>
</trkpt>
<trkpt lat="-35.642781000" lon="138.128582000">
<ele>45</ele>
</trkpt>
<trkpt lat="-35.642804000" lon="138.128587000">
<ele>45</ele>
</trkpt>
<trkpt lat="-35.642825000" lon="138.128588000">
<ele>45</ele>
</trkpt>
<trkpt lat="-35.642836000" lon="138.128588000">
<ele>44</ele>
</trkpt>
<trkpt lat="-35.642844000" lon="138.128595000">
<ele>44</ele>
</trkpt>
<trkpt lat="-35.642852000" lon="138.128609000">
<ele>44</ele>
</trkpt>
<trkpt lat="-35.642865000" lon="138.128634000">
<ele>44</ele>
</trkpt>
<trkpt lat="-35.642877000" lon="138.128656000">
<ele>44</ele>
</trkpt>
<trkpt lat="-35.642890000" lon="138.128674000">
<ele>44</ele>
</trkpt>
<trkpt lat="-35.642914000" lon="138.128693000">
<ele>44</ele>
</trkpt>
<trkpt lat="-35.642933000" lon="138.128707000">
<ele>44</ele>
</trkpt>
<trkpt lat="-35.642949000" lon="138.128728000">
<ele>44</ele>
</trkpt>
<trkpt lat="-35.642955000" lon="138.128747000">
<ele>43</ele>
</trkpt>
<trkpt lat="-35.642961000" lon="138.128761000">
<ele>43</ele>
</trkpt>
<trkpt lat="-35.642974000" lon="138.128802000">
<ele>43</ele>
</trkpt>
<trkpt lat="-35.642979000" lon="138.128854000">
<ele>43</ele>
</trkpt>
<trkpt lat="-35.642981000" lon="138.128918000">
<ele>43</ele>
</trkpt>
<trkpt lat="-35.642979000" lon="138.128970000">
<ele>43</ele>
</trkpt>
<trkpt lat="-35.642978000" lon="138.129009000">
<ele>43</ele>
</trkpt>
<trkpt lat="-35.642978000" lon="138.129036000">
<ele>43</ele>
</trkpt>
<trkpt lat="-35.642976000" lon="138.129091000">
<ele>44</ele>
</trkpt>
<trkpt lat="-35.642976000" lon="138.129159000">
<ele>44</ele>
</trkpt>
<trkpt lat="-35.642971000" lon="138.129214000">
<ele>44</ele>
</trkpt>
<trkpt lat="-35.642965000" lon="138.129275000">
<ele>44</ele>
</trkpt>
<trkpt lat="-35.642959000" lon="138.129311000">
<ele>45</ele>
</trkpt>
<trkpt lat="-35.642952000" lon="138.129360000">
<ele>45</ele>
</trkpt>
<trkpt lat="-35.642947000" lon="138.129401000">
<ele>45</ele>
</trkpt>
<trkpt lat="-35.642941000" lon="138.129455000">
<ele>45</ele>
</trkpt>
<trkpt lat="-35.642933000" lon="138.129489000">
<ele>45</ele>
</trkpt>
<trkpt lat="-35.642917000" lon="138.129539000">
<ele>45</ele>
</trkpt>
<trkpt lat="-35.642903000" lon="138.129582000">
<ele>45</ele>
</trkpt>
<trkpt lat="-35.642896000" lon="138.129619000">
<ele>45</ele>
</trkpt>
<trkpt lat="-35.642885000" lon="138.129658000">
<ele>45</ele>
</trkpt>
<trkpt lat="-35.642875000" lon="138.129713000">
<ele>45</ele>
</trkpt>
<trkpt lat="-35.642864000" lon="138.129764000">
<ele>44</ele>
</trkpt>
<trkpt lat="-35.642859000" lon="138.129779000">
<ele>44</ele>
</trkpt>
<trkpt lat="-35.642844000" lon="138.129833000">
<ele>44</ele>
</trkpt>
<trkpt lat="-35.642826000" lon="138.129887000">
<ele>44</ele>
</trkpt>
<trkpt lat="-35.642816000" lon="138.129929000">
<ele>43</ele>
</trkpt>
<trkpt lat="-35.642808000" lon="138.129985000">
<ele>43</ele>
</trkpt>
<trkpt lat="-35.642800000" lon="138.130017000">
<ele>43</ele>
</trkpt>
<trkpt lat="-35.642787000" lon="138.130080000">
<ele>42</ele>
</trkpt>
<trkpt lat="-35.642778000" lon="138.130142000">
<ele>42</ele>
</trkpt>
<trkpt lat="-35.642762000" lon="138.130220000">
<ele>42</ele>
</trkpt>
<trkpt lat="-35.642752000" lon="138.130278000">
<ele>41</ele>
</trkpt>
<trkpt lat="-35.642741000" lon="138.130313000">
<ele>42</ele>
</trkpt>
<trkpt lat="-35.642752000" lon="138.130408000">
<ele>42</ele>
</trkpt>
<trkpt lat="-35.642758000" lon="138.130451000">
<ele>42</ele>
</trkpt>
<trkpt lat="-35.642804000" lon="138.130505000">
<ele>42</ele>
</trkpt>
<trkpt lat="-35.642852000" lon="138.130614000">
<ele>43</ele>
</trkpt>
<trkpt lat="-35.642900000" lon="138.130722000">
<ele>45</ele>
</trkpt>
<trkpt lat="-35.642902000" lon="138.130833000">
<ele>46</ele>
</trkpt>
<trkpt lat="-35.642950000" lon="138.130941000">
<ele>49</ele>
</trkpt>
<trkpt lat="-35.642953000" lon="138.131052000">
<ele>50</ele>
</trkpt>
<trkpt lat="-35.642955000" lon="138.131162000">
<ele>52</ele>
</trkpt>
<trkpt lat="-35.642958000" lon="138.131272000">
<ele>53</ele>
</trkpt>
<trkpt lat="-35.642961000" lon="138.131382000">
<ele>54</ele>
</trkpt>
<trkpt lat="-35.642963000" lon="138.131493000">
<ele>55</ele>
</trkpt>
<trkpt lat="-35.642921000" lon="138.131572000">
<ele>55</ele>
</trkpt>
<trkpt lat="-35.642920000" lon="138.131611000">
<ele>55</ele>
</trkpt>
<trkpt lat="-35.642919000" lon="138.131652000">
<ele>55</ele>
</trkpt>
<trkpt lat="-35.642921000" lon="138.131691000">
<ele>55</ele>
</trkpt>
<trkpt lat="-35.642924000" lon="138.131730000">
<ele>54</ele>
</trkpt>
<trkpt lat="-35.642929000" lon="138.131771000">
<ele>54</ele>
</trkpt>
<trkpt lat="-35.642934000" lon="138.131813000">
<ele>54</ele>
</trkpt>
<trkpt lat="-35.642937000" lon="138.131845000">
<ele>53</ele>
</trkpt>
<trkpt lat="-35.642947000" lon="138.131876000">
<ele>53</ele>
</trkpt>
<trkpt lat="-35.642957000" lon="138.131907000">
<ele>53</ele>
</trkpt>
<trkpt lat="-35.642968000" lon="138.131937000">
<ele>52</ele>
</trkpt>
<trkpt lat="-35.642983000" lon="138.131972000">
<ele>52</ele>
</trkpt>
<trkpt lat="-35.643000000" lon="138.132006000">
<ele>52</ele>
</trkpt>
<trkpt lat="-35.643020000" lon="138.132056000">
<ele>51</ele>
</trkpt>
<trkpt lat="-35.643034000" lon="138.132089000">
<ele>51</ele>
</trkpt>
<trkpt lat="-35.643040000" lon="138.132105000">
<ele>51</ele>
</trkpt>
<trkpt lat="-35.643063000" lon="138.132149000">
<ele>50</ele>
</trkpt>
<trkpt lat="-35.643080000" lon="138.132178000">
<ele>49</ele>
</trkpt>
<trkpt lat="-35.643102000" lon="138.132198000">
<ele>49</ele>
</trkpt>
<trkpt lat="-35.643108000" lon="138.132225000">
<ele>49</ele>
</trkpt>
<trkpt lat="-35.643124000" lon="138.132265000">
<ele>48</ele>
</trkpt>
<trkpt lat="-35.643136000" lon="138.132309000">
<ele>47</ele>
</trkpt>
<trkpt lat="-35.643150000" lon="138.132349000">
<ele>46</ele>
</trkpt>
<trkpt lat="-35.643159000" lon="138.132393000">
<ele>45</ele>
</trkpt>
<trkpt lat="-35.643163000" lon="138.132434000">
<ele>45</ele>
</trkpt>
<trkpt lat="-35.643167000" lon="138.132467000">
<ele>44</ele>
</trkpt>
<trkpt lat="-35.643170000" lon="138.132508000">
<ele>43</ele>
</trkpt>
<trkpt lat="-35.643177000" lon="138.132535000">
<ele>43</ele>
</trkpt>
<trkpt lat="-35.643180000" lon="138.132570000">
<ele>42</ele>
</trkpt>
<trkpt lat="-35.643183000" lon="138.132613000">
<ele>41</ele>
</trkpt>
<trkpt lat="-35.643185000" lon="138.132649000">
<ele>40</ele>
</trkpt>
<trkpt lat="-35.643183000" lon="138.132678000">
<ele>40</ele>
</trkpt>
<trkpt lat="-35.643178000" lon="138.132710000">
<ele>39</ele>
</trkpt>
<trkpt lat="-35.643165000" lon="138.132760000">
<ele>38</ele>
</trkpt>
<trkpt lat="-35.643158000" lon="138.132809000">
<ele>38</ele>
</trkpt>
<trkpt lat="-35.643154000" lon="138.132848000">
<ele>37</ele>
</trkpt>
<trkpt lat="-35.643146000" lon="138.132878000">
<ele>37</ele>
</trkpt>
<trkpt lat="-35.643139000" lon="138.132911000">
<ele>37</ele>
</trkpt>
<trkpt lat="-35.643137000" lon="138.132941000">
<ele>37</ele>
</trkpt>
<trkpt lat="-35.643135000" lon="138.132966000">
<ele>36</ele>
</trkpt>
<trkpt lat="-35.643136000" lon="138.133004000">
<ele>36</ele>
</trkpt>
<trkpt lat="-35.643138000" lon="138.133050000">
<ele>35</ele>
</trkpt>
<trkpt lat="-35.643144000" lon="138.133124000">
<ele>35</ele>
</trkpt>
<trkpt lat="-35.643141000" lon="138.133163000">
<ele>35</ele>
</trkpt>
<trkpt lat="-35.643153000" lon="138.133211000">
<ele>35</ele>
</trkpt>
<trkpt lat="-35.643157000" lon="138.133243000">
<ele>35</ele>
</trkpt>
<trkpt lat="-35.643152000" lon="138.133275000">
<ele>36</ele>
</trkpt>
<trkpt lat="-35.643151000" lon="138.133300000">
<ele>36</ele>
</trkpt>
<trkpt lat="-35.643154000" lon="138.133321000">
<ele>36</ele>
</trkpt>
<trkpt lat="-35.643156000" lon="138.133347000">
<ele>36</ele>
</trkpt>
<trkpt lat="-35.643157000" lon="138.133375000">
<ele>36</ele>
</trkpt>
<trkpt lat="-35.643158000" lon="138.133391000">
<ele>37</ele>
</trkpt>
<trkpt lat="-35.643168000" lon="138.133406000">
<ele>37</ele>
</trkpt>
<trkpt lat="-35.643180000" lon="138.133424000">
<ele>37</ele>
</trkpt>
<trkpt lat="-35.643191000" lon="138.133448000">
<ele>38</ele>
</trkpt>
<trkpt lat="-35.643200000" lon="138.133478000">
<ele>38</ele>
</trkpt>
<trkpt lat="-35.643210000" lon="138.133501000">
<ele>39</ele>
</trkpt>
<trkpt lat="-35.643224000" lon="138.133528000">
<ele>39</ele>
</trkpt>
<trkpt lat="-35.643236000" lon="138.133564000">
<ele>40</ele>
</trkpt>
<trkpt lat="-35.643234000" lon="138.133603000">
<ele>40</ele>
</trkpt>
<trkpt lat="-35.643229000" lon="138.133647000">
<ele>41</ele>
</trkpt>
<trkpt lat="-35.643224000" lon="138.133699000">
<ele>42</ele>
</trkpt>
<trkpt lat="-35.643228000" lon="138.133758000">
<ele>44</ele>
</trkpt>
<trkpt lat="-35.643220000" lon="138.133801000">
<ele>44</ele>
</trkpt>
<trkpt lat="-35.643210000" lon="138.133853000">
<ele>45</ele>
</trkpt>
<trkpt lat="-35.643205000" lon="138.133904000">
<ele>46</ele>
</trkpt>
<trkpt lat="-35.643210000" lon="138.133944000">
<ele>47</ele>
</trkpt>
<trkpt lat="-35.643220000" lon="138.133989000">
<ele>47</ele>
</trkpt>
<trkpt lat="-35.643221000" lon="138.134029000">
<ele>48</ele>
</trkpt>
<trkpt lat="-35.643223000" lon="138.134078000">
<ele>48</ele>
</trkpt>
<trkpt lat="-35.643220000" lon="138.134130000">
<ele>49</ele>
</trkpt>
<trkpt lat="-35.643215000" lon="138.134173000">
<ele>50</ele>
</trkpt>
<trkpt lat="-35.643217000" lon="138.134208000">
<ele>50</ele>
</trkpt>
<trkpt lat="-35.643219000" lon="138.134245000">
<ele>50</ele>
</trkpt>
<trkpt lat="-35.643220000" lon="138.134290000">
<ele>51</ele>
</trkpt>
<trkpt lat="-35.643229000" lon="138.134325000">
<ele>52</ele>
</trkpt>
<trkpt lat="-35.643237000" lon="138.134368000">
<ele>52</ele>
</trkpt>
<trkpt lat="-35.643237000" lon="138.134372000">
<ele>52</ele>
</trkpt>
<trkpt lat="-35.643240000" lon="138.134403000">
<ele>52</ele>
</trkpt>
<trkpt lat="-35.643240000" lon="138.134437000">
<ele>53</ele>
</trkpt>
<trkpt lat="-35.643243000" lon="138.134469000">
<ele>53</ele>
</trkpt>
<trkpt lat="-35.643247000" lon="138.134515000">
<ele>54</ele>
</trkpt>
<trkpt lat="-35.643254000" lon="138.134563000">
<ele>54</ele>
</trkpt>
<trkpt lat="-35.643258000" lon="138.134600000">
<ele>54</ele>
</trkpt>
<trkpt lat="-35.643259000" lon="138.134649000">
<ele>55</ele>
</trkpt>
<trkpt lat="-35.643260000" lon="138.134687000">
<ele>55</ele>
</trkpt>
<trkpt lat="-35.643266000" lon="138.134729000">
<ele>56</ele>
</trkpt>
<trkpt lat="-35.643269000" lon="138.134772000">
<ele>56</ele>
</trkpt>
<trkpt lat="-35.643273000" lon="138.134820000">
<ele>56</ele>
</trkpt>
<trkpt lat="-35.643273000" lon="138.134869000">
<ele>56</ele>
</trkpt>
<trkpt lat="-35.643271000" lon="138.134912000">
<ele>56</ele>
</trkpt>
<trkpt lat="-35.643269000" lon="138.134956000">
<ele>57</ele>
</trkpt>
<trkpt lat="-35.643271000" lon="138.134987000">
<ele>57</ele>
</trkpt>
<trkpt lat="-35.643273000" lon="138.135018000">
<ele>57</ele>
</trkpt>
<trkpt lat="-35.643276000" lon="138.135046000">
<ele>57</ele>
</trkpt>
<trkpt lat="-35.643280000" lon="138.135073000">
<ele>57</ele>
</trkpt>
<trkpt lat="-35.643280000" lon="138.135082000">
<ele>57</ele>
</trkpt>
<trkpt lat="-35.643279000" lon="138.135103000">
<ele>57</ele>
</trkpt>
<trkpt lat="-35.643282000" lon="138.135132000">
<ele>57</ele>
</trkpt>
<trkpt lat="-35.643283000" lon="138.135161000">
<ele>57</ele>
</trkpt>
<trkpt lat="-35.643285000" lon="138.135190000">
<ele>57</ele>
</trkpt>
<trkpt lat="-35.643288000" lon="138.135220000">
<ele>57</ele>
</trkpt>
<trkpt lat="-35.643291000" lon="138.135252000">
<ele>57</ele>
</trkpt>
<trkpt lat="-35.643291000" lon="138.135281000">
<ele>57</ele>
</trkpt>
<trkpt lat="-35.643295000" lon="138.135308000">
<ele>56</ele>
</trkpt>
<trkpt lat="-35.643298000" lon="138.135328000">
<ele>56</ele>
</trkpt>
<trkpt lat="-35.643299000" lon="138.135353000">
<ele>56</ele>
</trkpt>
<trkpt lat="-35.643306000" lon="138.135401000">
<ele>56</ele>
</trkpt>
<trkpt lat="-35.643311000" lon="138.135427000">
<ele>56</ele>
</trkpt>
<trkpt lat="-35.643315000" lon="138.135451000">
<ele>56</ele>
</trkpt>
<trkpt lat="-35.643319000" lon="138.135473000">
<ele>56</ele>
</trkpt>
<trkpt lat="-35.643320000" lon="138.135496000">
<ele>55</ele>
</trkpt>
<trkpt lat="-35.643318000" lon="138.135521000">
<ele>55</ele>
</trkpt>
<trkpt lat="-35.643316000" lon="138.135547000">
<ele>55</ele>
</trkpt>
<trkpt lat="-35.643311000" lon="138.135551000">
<ele>55</ele>
</trkpt>
<trkpt lat="-35.643301000" lon="138.135563000">
<ele>56</ele>
</trkpt>
<trkpt lat="-35.643289000" lon="138.135576000">
<ele>56</ele>
</trkpt>
<trkpt lat="-35.643281000" lon="138.135594000">
<ele>56</ele>
</trkpt>
<trkpt lat="-35.643271000" lon="138.135611000">
<ele>56</ele>
</trkpt>
<trkpt lat="-35.643260000" lon="138.135631000">
<ele>56</ele>
</trkpt>
<trkpt lat="-35.643248000" lon="138.135649000">
<ele>56</ele>
</trkpt>
<trkpt lat="-35.643236000" lon="138.135669000">
<ele>56</ele>
</trkpt>
<trkpt lat="-35.643224000" lon="138.135690000">
<ele>56</ele>
</trkpt>
<trkpt lat="-35.643212000" lon="138.135711000">
<ele>56</ele>
</trkpt>
<trkpt lat="-35.643200000" lon="138.135732000">
<ele>56</ele>
</trkpt>
<trkpt lat="-35.643188000" lon="138.135752000">
<ele>57</ele>
</trkpt>
<trkpt lat="-35.643176000" lon="138.135776000">
<ele>57</ele>
</trkpt>
<trkpt lat="-35.643161000" lon="138.135797000">
<ele>57</ele>
</trkpt>
<trkpt lat="-35.643150000" lon="138.135820000">
<ele>57</ele>
</trkpt>
<trkpt lat="-35.643137000" lon="138.135841000">
<ele>58</ele>
</trkpt>
<trkpt lat="-35.643122000" lon="138.135861000">
<ele>58</ele>
</trkpt>
<trkpt lat="-35.643110000" lon="138.135884000">
<ele>58</ele>
</trkpt>
<trkpt lat="-35.643098000" lon="138.135907000">
<ele>58</ele>
</trkpt>
<trkpt lat="-35.643087000" lon="138.135929000">
<ele>57</ele>
</trkpt>
<trkpt lat="-35.643074000" lon="138.135950000">
<ele>57</ele>
</trkpt>
<trkpt lat="-35.643060000" lon="138.135972000">
<ele>57</ele>
</trkpt>
<trkpt lat="-35.643047000" lon="138.135995000">
<ele>57</ele>
</trkpt>
<trkpt lat="-35.643039000" lon="138.136014000">
<ele>57</ele>
</trkpt>
<trkpt lat="-35.643026000" lon="138.136035000">
<ele>57</ele>
</trkpt>
<trkpt lat="-35.643014000" lon="138.136057000">
<ele>57</ele>
</trkpt>
<trkpt lat="-35.643000000" lon="138.136075000">
<ele>58</ele>
</trkpt>
<trkpt lat="-35.642988000" lon="138.136099000">
<ele>58</ele>
</trkpt>
<trkpt lat="-35.642979000" lon="138.136123000">
<ele>57</ele>
</trkpt>
<trkpt lat="-35.642967000" lon="138.136144000">
<ele>57</ele>
</trkpt>
<trkpt lat="-35.642954000" lon="138.136167000">
<ele>57</ele>
</trkpt>
<trkpt lat="-35.642943000" lon="138.136188000">
<ele>57</ele>
</trkpt>
<trkpt lat="-35.642933000" lon="138.136212000">
<ele>57</ele>
</trkpt>
<trkpt lat="-35.642922000" lon="138.136233000">
<ele>57</ele>
</trkpt>
<trkpt lat="-35.642909000" lon="138.136256000">
<ele>56</ele>
</trkpt>
<trkpt lat="-35.642900000" lon="138.136275000">
<ele>56</ele>
</trkpt>
<trkpt lat="-35.642890000" lon="138.136296000">
<ele>56</ele>
</trkpt>
<trkpt lat="-35.642881000" lon="138.136317000">
<ele>56</ele>
</trkpt>
<trkpt lat="-35.642871000" lon="138.136337000">
<ele>55</ele>
</trkpt>
<trkpt lat="-35.642863000" lon="138.136360000">
<ele>55</ele>
</trkpt>
<trkpt lat="-35.642852000" lon="138.136381000">
<ele>55</ele>
</trkpt>
<trkpt lat="-35.642845000" lon="138.136401000">
<ele>55</ele>
</trkpt>
<trkpt lat="-35.642833000" lon="138.136424000">
<ele>54</ele>
</trkpt>
<trkpt lat="-35.642821000" lon="138.136446000">
<ele>54</ele>
</trkpt>
<trkpt lat="-35.642811000" lon="138.136466000">
<ele>54</ele>
</trkpt>
<trkpt lat="-35.642799000" lon="138.136488000">
<ele>54</ele>
</trkpt>
<trkpt lat="-35.642788000" lon="138.136511000">
<ele>54</ele>
</trkpt>
<trkpt lat="-35.642774000" lon="138.136532000">
<ele>54</ele>
</trkpt>
<trkpt lat="-35.642764000" lon="138.136556000">
<ele>53</ele>
</trkpt>
<trkpt lat="-35.642749000" lon="138.136578000">
<ele>53</ele>
</trkpt>
<trkpt lat="-35.642734000" lon="138.136600000">
<ele>53</ele>
</trkpt>
<trkpt lat="-35.642722000" lon="138.136624000">
<ele>53</ele>
</trkpt>
<trkpt lat="-35.642709000" lon="138.136647000">
<ele>53</ele>
</trkpt>
<trkpt lat="-35.642696000" lon="138.136669000">
<ele>53</ele>
</trkpt>
<trkpt lat="-35.642683000" lon="138.136692000">
<ele>53</ele>
</trkpt>
<trkpt lat="-35.642667000" lon="138.136713000">
<ele>53</ele>
</trkpt>
<trkpt lat="-35.642654000" lon="138.136736000">
<ele>52</ele>
</trkpt>
<trkpt lat="-35.642642000" lon="138.136756000">
<ele>52</ele>
</trkpt>
<trkpt lat="-35.642615000" lon="138.136793000">
<ele>52</ele>
</trkpt>
<trkpt lat="-35.642589000" lon="138.136828000">
<ele>52</ele>
</trkpt>
<trkpt lat="-35.642566000" lon="138.136862000">
<ele>51</ele>
</trkpt>
<trkpt lat="-35.642540000" lon="138.136891000">
<ele>51</ele>
</trkpt>
<trkpt lat="-35.642512000" lon="138.136925000">
<ele>51</ele>
</trkpt>
<trkpt lat="-35.642469000" lon="138.136964000">
<ele>51</ele>
</trkpt>
<trkpt lat="-35.642435000" lon="138.136987000">
<ele>51</ele>
</trkpt>
<trkpt lat="-35.642413000" lon="138.136998000">
<ele>51</ele>
</trkpt>
<trkpt lat="-35.642396000" lon="138.137012000">
<ele>51</ele>
</trkpt>
<trkpt lat="-35.642379000" lon="138.137023000">
<ele>51</ele>
</trkpt>
<trkpt lat="-35.642362000" lon="138.137036000">
<ele>51</ele>
</trkpt>
<trkpt lat="-35.642345000" lon="138.137049000">
<ele>51</ele>
</trkpt>
<trkpt lat="-35.642326000" lon="138.137061000">
<ele>51</ele>
</trkpt>
<trkpt lat="-35.642310000" lon="138.137074000">
<ele>51</ele>
</trkpt>
<trkpt lat="-35.642290000" lon="138.137088000">
<ele>51</ele>
</trkpt>
<trkpt lat="-35.642270000" lon="138.137098000">
<ele>51</ele>
</trkpt>
<trkpt lat="-35.642229000" lon="138.137130000">
<ele>51</ele>
</trkpt>
<trkpt lat="-35.642213000" lon="138.137144000">
<ele>51</ele>
</trkpt>
<trkpt lat="-35.642193000" lon="138.137159000">
<ele>51</ele>
</trkpt>
<trkpt lat="-35.642169000" lon="138.137178000">
<ele>51</ele>
</trkpt>
<trkpt lat="-35.642149000" lon="138.137191000">
<ele>52</ele>
</trkpt>
<trkpt lat="-35.642133000" lon="138.137207000">
<ele>51</ele>
</trkpt>
<trkpt lat="-35.642118000" lon="138.137222000">
<ele>51</ele>
</trkpt>
<trkpt lat="-35.642106000" lon="138.137244000">
<ele>51</ele>
</trkpt>
<trkpt lat="-35.642095000" lon="138.137262000">
<ele>51</ele>
</trkpt>
<trkpt lat="-35.642086000" lon="138.137287000">
<ele>50</ele>
</trkpt>
<trkpt lat="-35.642077000" lon="138.137308000">
<ele>50</ele>
</trkpt>
<trkpt lat="-35.642067000" lon="138.137333000">
<ele>50</ele>
</trkpt>
<trkpt lat="-35.642054000" lon="138.137359000">
<ele>49</ele>
</trkpt>
<trkpt lat="-35.642046000" lon="138.137383000">
<ele>49</ele>
</trkpt>
<trkpt lat="-35.642033000" lon="138.137408000">
<ele>49</ele>
</trkpt>
<trkpt lat="-35.642021000" lon="138.137430000">
<ele>49</ele>
</trkpt>
<trkpt lat="-35.642007000" lon="138.137455000">
<ele>48</ele>
</trkpt>
<trkpt lat="-35.641995000" lon="138.137473000">
<ele>48</ele>
</trkpt>
<trkpt lat="-35.641980000" lon="138.137492000">
<ele>48</ele>
</trkpt>
<trkpt lat="-35.641968000" lon="138.137511000">
<ele>48</ele>
</trkpt>
<trkpt lat="-35.641953000" lon="138.137525000">
<ele>49</ele>
</trkpt>
<trkpt lat="-35.641937000" lon="138.137542000">
<ele>49</ele>
</trkpt>
<trkpt lat="-35.641921000" lon="138.137560000">
<ele>49</ele>
</trkpt>
<trkpt lat="-35.641903000" lon="138.137576000">
<ele>49</ele>
</trkpt>
<trkpt lat="-35.641883000" lon="138.137596000">
<ele>50</ele>
</trkpt>
<trkpt lat="-35.641863000" lon="138.137615000">
<ele>50</ele>
</trkpt>
<trkpt lat="-35.641841000" lon="138.137631000">
<ele>50</ele>
</trkpt>
<trkpt lat="-35.641820000" lon="138.137649000">
<ele>50</ele>
</trkpt>
<trkpt lat="-35.641802000" lon="138.137669000">
<ele>51</ele>
</trkpt>
<trkpt lat="-35.641783000" lon="138.137688000">
<ele>51</ele>
</trkpt>
<trkpt lat="-35.641766000" lon="138.137709000">
<ele>51</ele>
</trkpt>
<trkpt lat="-35.641752000" lon="138.137732000">
<ele>51</ele>
</trkpt>
<trkpt lat="-35.641741000" lon="138.137759000">
<ele>51</ele>
</trkpt>
<trkpt lat="-35.641732000" lon="138.137786000">
<ele>51</ele>
</trkpt>
<trkpt lat="-35.641728000" lon="138.137814000">
<ele>50</ele>
</trkpt>
<trkpt lat="-35.641724000" lon="138.137842000">
<ele>50</ele>
</trkpt>
<trkpt lat="-35.641721000" lon="138.137873000">
<ele>50</ele>
</trkpt>
<trkpt lat="-35.641720000" lon="138.137903000">
<ele>50</ele>
</trkpt>
<trkpt lat="-35.641717000" lon="138.137933000">
<ele>50</ele>
</trkpt>
<trkpt lat="-35.641712000" lon="138.137960000">
<ele>50</ele>
</trkpt>
<trkpt lat="-35.641707000" lon="138.137989000">
<ele>50</ele>
</trkpt>
<trkpt lat="-35.641703000" lon="138.138019000">
<ele>49</ele>
</trkpt>
<trkpt lat="-35.641693000" lon="138.138049000">
<ele>49</ele>
</trkpt>
<trkpt lat="-35.641685000" lon="138.138077000">
<ele>49</ele>
</trkpt>
<trkpt lat="-35.641677000" lon="138.138104000">
<ele>49</ele>
</trkpt>
<trkpt lat="-35.641666000" lon="138.138131000">
<ele>49</ele>
</trkpt>
<trkpt lat="-35.641656000" lon="138.138157000">
<ele>49</ele>
</trkpt>
<trkpt lat="-35.641645000" lon="138.138185000">
<ele>49</ele>
</trkpt>
<trkpt lat="-35.641639000" lon="138.138211000">
<ele>49</ele>
</trkpt>
<trkpt lat="-35.641634000" lon="138.138239000">
<ele>49</ele>
</trkpt>
<trkpt lat="-35.641627000" lon="138.138267000">
<ele>49</ele>
</trkpt>
<trkpt lat="-35.641619000" lon="138.138297000">
<ele>48</ele>
</trkpt>
<trkpt lat="-35.641610000" lon="138.138331000">
<ele>48</ele>
</trkpt>
<trkpt lat="-35.641603000" lon="138.138362000">
<ele>48</ele>
</trkpt>
<trkpt lat="-35.641599000" lon="138.138393000">
<ele>48</ele>
</trkpt>
<trkpt lat="-35.641600000" lon="138.138422000">
<ele>48</ele>
</trkpt>
<trkpt lat="-35.641605000" lon="138.138454000">
<ele>48</ele>
</trkpt>
<trkpt lat="-35.641614000" lon="138.138478000">
<ele>47</ele>
</trkpt>
<trkpt lat="-35.641625000" lon="138.138503000">
<ele>47</ele>
</trkpt>
<trkpt lat="-35.641638000" lon="138.138522000">
<ele>46</ele>
</trkpt>
<trkpt lat="-35.641653000" lon="138.138542000">
<ele>46</ele>
</trkpt>
<trkpt lat="-35.641666000" lon="138.138559000">
<ele>45</ele>
</trkpt>
<trkpt lat="-35.641690000" lon="138.138572000">
<ele>45</ele>
</trkpt>
<trkpt lat="-35.641715000" lon="138.138582000">
<ele>44</ele>
</trkpt>
<trkpt lat="-35.641742000" lon="138.138588000">
<ele>43</ele>
</trkpt>
<trkpt lat="-35.641769000" lon="138.138591000">
<ele>43</ele>
</trkpt>
<trkpt lat="-35.641798000" lon="138.138593000">
<ele>42</ele>
</trkpt>
<trkpt lat="-35.641824000" lon="138.138590000">
<ele>41</ele>
</trkpt>
<trkpt lat="-35.641852000" lon="138.138588000">
<ele>41</ele>
</trkpt>
<trkpt lat="-35.641878000" lon="138.138589000">
<ele>40</ele>
</trkpt>
<trkpt lat="-35.641904000" lon="138.138590000">
<ele>39</ele>
</trkpt>
<trkpt lat="-35.641924000" lon="138.138594000">
<ele>39</ele>
</trkpt>
<trkpt lat="-35.641947000" lon="138.138603000">
<ele>38</ele>
</trkpt>
<trkpt lat="-35.641969000" lon="138.138610000">
<ele>37</ele>
</trkpt>
<trkpt lat="-35.641989000" lon="138.138622000">
<ele>37</ele>
</trkpt>
<trkpt lat="-35.642010000" lon="138.138641000">
<ele>37</ele>
</trkpt>
<trkpt lat="-35.642034000" lon="138.138663000">
<ele>36</ele>
</trkpt>
<trkpt lat="-35.642048000" lon="138.138691000">
<ele>36</ele>
</trkpt>
<trkpt lat="-35.642066000" lon="138.138716000">
<ele>36</ele>
</trkpt>
<trkpt lat="-35.642083000" lon="138.138736000">
<ele>35</ele>
</trkpt>
<trkpt lat="-35.642094000" lon="138.138764000">
<ele>35</ele>
</trkpt>
<trkpt lat="-35.642106000" lon="138.138791000">
<ele>35</ele>
</trkpt>
<trkpt lat="-35.642119000" lon="138.138821000">
<ele>35</ele>
</trkpt>
<trkpt lat="-35.642128000" lon="138.138842000">
<ele>35</ele>
</trkpt>
<trkpt lat="-35.642135000" lon="138.138871000">
<ele>35</ele>
</trkpt>
<trkpt lat="-35.642144000" lon="138.138901000">
<ele>35</ele>
</trkpt>
<trkpt lat="-35.642148000" lon="138.138910000">
<ele>35</ele>
</trkpt>
<trkpt lat="-35.642157000" lon="138.138930000">
<ele>35</ele>
</trkpt>
<trkpt lat="-35.642162000" lon="138.138960000">
<ele>35</ele>
</trkpt>
<trkpt lat="-35.642173000" lon="138.138990000">
<ele>35</ele>
</trkpt>
<trkpt lat="-35.642185000" lon="138.139021000">
<ele>35</ele>
</trkpt>
<trkpt lat="-35.642197000" lon="138.139052000">
<ele>34</ele>
</trkpt>
<trkpt lat="-35.642217000" lon="138.139081000">
<ele>34</ele>
</trkpt>
<trkpt lat="-35.642235000" lon="138.139102000">
<ele>34</ele>
</trkpt>
<trkpt lat="-35.642253000" lon="138.139125000">
<ele>34</ele>
</trkpt>
<trkpt lat="-35.642273000" lon="138.139149000">
<ele>34</ele>
</trkpt>
<trkpt lat="-35.642292000" lon="138.139168000">
<ele>34</ele>
</trkpt>
<trkpt lat="-35.642316000" lon="138.139181000">
<ele>34</ele>
</trkpt>
<trkpt lat="-35.642339000" lon="138.139198000">
<ele>34</ele>
</trkpt>
<trkpt lat="-35.642362000" lon="138.139215000">
<ele>34</ele>
</trkpt>
<trkpt lat="-35.642384000" lon="138.139231000">
<ele>34</ele>
</trkpt>
<trkpt lat="-35.642411000" lon="138.139245000">
<ele>34</ele>
</trkpt>
<trkpt lat="-35.642437000" lon="138.139258000">
<ele>34</ele>
</trkpt>
<trkpt lat="-35.642463000" lon="138.139271000">
<ele>34</ele>
</trkpt>
<trkpt lat="-35.642486000" lon="138.139287000">
<ele>34</ele>
</trkpt>
<trkpt lat="-35.642510000" lon="138.139300000">
<ele>34</ele>
</trkpt>
<trkpt lat="-35.642540000" lon="138.139313000">
<ele>34</ele>
</trkpt>
<trkpt lat="-35.642562000" lon="138.139323000">
<ele>35</ele>
</trkpt>
<trkpt lat="-35.642588000" lon="138.139333000">
<ele>35</ele>
</trkpt>
<trkpt lat="-35.642613000" lon="138.139343000">
<ele>35</ele>
</trkpt>
<trkpt lat="-35.642638000" lon="138.139350000">
<ele>35</ele>
</trkpt>
<trkpt lat="-35.642661000" lon="138.139353000">
<ele>36</ele>
</trkpt>
<trkpt lat="-35.642686000" lon="138.139356000">
<ele>36</ele>
</trkpt>
<trkpt lat="-35.642713000" lon="138.139365000">
<ele>36</ele>
</trkpt>
<trkpt lat="-35.642723000" lon="138.139368000">
<ele>36</ele>
</trkpt>
<trkpt lat="-35.642752000" lon="138.139368000">
<ele>36</ele>
</trkpt>
<trkpt lat="-35.642772000" lon="138.139375000">
<ele>36</ele>
</trkpt>
<trkpt lat="-35.642789000" lon="138.139376000">
<ele>37</ele>
</trkpt>
<trkpt lat="-35.642806000" lon="138.139380000">
<ele>37</ele>
</trkpt>
<trkpt lat="-35.642824000" lon="138.139381000">
<ele>38</ele>
</trkpt>
<trkpt lat="-35.642842000" lon="138.139386000">
<ele>38</ele>
</trkpt>
<trkpt lat="-35.642856000" lon="138.139386000">
<ele>38</ele>
</trkpt>
<trkpt lat="-35.642875000" lon="138.139388000">
<ele>39</ele>
</trkpt>
<trkpt lat="-35.642889000" lon="138.139388000">
<ele>39</ele>
</trkpt>
<trkpt lat="-35.642900000" lon="138.139389000">
<ele>40</ele>
</trkpt>
<trkpt lat="-35.642921000" lon="138.139392000">
<ele>40</ele>
</trkpt>
<trkpt lat="-35.642934000" lon="138.139399000">
<ele>40</ele>
</trkpt>
<trkpt lat="-35.642945000" lon="138.139399000">
<ele>41</ele>
</trkpt>
<trkpt lat="-35.642959000" lon="138.139407000">
<ele>41</ele>
</trkpt>
<trkpt lat="-35.642975000" lon="138.139409000">
<ele>42</ele>
</trkpt>
<trkpt lat="-35.643009000" lon="138.139412000">
<ele>42</ele>
</trkpt>
<trkpt lat="-35.643044000" lon="138.139413000">
<ele>43</ele>
</trkpt>
<trkpt lat="-35.643090000" lon="138.139422000">
<ele>45</ele>
</trkpt>
<trkpt lat="-35.643123000" lon="138.139422000">
<ele>46</ele>
</trkpt>
<trkpt lat="-35.643156000" lon="138.139426000">
<ele>47</ele>
</trkpt>
<trkpt lat="-35.643182000" lon="138.139424000">
<ele>48</ele>
</trkpt>
<trkpt lat="-35.643212000" lon="138.139434000">
<ele>49</ele>
</trkpt>
<trkpt lat="-35.643238000" lon="138.139436000">
<ele>50</ele>
</trkpt>
<trkpt lat="-35.643276000" lon="138.139447000">
<ele>51</ele>
</trkpt>
<trkpt lat="-35.643311000" lon="138.139449000">
<ele>52</ele>
</trkpt>
<trkpt lat="-35.643348000" lon="138.139453000">
<ele>53</ele>
</trkpt>
<trkpt lat="-35.643367000" lon="138.139447000">
<ele>54</ele>
</trkpt>
<trkpt lat="-35.643397000" lon="138.139451000">
<ele>54</ele>
</trkpt>
<trkpt lat="-35.643420000" lon="138.139453000">
<ele>55</ele>
</trkpt>
<trkpt lat="-35.643444000" lon="138.139460000">
<ele>55</ele>
</trkpt>
<trkpt lat="-35.643462000" lon="138.139469000">
<ele>55</ele>
</trkpt>
<trkpt lat="-35.643482000" lon="138.139484000">
<ele>56</ele>
</trkpt>
<trkpt lat="-35.643499000" lon="138.139510000">
<ele>56</ele>
</trkpt>
<trkpt lat="-35.643522000" lon="138.139531000">
<ele>57</ele>
</trkpt>
<trkpt lat="-35.643538000" lon="138.139552000">
<ele>57</ele>
</trkpt>
<trkpt lat="-35.643556000" lon="138.139562000">
<ele>57</ele>
</trkpt>
<trkpt lat="-35.643567000" lon="138.139577000">
<ele>58</ele>
</trkpt>
<trkpt lat="-35.643577000" lon="138.139586000">
<ele>58</ele>
</trkpt>
<trkpt lat="-35.643613000" lon="138.139607000">
<ele>59</ele>
</trkpt>
<trkpt lat="-35.643631000" lon="138.139634000">
<ele>59</ele>
</trkpt>
<trkpt lat="-35.643647000" lon="138.139660000">
<ele>59</ele>
</trkpt>
<trkpt lat="-35.643664000" lon="138.139703000">
<ele>59</ele>
</trkpt>
<trkpt lat="-35.643685000" lon="138.139739000">
<ele>59</ele>
</trkpt>
<trkpt lat="-35.643697000" lon="138.139765000">
<ele>59</ele>
</trkpt>
<trkpt lat="-35.643723000" lon="138.139808000">
<ele>59</ele>
</trkpt>
<trkpt lat="-35.643750000" lon="138.139857000">
<ele>60</ele>
</trkpt>
<trkpt lat="-35.643769000" lon="138.139887000">
<ele>60</ele>
</trkpt>
<trkpt lat="-35.643789000" lon="138.139924000">
<ele>60</ele>
</trkpt>
<trkpt lat="-35.643817000" lon="138.139970000">
<ele>60</ele>
</trkpt>
<trkpt lat="-35.643840000" lon="138.140015000">
<ele>60</ele>
</trkpt>
<trkpt lat="-35.643859000" lon="138.140051000">
<ele>59</ele>
</trkpt>
<trkpt lat="-35.643882000" lon="138.140094000">
<ele>59</ele>
</trkpt>
<trkpt lat="-35.643912000" lon="138.140150000">
<ele>58</ele>
</trkpt>
<trkpt lat="-35.643942000" lon="138.140201000">
<ele>57</ele>
</trkpt>
<trkpt lat="-35.643965000" lon="138.140238000">
<ele>57</ele>
</trkpt>
<trkpt lat="-35.643984000" lon="138.140281000">
<ele>56</ele>
</trkpt>
<trkpt lat="-35.644004000" lon="138.140322000">
<ele>56</ele>
</trkpt>
<trkpt lat="-35.644023000" lon="138.140368000">
<ele>55</ele>
</trkpt>
<trkpt lat="-35.644048000" lon="138.140438000">
<ele>55</ele>
</trkpt>
<trkpt lat="-35.644055000" lon="138.140463000">
<ele>54</ele>
</trkpt>
<trkpt lat="-35.644060000" lon="138.140483000">
<ele>54</ele>
</trkpt>
<trkpt lat="-35.644063000" lon="138.140503000">
<ele>54</ele>
</trkpt>
<trkpt lat="-35.644064000" lon="138.140524000">
<ele>54</ele>
</trkpt>
<trkpt lat="-35.644066000" lon="138.140544000">
<ele>54</ele>
</trkpt>
<trkpt lat="-35.644063000" lon="138.140559000">
<ele>53</ele>
</trkpt>
<trkpt lat="-35.644062000" lon="138.140570000">
<ele>53</ele>
</trkpt>
<trkpt lat="-35.644062000" lon="138.140585000">
<ele>53</ele>
</trkpt>
<trkpt lat="-35.644059000" lon="138.140600000">
<ele>53</ele>
</trkpt>
<trkpt lat="-35.644056000" lon="138.140620000">
<ele>53</ele>
</trkpt>
<trkpt lat="-35.644051000" lon="138.140640000">
<ele>53</ele>
</trkpt>
<trkpt lat="-35.644046000" lon="138.140658000">
<ele>53</ele>
</trkpt>
<trkpt lat="-35.644038000" lon="138.140675000">
<ele>53</ele>
</trkpt>
<trkpt lat="-35.644035000" lon="138.140695000">
<ele>53</ele>
</trkpt>
<trkpt lat="-35.644032000" lon="138.140719000">
<ele>53</ele>
</trkpt>
<trkpt lat="-35.644019000" lon="138.140736000">
<ele>53</ele>
</trkpt>
<trkpt lat="-35.644016000" lon="138.140758000">
<ele>53</ele>
</trkpt>
<trkpt lat="-35.644014000" lon="138.140780000">
<ele>53</ele>
</trkpt>
<trkpt lat="-35.644009000" lon="138.140802000">
<ele>53</ele>
</trkpt>
<trkpt lat="-35.644007000" lon="138.140820000">
<ele>53</ele>
</trkpt>
<trkpt lat="-35.644003000" lon="138.140837000">
<ele>53</ele>
</trkpt>
<trkpt lat="-35.643998000" lon="138.140855000">
<ele>53</ele>
</trkpt>
<trkpt lat="-35.643993000" lon="138.140876000">
<ele>53</ele>
</trkpt>
<trkpt lat="-35.643991000" lon="138.140896000">
<ele>53</ele>
</trkpt>
<trkpt lat="-35.643985000" lon="138.140910000">
<ele>53</ele>
</trkpt>
<trkpt lat="-35.643984000" lon="138.140937000">
<ele>53</ele>
</trkpt>
<trkpt lat="-35.643980000" lon="138.140968000">
<ele>53</ele>
</trkpt>
<trkpt lat="-35.643974000" lon="138.140997000">
<ele>53</ele>
</trkpt>
<trkpt lat="-35.643973000" lon="138.141016000">
<ele>53</ele>
</trkpt>
<trkpt lat="-35.643970000" lon="138.141043000">
<ele>53</ele>
</trkpt>
<trkpt lat="-35.643968000" lon="138.141074000">
<ele>53</ele>
</trkpt>
<trkpt lat="-35.643963000" lon="138.141105000">
<ele>53</ele>
</trkpt>
<trkpt lat="-35.643960000" lon="138.141136000">
<ele>53</ele>
</trkpt>
<trkpt lat="-35.643958000" lon="138.141165000">
<ele>54</ele>
</trkpt>
<trkpt lat="-35.643958000" lon="138.141194000">
<ele>54</ele>
</trkpt>
<trkpt lat="-35.643960000" lon="138.141226000">
<ele>53</ele>
</trkpt>
<trkpt lat="-35.643960000" lon="138.141258000">
<ele>53</ele>
</trkpt>
<trkpt lat="-35.643961000" lon="138.141291000">
<ele>53</ele>
</trkpt>
<trkpt lat="-35.643963000" lon="138.141323000">
<ele>53</ele>
</trkpt>
<trkpt lat="-35.643957000" lon="138.141351000">
<ele>54</ele>
</trkpt>
<trkpt lat="-35.643957000" lon="138.141378000">
<ele>54</ele>
</trkpt>
<trkpt lat="-35.643958000" lon="138.141407000">
<ele>54</ele>
</trkpt>
<trkpt lat="-35.643965000" lon="138.141435000">
<ele>54</ele>
</trkpt>
<trkpt lat="-35.643983000" lon="138.141457000">
<ele>54</ele>
</trkpt>
<trkpt lat="-35.643998000" lon="138.141479000">
<ele>54</ele>
</trkpt>
<trkpt lat="-35.644014000" lon="138.141491000">
<ele>54</ele>
</trkpt>
<trkpt lat="-35.644024000" lon="138.141503000">
<ele>54</ele>
</trkpt>
<trkpt lat="-35.644035000" lon="138.141513000">
<ele>55</ele>
</trkpt>
<trkpt lat="-35.644044000" lon="138.141524000">
<ele>55</ele>
</trkpt>
<trkpt lat="-35.644054000" lon="138.141538000">
<ele>55</ele>
</trkpt>
<trkpt lat="-35.644068000" lon="138.141549000">
<ele>55</ele>
</trkpt>
<trkpt lat="-35.644081000" lon="138.141563000">
<ele>55</ele>
</trkpt>
<trkpt lat="-35.644096000" lon="138.141568000">
<ele>55</ele>
</trkpt>
<trkpt lat="-35.644119000" lon="138.141570000">
<ele>55</ele>
</trkpt>
<trkpt lat="-35.644134000" lon="138.141573000">
<ele>55</ele>
</trkpt>
<trkpt lat="-35.644148000" lon="138.141573000">
<ele>55</ele>
</trkpt>
<trkpt lat="-35.644161000" lon="138.141576000">
<ele>55</ele>
</trkpt>
<trkpt lat="-35.644178000" lon="138.141573000">
<ele>55</ele>
</trkpt>
<trkpt lat="-35.644194000" lon="138.141574000">
<ele>55</ele>
</trkpt>
<trkpt lat="-35.644206000" lon="138.141572000">
<ele>55</ele>
</trkpt>
<trkpt lat="-35.644223000" lon="138.141573000">
<ele>56</ele>
</trkpt>
<trkpt lat="-35.644236000" lon="138.141575000">
<ele>56</ele>
</trkpt>
<trkpt lat="-35.644249000" lon="138.141575000">
<ele>56</ele>
</trkpt>
<trkpt lat="-35.644260000" lon="138.141573000">
<ele>56</ele>
</trkpt>
<trkpt lat="-35.644270000" lon="138.141575000">
<ele>56</ele>
</trkpt>
<trkpt lat="-35.644292000" lon="138.141573000">
<ele>56</ele>
</trkpt>
<trkpt lat="-35.644306000" lon="138.141568000">
<ele>56</ele>
</trkpt>
<trkpt lat="-35.644325000" lon="138.141567000">
<ele>56</ele>
</trkpt>
<trkpt lat="-35.644341000" lon="138.141564000">
<ele>56</ele>
</trkpt>
<trkpt lat="-35.644361000" lon="138.141566000">
<ele>56</ele>
</trkpt>
<trkpt lat="-35.644380000" lon="138.141570000">
<ele>56</ele>
</trkpt>
<trkpt lat="-35.644399000" lon="138.141572000">
<ele>56</ele>
</trkpt>
<trkpt lat="-35.644417000" lon="138.141573000">
<ele>57</ele>
</trkpt>
<trkpt lat="-35.644436000" lon="138.141577000">
<ele>57</ele>
</trkpt>
<trkpt lat="-35.644456000" lon="138.141581000">
<ele>57</ele>
</trkpt>
<trkpt lat="-35.644474000" lon="138.141581000">
<ele>58</ele>
</trkpt>
<trkpt lat="-35.644499000" lon="138.141580000">
<ele>58</ele>
</trkpt>
<trkpt lat="-35.644515000" lon="138.141577000">
<ele>58</ele>
</trkpt>
<trkpt lat="-35.644536000" lon="138.141572000">
<ele>59</ele>
</trkpt>
<trkpt lat="-35.644556000" lon="138.141566000">
<ele>59</ele>
</trkpt>
<trkpt lat="-35.644579000" lon="138.141559000">
<ele>59</ele>
</trkpt>
<trkpt lat="-35.644600000" lon="138.141551000">
<ele>60</ele>
</trkpt>
<trkpt lat="-35.644620000" lon="138.141545000">
<ele>60</ele>
</trkpt>
<trkpt lat="-35.644641000" lon="138.141539000">
<ele>60</ele>
</trkpt>
<trkpt lat="-35.644658000" lon="138.141534000">
<ele>61</ele>
</trkpt>
<trkpt lat="-35.644680000" lon="138.141534000">
<ele>61</ele>
</trkpt>
<trkpt lat="-35.644703000" lon="138.141534000">
<ele>62</ele>
</trkpt>
<trkpt lat="-35.644721000" lon="138.141531000">
<ele>62</ele>
</trkpt>
<trkpt lat="-35.644742000" lon="138.141528000">
<ele>62</ele>
</trkpt>
<trkpt lat="-35.644767000" lon="138.141524000">
<ele>63</ele>
</trkpt>
<trkpt lat="-35.644790000" lon="138.141515000">
<ele>63</ele>
</trkpt>
<trkpt lat="-35.644808000" lon="138.141508000">
<ele>63</ele>
</trkpt>
<trkpt lat="-35.644829000" lon="138.141499000">
<ele>64</ele>
</trkpt>
<trkpt lat="-35.644850000" lon="138.141487000">
<ele>64</ele>
</trkpt>
<trkpt lat="-35.644880000" lon="138.141472000">
<ele>64</ele>
</trkpt>
<trkpt lat="-35.644913000" lon="138.141452000">
<ele>64</ele>
</trkpt>
<trkpt lat="-35.645299000" lon="138.141262000">
<ele>64</ele>
</trkpt>
<trkpt lat="-35.645438000" lon="138.141179000">
<ele>63</ele>
</trkpt>
<trkpt lat="-35.645542000" lon="138.141155000">
<ele>63</ele>
</trkpt>
<trkpt lat="-35.645639000" lon="138.141114000">
<ele>64</ele>
</trkpt>
<trkpt lat="-35.645839000" lon="138.141062000">
<ele>67</ele>
</trkpt>
<trkpt lat="-35.646001000" lon="138.140969000">
<ele>65</ele>
</trkpt>
<trkpt lat="-35.646111000" lon="138.140946000">
<ele>65</ele>
</trkpt>
<trkpt lat="-35.646208000" lon="138.140921000">
<ele>64</ele>
</trkpt>
<trkpt lat="-35.646265000" lon="138.140895000">
<ele>63</ele>
</trkpt>
<trkpt lat="-35.646339000" lon="138.140888000">
<ele>63</ele>
</trkpt>
<trkpt lat="-35.646483000" lon="138.140867000">
<ele>63</ele>
</trkpt>
<trkpt lat="-35.646609000" lon="138.140867000">
<ele>64</ele>
</trkpt>
<trkpt lat="-35.646697000" lon="138.140870000">
<ele>64</ele>
</trkpt>
<trkpt lat="-35.646845000" lon="138.140891000">
<ele>64</ele>
</trkpt>
<trkpt lat="-35.646879000" lon="138.140918000">
<ele>65</ele>
</trkpt>
<trkpt lat="-35.646979000" lon="138.140986000">
<ele>65</ele>
</trkpt>
<trkpt lat="-35.647086000" lon="138.141077000">
<ele>66</ele>
</trkpt>
<trkpt lat="-35.647140000" lon="138.141177000">
<ele>67</ele>
</trkpt>
<trkpt lat="-35.647203000" lon="138.141253000">
<ele>67</ele>
</trkpt>
<trkpt lat="-35.647252000" lon="138.141320000">
<ele>67</ele>
</trkpt>
<trkpt lat="-35.647297000" lon="138.141393000">
<ele>67</ele>
</trkpt>
<trkpt lat="-35.647351000" lon="138.141479000">
<ele>65</ele>
</trkpt>
<trkpt lat="-35.647393000" lon="138.141570000">
<ele>64</ele>
</trkpt>
<trkpt lat="-35.647451000" lon="138.141653000">
<ele>62</ele>
</trkpt>
<trkpt lat="-35.647474000" lon="138.141710000">
<ele>62</ele>
</trkpt>
<trkpt lat="-35.647569000" lon="138.141888000">
<ele>61</ele>
</trkpt>
<trkpt lat="-35.647634000" lon="138.142005000">
<ele>60</ele>
</trkpt>
<trkpt lat="-35.647706000" lon="138.142166000">
<ele>61</ele>
</trkpt>
<trkpt lat="-35.647740000" lon="138.142189000">
<ele>61</ele>
</trkpt>
<trkpt lat="-35.647762000" lon="138.142240000">
<ele>61</ele>
</trkpt>
<trkpt lat="-35.647771000" lon="138.142315000">
<ele>61</ele>
</trkpt>
<trkpt lat="-35.647792000" lon="138.142449000">
<ele>60</ele>
</trkpt>
<trkpt lat="-35.647794000" lon="138.142531000">
<ele>59</ele>
</trkpt>
<trkpt lat="-35.647786000" lon="138.142617000">
<ele>59</ele>
</trkpt>
<trkpt lat="-35.647759000" lon="138.142768000">
<ele>59</ele>
</trkpt>
<trkpt lat="-35.647713000" lon="138.142947000">
<ele>59</ele>
</trkpt>
<trkpt lat="-35.647688000" lon="138.143100000">
<ele>60</ele>
</trkpt>
<trkpt lat="-35.647685000" lon="138.143173000">
<ele>59</ele>
</trkpt>
<trkpt lat="-35.647664000" lon="138.143246000">
<ele>59</ele>
</trkpt>
<trkpt lat="-35.647660000" lon="138.143315000">
<ele>59</ele>
</trkpt>
<trkpt lat="-35.647652000" lon="138.143366000">
<ele>58</ele>
</trkpt>
<trkpt lat="-35.647610000" lon="138.143544000">
<ele>57</ele>
</trkpt>
<trkpt lat="-35.647586000" lon="138.143651000">
<ele>56</ele>
</trkpt>
<trkpt lat="-35.647559000" lon="138.143786000">
<ele>55</ele>
</trkpt>
<trkpt lat="-35.647539000" lon="138.143849000">
<ele>55</ele>
</trkpt>
<trkpt lat="-35.647509000" lon="138.143898000">
<ele>55</ele>
</trkpt>
<trkpt lat="-35.647479000" lon="138.143978000">
<ele>55</ele>
</trkpt>
<trkpt lat="-35.647434000" lon="138.144022000">
<ele>55</ele>
</trkpt>
<trkpt lat="-35.647400000" lon="138.144087000">
<ele>55</ele>
</trkpt>
<trkpt lat="-35.647315000" lon="138.144273000">
<ele>54</ele>
</trkpt>
<trkpt lat="-35.647251000" lon="138.144351000">
<ele>55</ele>
</trkpt>
<trkpt lat="-35.647166000" lon="138.144511000">
<ele>53</ele>
</trkpt>
<trkpt lat="-35.647117000" lon="138.144580000">
<ele>52</ele>
</trkpt>
<trkpt lat="-35.647074000" lon="138.144651000">
<ele>52</ele>
</trkpt>
<trkpt lat="-35.647062000" lon="138.144680000">
<ele>51</ele>
</trkpt>
<trkpt lat="-35.647053000" lon="138.144768000">
<ele>49</ele>
</trkpt>
<trkpt lat="-35.647033000" lon="138.144815000">
<ele>49</ele>
</trkpt>
<trkpt lat="-35.647000000" lon="138.144882000">
<ele>49</ele>
</trkpt>
<trkpt lat="-35.646964000" lon="138.144973000">
<ele>48</ele>
</trkpt>
<trkpt lat="-35.646879000" lon="138.145112000">
<ele>48</ele>
</trkpt>
<trkpt lat="-35.646831000" lon="138.145223000">
<ele>48</ele>
</trkpt>
<trkpt lat="-35.646767000" lon="138.145333000">
<ele>48</ele>
</trkpt>
<trkpt lat="-35.646671000" lon="138.145546000">
<ele>44</ele>
</trkpt>
<trkpt lat="-35.646618000" lon="138.145651000">
<ele>45</ele>
</trkpt>
<trkpt lat="-35.646571000" lon="138.145723000">
<ele>46</ele>
</trkpt>
<trkpt lat="-35.646532000" lon="138.145810000">
<ele>46</ele>
</trkpt>
<trkpt lat="-35.646591000" lon="138.145826000">
<ele>44</ele>
</trkpt>
<trkpt lat="-35.646697000" lon="138.145909000">
<ele>42</ele>
</trkpt>
<trkpt lat="-35.646753000" lon="138.145917000">
<ele>42</ele>
</trkpt>
<trkpt lat="-35.646849000" lon="138.145918000">
<ele>41</ele>
</trkpt>
<trkpt lat="-35.646934000" lon="138.145870000">
<ele>40</ele>
</trkpt>
<trkpt lat="-35.647000000" lon="138.145795000">
<ele>40</ele>
</trkpt>
<trkpt lat="-35.647065000" lon="138.145707000">
<ele>41</ele>
</trkpt>
<trkpt lat="-35.647156000" lon="138.145663000">
<ele>41</ele>
</trkpt>
<trkpt lat="-35.647250000" lon="138.145615000">
<ele>41</ele>
</trkpt>
<trkpt lat="-35.647282000" lon="138.145585000">
<ele>41</ele>
</trkpt>
<trkpt lat="-35.647366000" lon="138.145564000">
<ele>42</ele>
</trkpt>
<trkpt lat="-35.647465000" lon="138.145549000">
<ele>42</ele>
</trkpt>
<trkpt lat="-35.647561000" lon="138.145522000">
<ele>43</ele>
</trkpt>
<trkpt lat="-35.647706000" lon="138.145470000">
<ele>43</ele>
</trkpt>
<trkpt lat="-35.647885000" lon="138.145394000">
<ele>42</ele>
</trkpt>
<trkpt lat="-35.648008000" lon="138.145372000">
<ele>42</ele>
</trkpt>
<trkpt lat="-35.648095000" lon="138.145305000">
<ele>41</ele>
</trkpt>
<trkpt lat="-35.648178000" lon="138.145255000">
<ele>41</ele>
</trkpt>
<trkpt lat="-35.648263000" lon="138.145192000">
<ele>41</ele>
</trkpt>
<trkpt lat="-35.648337000" lon="138.145182000">
<ele>42</ele>
</trkpt>
<trkpt lat="-35.648405000" lon="138.145136000">
<ele>42</ele>
</trkpt>
<trkpt lat="-35.648530000" lon="138.145073000">
<ele>43</ele>
</trkpt>
<trkpt lat="-35.648631000" lon="138.145021000">
<ele>43</ele>
</trkpt>
<trkpt lat="-35.648761000" lon="138.144963000">
<ele>43</ele>
</trkpt>
<trkpt lat="-35.648836000" lon="138.144945000">
<ele>43</ele>
</trkpt>
<trkpt lat="-35.648923000" lon="138.144937000">
<ele>44</ele>
</trkpt>
<trkpt lat="-35.648990000" lon="138.144950000">
<ele>45</ele>
</trkpt>
<trkpt lat="-35.649052000" lon="138.144978000">
<ele>46</ele>
</trkpt>
<trkpt lat="-35.649222000" lon="138.145007000">
<ele>48</ele>
</trkpt>
<trkpt lat="-35.649270000" lon="138.145025000">
<ele>48</ele>
</trkpt>
<trkpt lat="-35.649316000" lon="138.145019000">
<ele>47</ele>
</trkpt>
<trkpt lat="-35.649356000" lon="138.145038000">
<ele>47</ele>
</trkpt>
<trkpt lat="-35.649376000" lon="138.145054000">
<ele>47</ele>
</trkpt>
<trkpt lat="-35.649408000" lon="138.145058000">
<ele>47</ele>
</trkpt>
<trkpt lat="-35.649434000" lon="138.145054000">
<ele>47</ele>
</trkpt>
<trkpt lat="-35.649470000" lon="138.145053000">
<ele>47</ele>
</trkpt>
<trkpt lat="-35.649524000" lon="138.145089000">
<ele>46</ele>
</trkpt>
<trkpt lat="-35.649563000" lon="138.145102000">
<ele>46</ele>
</trkpt>
<trkpt lat="-35.649609000" lon="138.145105000">
<ele>45</ele>
</trkpt>
<trkpt lat="-35.649690000" lon="138.145098000">
<ele>44</ele>
</trkpt>
<trkpt lat="-35.649748000" lon="138.145081000">
<ele>43</ele>
</trkpt>
<trkpt lat="-35.649799000" lon="138.145057000">
<ele>41</ele>
</trkpt>
<trkpt lat="-35.649840000" lon="138.145076000">
<ele>40</ele>
</trkpt>
<trkpt lat="-35.649908000" lon="138.145118000">
<ele>40</ele>
</trkpt>
<trkpt lat="-35.650013000" lon="138.145123000">
<ele>37</ele>
</trkpt>
<trkpt lat="-35.650115000" lon="138.145122000">
<ele>36</ele>
</trkpt>
<trkpt lat="-35.650213000" lon="138.145097000">
<ele>34</ele>
</trkpt>
<trkpt lat="-35.650324000" lon="138.145087000">
<ele>33</ele>
</trkpt>
<trkpt lat="-35.650375000" lon="138.145065000">
<ele>32</ele>
</trkpt>
<trkpt lat="-35.650455000" lon="138.145029000">
<ele>32</ele>
</trkpt>
<trkpt lat="-35.650524000" lon="138.145004000">
<ele>32</ele>
</trkpt>
<trkpt lat="-35.650635000" lon="138.144987000">
<ele>32</ele>
</trkpt>
<trkpt lat="-35.650709000" lon="138.144934000">
<ele>31</ele>
</trkpt>
<trkpt lat="-35.650757000" lon="138.144883000">
<ele>30</ele>
</trkpt>
<trkpt lat="-35.650809000" lon="138.144810000">
<ele>28</ele>
</trkpt>
<trkpt lat="-35.650832000" lon="138.144757000">
<ele>28</ele>
</trkpt>
<trkpt lat="-35.650864000" lon="138.144739000">
<ele>27</ele>
</trkpt>
<trkpt lat="-35.650945000" lon="138.144725000">
<ele>27</ele>
</trkpt>
<trkpt lat="-35.651016000" lon="138.144735000">
<ele>27</ele>
</trkpt>
<trkpt lat="-35.651049000" lon="138.144752000">
<ele>27</ele>
</trkpt>
<trkpt lat="-35.651119000" lon="138.144814000">
<ele>27</ele>
</trkpt>
<trkpt lat="-35.651156000" lon="138.144840000">
<ele>27</ele>
</trkpt>
<trkpt lat="-35.651203000" lon="138.144865000">
<ele>26</ele>
</trkpt>
<trkpt lat="-35.651230000" lon="138.144872000">
<ele>26</ele>
</trkpt>
<trkpt lat="-35.651269000" lon="138.144880000">
<ele>25</ele>
</trkpt>
<trkpt lat="-35.651329000" lon="138.144871000">
<ele>24</ele>
</trkpt>
<trkpt lat="-35.651384000" lon="138.144864000">
<ele>24</ele>
</trkpt>
<trkpt lat="-35.651430000" lon="138.144854000">
<ele>23</ele>
</trkpt>
<trkpt lat="-35.651501000" lon="138.144826000">
<ele>21</ele>
</trkpt>
<trkpt lat="-35.651548000" lon="138.144810000">
<ele>20</ele>
</trkpt>
<trkpt lat="-35.651612000" lon="138.144775000">
<ele>18</ele>
</trkpt>
<trkpt lat="-35.651705000" lon="138.144748000">
<ele>16</ele>
</trkpt>
<trkpt lat="-35.651808000" lon="138.144690000">
<ele>13</ele>
</trkpt>
<trkpt lat="-35.651824000" lon="138.144685000">
<ele>13</ele>
</trkpt>
<trkpt lat="-35.651849000" lon="138.144676000">
<ele>12</ele>
</trkpt>
<trkpt lat="-35.651873000" lon="138.144656000">
<ele>12</ele>
</trkpt>
<trkpt lat="-35.651921000" lon="138.144633000">
<ele>10</ele>
</trkpt>
<trkpt lat="-35.651980000" lon="138.144597000">
<ele>9</ele>
</trkpt>
<trkpt lat="-35.652035000" lon="138.144570000">
<ele>8</ele>
</trkpt>
<trkpt lat="-35.652068000" lon="138.144551000">
<ele>8</ele>
</trkpt>
<trkpt lat="-35.652098000" lon="138.144541000">
<ele>7</ele>
</trkpt>
<trkpt lat="-35.652126000" lon="138.144535000">
<ele>7</ele>
</trkpt>
<trkpt lat="-35.652146000" lon="138.144534000">
<ele>6</ele>
</trkpt>
<trkpt lat="-35.652154000" lon="138.144530000">
<ele>6</ele>
</trkpt>
<trkpt lat="-35.652162000" lon="138.144522000">
<ele>6</ele>
</trkpt>
<trkpt lat="-35.652171000" lon="138.144502000">
<ele>6</ele>
</trkpt>
<trkpt lat="-35.652185000" lon="138.144494000">
<ele>6</ele>
</trkpt>
<trkpt lat="-35.652200000" lon="138.144489000">
<ele>5</ele>
</trkpt>
<trkpt lat="-35.652212000" lon="138.144488000">
<ele>5</ele>
</trkpt>
<trkpt lat="-35.652227000" lon="138.144496000">
<ele>5</ele>
</trkpt>
<trkpt lat="-35.652233000" lon="138.144507000">
<ele>5</ele>
</trkpt>
<trkpt lat="-35.652238000" lon="138.144523000">
<ele>5</ele>
</trkpt>
<trkpt lat="-35.652237000" lon="138.144535000">
<ele>5</ele>
</trkpt>
<trkpt lat="-35.652237000" lon="138.144561000">
<ele>5</ele>
</trkpt>
<trkpt lat="-35.652242000" lon="138.144591000">
<ele>5</ele>
</trkpt>
<trkpt lat="-35.652241000" lon="138.144617000">
<ele>6</ele>
</trkpt>
<trkpt lat="-35.652236000" lon="138.144628000">
<ele>6</ele>
</trkpt>
<trkpt lat="-35.652228000" lon="138.144632000">
<ele>6</ele>
</trkpt>
<trkpt lat="-35.652231000" lon="138.144653000">
<ele>6</ele>
</trkpt>
<trkpt lat="-35.652230000" lon="138.144684000">
<ele>6</ele>
</trkpt>
<trkpt lat="-35.652229000" lon="138.144711000">
<ele>6</ele>
</trkpt>
<trkpt lat="-35.652232000" lon="138.144723000">
<ele>6</ele>
</trkpt>
<trkpt lat="-35.652238000" lon="138.144732000">
<ele>6</ele>
</trkpt>
<trkpt lat="-35.652247000" lon="138.144755000">
<ele>6</ele>
</trkpt>
<trkpt lat="-35.652252000" lon="138.144765000">
<ele>6</ele>
</trkpt>
<trkpt lat="-35.652265000" lon="138.144784000">
<ele>7</ele>
</trkpt>
<trkpt lat="-35.652291000" lon="138.144830000">
<ele>7</ele>
</trkpt>
<trkpt lat="-35.652302000" lon="138.144870000">
<ele>8</ele>
</trkpt>
<trkpt lat="-35.652316000" lon="138.144915000">
<ele>8</ele>
</trkpt>
<trkpt lat="-35.652333000" lon="138.144965000">
<ele>9</ele>
</trkpt>
<trkpt lat="-35.652337000" lon="138.144994000">
<ele>9</ele>
</trkpt>
<trkpt lat="-35.652345000" lon="138.145029000">
<ele>10</ele>
</trkpt>
<trkpt lat="-35.652361000" lon="138.145062000">
<ele>10</ele>
</trkpt>
<trkpt lat="-35.652372000" lon="138.145090000">
<ele>11</ele>
</trkpt>
<trkpt lat="-35.652383000" lon="138.145119000">
<ele>11</ele>
</trkpt>
<trkpt lat="-35.652394000" lon="138.145142000">
<ele>11</ele>
</trkpt>
<trkpt lat="-35.652407000" lon="138.145158000">
<ele>12</ele>
</trkpt>
<trkpt lat="-35.652421000" lon="138.145172000">
<ele>11</ele>
</trkpt>
<trkpt lat="-35.652434000" lon="138.145184000">
<ele>11</ele>
</trkpt>
<trkpt lat="-35.652445000" lon="138.145193000">
<ele>11</ele>
</trkpt>
<trkpt lat="-35.652467000" lon="138.145197000">
<ele>11</ele>
</trkpt>
<trkpt lat="-35.652475000" lon="138.145213000">
<ele>11</ele>
</trkpt>
<trkpt lat="-35.652485000" lon="138.145232000">
<ele>11</ele>
</trkpt>
<trkpt lat="-35.652491000" lon="138.145246000">
<ele>11</ele>
</trkpt>
<trkpt lat="-35.652509000" lon="138.145254000">
<ele>11</ele>
</trkpt>
<trkpt lat="-35.652526000" lon="138.145254000">
<ele>10</ele>
</trkpt>
<trkpt lat="-35.652534000" lon="138.145274000">
<ele>10</ele>
</trkpt>
<trkpt lat="-35.652541000" lon="138.145295000">
<ele>11</ele>
</trkpt>
<trkpt lat="-35.652549000" lon="138.145315000">
<ele>11</ele>
</trkpt>
<trkpt lat="-35.652563000" lon="138.145335000">
<ele>11</ele>
</trkpt>
<trkpt lat="-35.652565000" lon="138.145359000">
<ele>11</ele>
</trkpt>
<trkpt lat="-35.652578000" lon="138.145379000">
<ele>11</ele>
</trkpt>
<trkpt lat="-35.652593000" lon="138.145400000">
<ele>11</ele>
</trkpt>
<trkpt lat="-35.652614000" lon="138.145414000">
<ele>11</ele>
</trkpt>
<trkpt lat="-35.652630000" lon="138.145436000">
<ele>11</ele>
</trkpt>
<trkpt lat="-35.652643000" lon="138.145450000">
<ele>11</ele>
</trkpt>
<trkpt lat="-35.652650000" lon="138.145470000">
<ele>11</ele>
</trkpt>
<trkpt lat="-35.652658000" lon="138.145492000">
<ele>11</ele>
</trkpt>
<trkpt lat="-35.652666000" lon="138.145514000">
<ele>11</ele>
</trkpt>
<trkpt lat="-35.652679000" lon="138.145543000">
<ele>11</ele>
</trkpt>
<trkpt lat="-35.652699000" lon="138.145568000">
<ele>11</ele>
</trkpt>
<trkpt lat="-35.652717000" lon="138.145590000">
<ele>11</ele>
</trkpt>
<trkpt lat="-35.652740000" lon="138.145619000">
<ele>11</ele>
</trkpt>
<trkpt lat="-35.652754000" lon="138.145637000">
<ele>10</ele>
</trkpt>
<trkpt lat="-35.652762000" lon="138.145670000">
<ele>11</ele>
</trkpt>
<trkpt lat="-35.652769000" lon="138.145698000">
<ele>11</ele>
</trkpt>
<trkpt lat="-35.652780000" lon="138.145728000">
<ele>11</ele>
</trkpt>
<trkpt lat="-35.652798000" lon="138.145758000">
<ele>11</ele>
</trkpt>
<trkpt lat="-35.652811000" lon="138.145787000">
<ele>11</ele>
</trkpt>
<trkpt lat="-35.652819000" lon="138.145832000">
<ele>12</ele>
</trkpt>
<trkpt lat="-35.652837000" lon="138.145877000">
<ele>12</ele>
</trkpt>
<trkpt lat="-35.652844000" lon="138.145908000">
<ele>13</ele>
</trkpt>
<trkpt lat="-35.652856000" lon="138.145930000">
<ele>13</ele>
</trkpt>
<trkpt lat="-35.652867000" lon="138.145957000">
<ele>13</ele>
</trkpt>
<trkpt lat="-35.652874000" lon="138.145975000">
<ele>13</ele>
</trkpt>
<trkpt lat="-35.652873000" lon="138.145994000">
<ele>13</ele>
</trkpt>
<trkpt lat="-35.652885000" lon="138.146010000">
<ele>13</ele>
</trkpt>
<trkpt lat="-35.652904000" lon="138.146041000">
<ele>13</ele>
</trkpt>
<trkpt lat="-35.652918000" lon="138.146062000">
<ele>13</ele>
</trkpt>
<trkpt lat="-35.652934000" lon="138.146075000">
<ele>13</ele>
</trkpt>
<trkpt lat="-35.652944000" lon="138.146101000">
<ele>13</ele>
</trkpt>
<trkpt lat="-35.652953000" lon="138.146121000">
<ele>12</ele>
</trkpt>
<trkpt lat="-35.652962000" lon="138.146144000">
<ele>12</ele>
</trkpt>
<trkpt lat="-35.652975000" lon="138.146181000">
<ele>12</ele>
</trkpt>
<trkpt lat="-35.652991000" lon="138.146211000">
<ele>12</ele>
</trkpt>
<trkpt lat="-35.653000000" lon="138.146231000">
<ele>12</ele>
</trkpt>
<trkpt lat="-35.653017000" lon="138.146265000">
<ele>12</ele>
</trkpt>
<trkpt lat="-35.653028000" lon="138.146294000">
<ele>12</ele>
</trkpt>
<trkpt lat="-35.653041000" lon="138.146316000">
<ele>12</ele>
</trkpt>
<trkpt lat="-35.653055000" lon="138.146355000">
<ele>12</ele>
</trkpt>
<trkpt lat="-35.653071000" lon="138.146381000">
<ele>12</ele>
</trkpt>
<trkpt lat="-35.653084000" lon="138.146414000">
<ele>12</ele>
</trkpt>
<trkpt lat="-35.653090000" lon="138.146445000">
<ele>12</ele>
</trkpt>
<trkpt lat="-35.653096000" lon="138.146479000">
<ele>12</ele>
</trkpt>
<trkpt lat="-35.653106000" lon="138.146509000">
<ele>12</ele>
</trkpt>
<trkpt lat="-35.653117000" lon="138.146553000">
<ele>12</ele>
</trkpt>
<trkpt lat="-35.653126000" lon="138.146588000">
<ele>12</ele>
</trkpt>
<trkpt lat="-35.653131000" lon="138.146641000">
<ele>13</ele>
</trkpt>
<trkpt lat="-35.653145000" lon="138.146683000">
<ele>13</ele>
</trkpt>
<trkpt lat="-35.653143000" lon="138.146732000">
<ele>13</ele>
</trkpt>
<trkpt lat="-35.653147000" lon="138.146763000">
<ele>14</ele>
</trkpt>
<trkpt lat="-35.653147000" lon="138.146794000">
<ele>14</ele>
</trkpt>
<trkpt lat="-35.653143000" lon="138.146832000">
<ele>14</ele>
</trkpt>
<trkpt lat="-35.653140000" lon="138.146872000">
<ele>15</ele>
</trkpt>
<trkpt lat="-35.653138000" lon="138.146905000">
<ele>15</ele>
</trkpt>
<trkpt lat="-35.653138000" lon="138.146930000">
<ele>15</ele>
</trkpt>
<trkpt lat="-35.653142000" lon="138.146945000">
<ele>15</ele>
</trkpt>
<trkpt lat="-35.653142000" lon="138.146985000">
<ele>16</ele>
</trkpt>
<trkpt lat="-35.653143000" lon="138.147015000">
<ele>16</ele>
</trkpt>
<trkpt lat="-35.653151000" lon="138.147055000">
<ele>17</ele>
</trkpt>
<trkpt lat="-35.653168000" lon="138.147080000">
<ele>17</ele>
</trkpt>
<trkpt lat="-35.653182000" lon="138.147109000">
<ele>17</ele>
</trkpt>
<trkpt lat="-35.653195000" lon="138.147141000">
<ele>18</ele>
</trkpt>
<trkpt lat="-35.653207000" lon="138.147173000">
<ele>18</ele>
</trkpt>
<trkpt lat="-35.653225000" lon="138.147201000">
<ele>18</ele>
</trkpt>
<trkpt lat="-35.653243000" lon="138.147229000">
<ele>18</ele>
</trkpt>
<trkpt lat="-35.653263000" lon="138.147252000">
<ele>19</ele>
</trkpt>
<trkpt lat="-35.653280000" lon="138.147270000">
<ele>19</ele>
</trkpt>
<trkpt lat="-35.653296000" lon="138.147284000">
<ele>19</ele>
</trkpt>
<trkpt lat="-35.653310000" lon="138.147304000">
<ele>19</ele>
</trkpt>
<trkpt lat="-35.653326000" lon="138.147313000">
<ele>19</ele>
</trkpt>
<trkpt lat="-35.653343000" lon="138.147334000">
<ele>20</ele>
</trkpt>
<trkpt lat="-35.653365000" lon="138.147356000">
<ele>20</ele>
</trkpt>
<trkpt lat="-35.653400000" lon="138.147381000">
<ele>20</ele>
</trkpt>
<trkpt lat="-35.653425000" lon="138.147398000">
<ele>21</ele>
</trkpt>
<trkpt lat="-35.653442000" lon="138.147404000">
<ele>21</ele>
</trkpt>
<trkpt lat="-35.653464000" lon="138.147420000">
<ele>21</ele>
</trkpt>
<trkpt lat="-35.653485000" lon="138.147426000">
<ele>21</ele>
</trkpt>
<trkpt lat="-35.653506000" lon="138.147438000">
<ele>21</ele>
</trkpt>
<trkpt lat="-35.653530000" lon="138.147457000">
<ele>21</ele>
</trkpt>
<trkpt lat="-35.653554000" lon="138.147474000">
<ele>21</ele>
</trkpt>
<trkpt lat="-35.653576000" lon="138.147500000">
<ele>21</ele>
</trkpt>
<trkpt lat="-35.653593000" lon="138.147514000">
<ele>21</ele>
</trkpt>
<trkpt lat="-35.653607000" lon="138.147542000">
<ele>22</ele>
</trkpt>
<trkpt lat="-35.653616000" lon="138.147564000">
<ele>22</ele>
</trkpt>
<trkpt lat="-35.653627000" lon="138.147589000">
<ele>22</ele>
</trkpt>
<trkpt lat="-35.653626000" lon="138.147627000">
<ele>23</ele>
</trkpt>
<trkpt lat="-35.653643000" lon="138.147647000">
<ele>23</ele>
</trkpt>
<trkpt lat="-35.653666000" lon="138.147671000">
<ele>22</ele>
</trkpt>
<trkpt lat="-35.653676000" lon="138.147691000">
<ele>22</ele>
</trkpt>
<trkpt lat="-35.653697000" lon="138.147707000">
<ele>22</ele>
</trkpt>
<trkpt lat="-35.653711000" lon="138.147729000">
<ele>22</ele>
</trkpt>
<trkpt lat="-35.653717000" lon="138.147750000">
<ele>22</ele>
</trkpt>
<trkpt lat="-35.653719000" lon="138.147777000">
<ele>22</ele>
</trkpt>
<trkpt lat="-35.653720000" lon="138.147814000">
<ele>22</ele>
</trkpt>
<trkpt lat="-35.653719000" lon="138.147843000">
<ele>22</ele>
</trkpt>
<trkpt lat="-35.653716000" lon="138.147891000">
<ele>22</ele>
</trkpt>
<trkpt lat="-35.653711000" lon="138.147921000">
<ele>22</ele>
</trkpt>
<trkpt lat="-35.653712000" lon="138.147947000">
<ele>22</ele>
</trkpt>
<trkpt lat="-35.653717000" lon="138.147978000">
<ele>22</ele>
</trkpt>
<trkpt lat="-35.653728000" lon="138.148015000">
<ele>21</ele>
</trkpt>
<trkpt lat="-35.653732000" lon="138.148051000">
<ele>21</ele>
</trkpt>
<trkpt lat="-35.653732000" lon="138.148103000">
<ele>21</ele>
</trkpt>
<trkpt lat="-35.653730000" lon="138.148155000">
<ele>21</ele>
</trkpt>
<trkpt lat="-35.653733000" lon="138.148188000">
<ele>21</ele>
</trkpt>
<trkpt lat="-35.653749000" lon="138.148232000">
<ele>21</ele>
</trkpt>
<trkpt lat="-35.653742000" lon="138.148259000">
<ele>21</ele>
</trkpt>
<trkpt lat="-35.653745000" lon="138.148297000">
<ele>21</ele>
</trkpt>
<trkpt lat="-35.653743000" lon="138.148327000">
<ele>21</ele>
</trkpt>
<trkpt lat="-35.653737000" lon="138.148353000">
<ele>21</ele>
</trkpt>
<trkpt lat="-35.653721000" lon="138.148378000">
<ele>22</ele>
</trkpt>
<trkpt lat="-35.653712000" lon="138.148409000">
<ele>22</ele>
</trkpt>
<trkpt lat="-35.653711000" lon="138.148428000">
<ele>23</ele>
</trkpt>
<trkpt lat="-35.653719000" lon="138.148442000">
<ele>22</ele>
</trkpt>
<trkpt lat="-35.653728000" lon="138.148450000">
<ele>22</ele>
</trkpt>
<trkpt lat="-35.653745000" lon="138.148461000">
<ele>22</ele>
</trkpt>
<trkpt lat="-35.653755000" lon="138.148460000">
<ele>21</ele>
</trkpt>
<trkpt lat="-35.653772000" lon="138.148462000">
<ele>21</ele>
</trkpt>
<trkpt lat="-35.653785000" lon="138.148466000">
<ele>20</ele>
</trkpt>
<trkpt lat="-35.653800000" lon="138.148480000">
<ele>20</ele>
</trkpt>
<trkpt lat="-35.653812000" lon="138.148490000">
<ele>19</ele>
</trkpt>
<trkpt lat="-35.653826000" lon="138.148499000">
<ele>19</ele>
</trkpt>
<trkpt lat="-35.653836000" lon="138.148509000">
<ele>19</ele>
</trkpt>
<trkpt lat="-35.653847000" lon="138.148523000">
<ele>19</ele>
</trkpt>
<trkpt lat="-35.653860000" lon="138.148547000">
<ele>18</ele>
</trkpt>
<trkpt lat="-35.653873000" lon="138.148564000">
<ele>18</ele>
</trkpt>
<trkpt lat="-35.653888000" lon="138.148567000">
<ele>18</ele>
</trkpt>
<trkpt lat="-35.653911000" lon="138.148573000">
<ele>17</ele>
</trkpt>
<trkpt lat="-35.653925000" lon="138.148584000">
<ele>17</ele>
</trkpt>
<trkpt lat="-35.653946000" lon="138.148598000">
<ele>16</ele>
</trkpt>
<trkpt lat="-35.653959000" lon="138.148610000">
<ele>16</ele>
</trkpt>
<trkpt lat="-35.653963000" lon="138.148628000">
<ele>16</ele>
</trkpt>
<trkpt lat="-35.653972000" lon="138.148641000">
<ele>16</ele>
</trkpt>
<trkpt lat="-35.653983000" lon="138.148659000">
<ele>16</ele>
</trkpt>
<trkpt lat="-35.653992000" lon="138.148675000">
<ele>16</ele>
</trkpt>
<trkpt lat="-35.653997000" lon="138.148695000">
<ele>16</ele>
</trkpt>
<trkpt lat="-35.654004000" lon="138.148710000">
<ele>17</ele>
</trkpt>
<trkpt lat="-35.654009000" lon="138.148724000">
<ele>17</ele>
</trkpt>
<trkpt lat="-35.654016000" lon="138.148734000">
<ele>17</ele>
</trkpt>
<trkpt lat="-35.654024000" lon="138.148746000">
<ele>17</ele>
</trkpt>
<trkpt lat="-35.654032000" lon="138.148760000">
<ele>17</ele>
</trkpt>
<trkpt lat="-35.654042000" lon="138.148778000">
<ele>17</ele>
</trkpt>
<trkpt lat="-35.654052000" lon="138.148798000">
<ele>17</ele>
</trkpt>
<trkpt lat="-35.654057000" lon="138.148825000">
<ele>17</ele>
</trkpt>
<trkpt lat="-35.654062000" lon="138.148848000">
<ele>17</ele>
</trkpt>
<trkpt lat="-35.654078000" lon="138.148862000">
<ele>17</ele>
</trkpt>
<trkpt lat="-35.654088000" lon="138.148880000">
<ele>17</ele>
</trkpt>
<trkpt lat="-35.654093000" lon="138.148901000">
<ele>17</ele>
</trkpt>
<trkpt lat="-35.654095000" lon="138.148922000">
<ele>17</ele>
</trkpt>
<trkpt lat="-35.654088000" lon="138.148941000">
<ele>18</ele>
</trkpt>
<trkpt lat="-35.654080000" lon="138.148969000">
<ele>18</ele>
</trkpt>
<trkpt lat="-35.654079000" lon="138.148981000">
<ele>18</ele>
</trkpt>
<trkpt lat="-35.654078000" lon="138.148997000">
<ele>19</ele>
</trkpt>
<trkpt lat="-35.654089000" lon="138.149017000">
<ele>18</ele>
</trkpt>
<trkpt lat="-35.654100000" lon="138.149040000">
<ele>18</ele>
</trkpt>
<trkpt lat="-35.654114000" lon="138.149062000">
<ele>18</ele>
</trkpt>
<trkpt lat="-35.654130000" lon="138.149081000">
<ele>18</ele>
</trkpt>
<trkpt lat="-35.654143000" lon="138.149104000">
<ele>18</ele>
</trkpt>
<trkpt lat="-35.654146000" lon="138.149120000">
<ele>18</ele>
</trkpt>
<trkpt lat="-35.654156000" lon="138.149143000">
<ele>18</ele>
</trkpt>
<trkpt lat="-35.654166000" lon="138.149162000">
<ele>18</ele>
</trkpt>
<trkpt lat="-35.654183000" lon="138.149176000">
<ele>18</ele>
</trkpt>
<trkpt lat="-35.654191000" lon="138.149188000">
<ele>18</ele>
</trkpt>
<trkpt lat="-35.654198000" lon="138.149207000">
<ele>18</ele>
</trkpt>
<trkpt lat="-35.654210000" lon="138.149239000">
<ele>18</ele>
</trkpt>
<trkpt lat="-35.654214000" lon="138.149264000">
<ele>18</ele>
</trkpt>
<trkpt lat="-35.654224000" lon="138.149285000">
<ele>18</ele>
</trkpt>
<trkpt lat="-35.654239000" lon="138.149298000">
<ele>18</ele>
</trkpt>
<trkpt lat="-35.654252000" lon="138.149321000">
<ele>18</ele>
</trkpt>
<trkpt lat="-35.654263000" lon="138.149351000">
<ele>18</ele>
</trkpt>
<trkpt lat="-35.654265000" lon="138.149367000">
<ele>18</ele>
</trkpt>
<trkpt lat="-35.654279000" lon="138.149382000">
<ele>18</ele>
</trkpt>
<trkpt lat="-35.654302000" lon="138.149385000">
<ele>17</ele>
</trkpt>
<trkpt lat="-35.654318000" lon="138.149397000">
<ele>17</ele>
</trkpt>
<trkpt lat="-35.654328000" lon="138.149416000">
<ele>17</ele>
</trkpt>
<trkpt lat="-35.654341000" lon="138.149438000">
<ele>16</ele>
</trkpt>
<trkpt lat="-35.654354000" lon="138.149462000">
<ele>16</ele>
</trkpt>
<trkpt lat="-35.654358000" lon="138.149482000">
<ele>16</ele>
</trkpt>
<trkpt lat="-35.654362000" lon="138.149502000">
<ele>16</ele>
</trkpt>
<trkpt lat="-35.654364000" lon="138.149522000">
<ele>16</ele>
</trkpt>
<trkpt lat="-35.654369000" lon="138.149537000">
<ele>16</ele>
</trkpt>
<trkpt lat="-35.654369000" lon="138.149558000">
<ele>16</ele>
</trkpt>
<trkpt lat="-35.654371000" lon="138.149584000">
<ele>16</ele>
</trkpt>
<trkpt lat="-35.654373000" lon="138.149607000">
<ele>16</ele>
</trkpt>
<trkpt lat="-35.654377000" lon="138.149631000">
<ele>16</ele>
</trkpt>
<trkpt lat="-35.654385000" lon="138.149653000">
<ele>16</ele>
</trkpt>
<trkpt lat="-35.654383000" lon="138.149681000">
<ele>16</ele>
</trkpt>
<trkpt lat="-35.654382000" lon="138.149711000">
<ele>17</ele>
</trkpt>
<trkpt lat="-35.654381000" lon="138.149731000">
<ele>17</ele>
</trkpt>
<trkpt lat="-35.654385000" lon="138.149745000">
<ele>17</ele>
</trkpt>
<trkpt lat="-35.654394000" lon="138.149764000">
<ele>16</ele>
</trkpt>
<trkpt lat="-35.654396000" lon="138.149781000">
<ele>16</ele>
</trkpt>
<trkpt lat="-35.654394000" lon="138.149801000">
<ele>16</ele>
</trkpt>
<trkpt lat="-35.654390000" lon="138.149818000">
<ele>17</ele>
</trkpt>
<trkpt lat="-35.654392000" lon="138.149838000">
<ele>17</ele>
</trkpt>
<trkpt lat="-35.654392000" lon="138.149852000">
<ele>17</ele>
</trkpt>
<trkpt lat="-35.654391000" lon="138.149860000">
<ele>17</ele>
</trkpt>
<trkpt lat="-35.654388000" lon="138.149872000">
<ele>17</ele>
</trkpt>
<trkpt lat="-35.654383000" lon="138.149886000">
<ele>17</ele>
</trkpt>
<trkpt lat="-35.654377000" lon="138.149913000">
<ele>17</ele>
</trkpt>
<trkpt lat="-35.654371000" lon="138.149943000">
<ele>18</ele>
</trkpt>
<trkpt lat="-35.654367000" lon="138.149974000">
<ele>18</ele>
</trkpt>
<trkpt lat="-35.654360000" lon="138.150006000">
<ele>18</ele>
</trkpt>
<trkpt lat="-35.654351000" lon="138.150038000">
<ele>19</ele>
</trkpt>
<trkpt lat="-35.654341000" lon="138.150071000">
<ele>19</ele>
</trkpt>
<trkpt lat="-35.654336000" lon="138.150109000">
<ele>18</ele>
</trkpt>
<trkpt lat="-35.654330000" lon="138.150134000">
<ele>18</ele>
</trkpt>
<trkpt lat="-35.654314000" lon="138.150163000">
<ele>19</ele>
</trkpt>
<trkpt lat="-35.654307000" lon="138.150184000">
<ele>19</ele>
</trkpt>
<trkpt lat="-35.654289000" lon="138.150211000">
<ele>19</ele>
</trkpt>
<trkpt lat="-35.654279000" lon="138.150226000">
<ele>20</ele>
</trkpt>
<trkpt lat="-35.654276000" lon="138.150259000">
<ele>19</ele>
</trkpt>
<trkpt lat="-35.654271000" lon="138.150282000">
<ele>19</ele>
</trkpt>
<trkpt lat="-35.654264000" lon="138.150311000">
<ele>19</ele>
</trkpt>
<trkpt lat="-35.654254000" lon="138.150346000">
<ele>18</ele>
</trkpt>
<trkpt lat="-35.654242000" lon="138.150371000">
<ele>18</ele>
</trkpt>
<trkpt lat="-35.654219000" lon="138.150408000">
<ele>18</ele>
</trkpt>
<trkpt lat="-35.654208000" lon="138.150432000">
<ele>18</ele>
</trkpt>
<trkpt lat="-35.654190000" lon="138.150470000">
<ele>18</ele>
</trkpt>
<trkpt lat="-35.654174000" lon="138.150507000">
<ele>17</ele>
</trkpt>
<trkpt lat="-35.654159000" lon="138.150535000">
<ele>17</ele>
</trkpt>
<trkpt lat="-35.654147000" lon="138.150558000">
<ele>17</ele>
</trkpt>
<trkpt lat="-35.654128000" lon="138.150582000">
<ele>18</ele>
</trkpt>
<trkpt lat="-35.654111000" lon="138.150611000">
<ele>18</ele>
</trkpt>
<trkpt lat="-35.654094000" lon="138.150639000">
<ele>19</ele>
</trkpt>
<trkpt lat="-35.654075000" lon="138.150668000">
<ele>19</ele>
</trkpt>
<trkpt lat="-35.654052000" lon="138.150707000">
<ele>19</ele>
</trkpt>
<trkpt lat="-35.654039000" lon="138.150726000">
<ele>20</ele>
</trkpt>
<trkpt lat="-35.654014000" lon="138.150763000">
<ele>20</ele>
</trkpt>
<trkpt lat="-35.653990000" lon="138.150793000">
<ele>21</ele>
</trkpt>
<trkpt lat="-35.653969000" lon="138.150828000">
<ele>21</ele>
</trkpt>
<trkpt lat="-35.653948000" lon="138.150854000">
<ele>21</ele>
</trkpt>
<trkpt lat="-35.653929000" lon="138.150885000">
<ele>21</ele>
</trkpt>
<trkpt lat="-35.653908000" lon="138.150919000">
<ele>21</ele>
</trkpt>
<trkpt lat="-35.653891000" lon="138.150945000">
<ele>21</ele>
</trkpt>
<trkpt lat="-35.653872000" lon="138.150972000">
<ele>21</ele>
</trkpt>
<trkpt lat="-35.653851000" lon="138.150996000">
<ele>21</ele>
</trkpt>
<trkpt lat="-35.653839000" lon="138.151028000">
<ele>21</ele>
</trkpt>
<trkpt lat="-35.653826000" lon="138.151050000">
<ele>21</ele>
</trkpt>
<trkpt lat="-35.653811000" lon="138.151075000">
<ele>20</ele>
</trkpt>
<trkpt lat="-35.653799000" lon="138.151116000">
<ele>20</ele>
</trkpt>
<trkpt lat="-35.653797000" lon="138.151136000">
<ele>19</ele>
</trkpt>
<trkpt lat="-35.653780000" lon="138.151167000">
<ele>19</ele>
</trkpt>
<trkpt lat="-35.653769000" lon="138.151182000">
<ele>19</ele>
</trkpt>
<trkpt lat="-35.653764000" lon="138.151196000">
<ele>19</ele>
</trkpt>
<trkpt lat="-35.653750000" lon="138.151216000">
<ele>19</ele>
</trkpt>
<trkpt lat="-35.653734000" lon="138.151236000">
<ele>19</ele>
</trkpt>
<trkpt lat="-35.653718000" lon="138.151258000">
<ele>19</ele>
</trkpt>
<trkpt lat="-35.653699000" lon="138.151281000">
<ele>19</ele>
</trkpt>
<trkpt lat="-35.653683000" lon="138.151303000">
<ele>19</ele>
</trkpt>
<trkpt lat="-35.653670000" lon="138.151327000">
<ele>19</ele>
</trkpt>
<trkpt lat="-35.653655000" lon="138.151348000">
<ele>18</ele>
</trkpt>
<trkpt lat="-35.653643000" lon="138.151366000">
<ele>18</ele>
</trkpt>
<trkpt lat="-35.653632000" lon="138.151387000">
<ele>18</ele>
</trkpt>
<trkpt lat="-35.653620000" lon="138.151404000">
<ele>18</ele>
</trkpt>
<trkpt lat="-35.653608000" lon="138.151424000">
<ele>18</ele>
</trkpt>
<trkpt lat="-35.653599000" lon="138.151446000">
<ele>18</ele>
</trkpt>
<trkpt lat="-35.653595000" lon="138.151458000">
<ele>18</ele>
</trkpt>
<trkpt lat="-35.653584000" lon="138.151487000">
<ele>18</ele>
</trkpt>
<trkpt lat="-35.653578000" lon="138.151512000">
<ele>18</ele>
</trkpt>
<trkpt lat="-35.653574000" lon="138.151543000">
<ele>18</ele>
</trkpt>
<trkpt lat="-35.653565000" lon="138.151567000">
<ele>18</ele>
</trkpt>
<trkpt lat="-35.653555000" lon="138.151609000">
<ele>18</ele>
</trkpt>
<trkpt lat="-35.653550000" lon="138.151630000">
<ele>18</ele>
</trkpt>
<trkpt lat="-35.653535000" lon="138.151653000">
<ele>18</ele>
</trkpt>
<trkpt lat="-35.653527000" lon="138.151671000">
<ele>19</ele>
</trkpt>
<trkpt lat="-35.653518000" lon="138.151688000">
<ele>19</ele>
</trkpt>
<trkpt lat="-35.653507000" lon="138.151711000">
<ele>20</ele>
</trkpt>
<trkpt lat="-35.653497000" lon="138.151731000">
<ele>20</ele>
</trkpt>
<trkpt lat="-35.653487000" lon="138.151756000">
<ele>21</ele>
</trkpt>
<trkpt lat="-35.653476000" lon="138.151781000">
<ele>21</ele>
</trkpt>
<trkpt lat="-35.653467000" lon="138.151804000">
<ele>22</ele>
</trkpt>
<trkpt lat="-35.653463000" lon="138.151827000">
<ele>22</ele>
</trkpt>
<trkpt lat="-35.653458000" lon="138.151841000">
<ele>22</ele>
</trkpt>
<trkpt lat="-35.653445000" lon="138.151862000">
<ele>22</ele>
</trkpt>
<trkpt lat="-35.653439000" lon="138.151877000">
<ele>23</ele>
</trkpt>
<trkpt lat="-35.653438000" lon="138.151895000">
<ele>23</ele>
</trkpt>
<trkpt lat="-35.653437000" lon="138.151917000">
<ele>23</ele>
</trkpt>
<trkpt lat="-35.653436000" lon="138.151935000">
<ele>23</ele>
</trkpt>
<trkpt lat="-35.653434000" lon="138.151952000">
<ele>23</ele>
</trkpt>
<trkpt lat="-35.653431000" lon="138.151972000">
<ele>23</ele>
</trkpt>
<trkpt lat="-35.653426000" lon="138.151988000">
<ele>23</ele>
</trkpt>
<trkpt lat="-35.653417000" lon="138.151999000">
<ele>24</ele>
</trkpt>
<trkpt lat="-35.653416000" lon="138.152014000">
<ele>24</ele>
</trkpt>
<trkpt lat="-35.653419000" lon="138.152034000">
<ele>23</ele>
</trkpt>
<trkpt lat="-35.653425000" lon="138.152051000">
<ele>23</ele>
</trkpt>
<trkpt lat="-35.653436000" lon="138.152052000">
<ele>23</ele>
</trkpt>
<trkpt lat="-35.653450000" lon="138.152054000">
<ele>22</ele>
</trkpt>
<trkpt lat="-35.653463000" lon="138.152058000">
<ele>22</ele>
</trkpt>
<trkpt lat="-35.653475000" lon="138.152066000">
<ele>21</ele>
</trkpt>
<trkpt lat="-35.653483000" lon="138.152074000">
<ele>21</ele>
</trkpt>
<trkpt lat="-35.653483000" lon="138.152085000">
<ele>21</ele>
</trkpt>
<trkpt lat="-35.653481000" lon="138.152097000">
<ele>21</ele>
</trkpt>
<trkpt lat="-35.653475000" lon="138.152107000">
<ele>21</ele>
</trkpt>
<trkpt lat="-35.653466000" lon="138.152117000">
<ele>22</ele>
</trkpt>
<trkpt lat="-35.653452000" lon="138.152128000">
<ele>22</ele>
</trkpt>
<trkpt lat="-35.653439000" lon="138.152145000">
<ele>23</ele>
</trkpt>
<trkpt lat="-35.653431000" lon="138.152157000">
<ele>23</ele>
</trkpt>
<trkpt lat="-35.653423000" lon="138.152173000">
<ele>24</ele>
</trkpt>
<trkpt lat="-35.653415000" lon="138.152190000">
<ele>24</ele>
</trkpt>
<trkpt lat="-35.653410000" lon="138.152211000">
<ele>24</ele>
</trkpt>
<trkpt lat="-35.653409000" lon="138.152230000">
<ele>24</ele>
</trkpt>
<trkpt lat="-35.653406000" lon="138.152245000">
<ele>25</ele>
</trkpt>
<trkpt lat="-35.653403000" lon="138.152259000">
<ele>25</ele>
</trkpt>
<trkpt lat="-35.653400000" lon="138.152273000">
<ele>25</ele>
</trkpt>
<trkpt lat="-35.653398000" lon="138.152289000">
<ele>25</ele>
</trkpt>
<trkpt lat="-35.653396000" lon="138.152303000">
<ele>25</ele>
</trkpt>
<trkpt lat="-35.653399000" lon="138.152314000">
<ele>25</ele>
</trkpt>
<trkpt lat="-35.653405000" lon="138.152329000">
<ele>25</ele>
</trkpt>
<trkpt lat="-35.653406000" lon="138.152339000">
<ele>25</ele>
</trkpt>
<trkpt lat="-35.653406000" lon="138.152348000">
<ele>25</ele>
</trkpt>
<trkpt lat="-35.653406000" lon="138.152358000">
<ele>25</ele>
</trkpt>
<trkpt lat="-35.653402000" lon="138.152370000">
<ele>25</ele>
</trkpt>
<trkpt lat="-35.653396000" lon="138.152384000">
<ele>26</ele>
</trkpt>
<trkpt lat="-35.653387000" lon="138.152396000">
<ele>26</ele>
</trkpt>
<trkpt lat="-35.653377000" lon="138.152410000">
<ele>27</ele>
</trkpt>
<trkpt lat="-35.653367000" lon="138.152421000">
<ele>27</ele>
</trkpt>
<trkpt lat="-35.653362000" lon="138.152433000">
<ele>27</ele>
</trkpt>
<trkpt lat="-35.653360000" lon="138.152451000">
<ele>28</ele>
</trkpt>
<trkpt lat="-35.653359000" lon="138.152472000">
<ele>28</ele>
</trkpt>
<trkpt lat="-35.653358000" lon="138.152491000">
<ele>28</ele>
</trkpt>
<trkpt lat="-35.653357000" lon="138.152507000">
<ele>28</ele>
</trkpt>
<trkpt lat="-35.653360000" lon="138.152522000">
<ele>28</ele>
</trkpt>
<trkpt lat="-35.653365000" lon="138.152543000">
<ele>27</ele>
</trkpt>
<trkpt lat="-35.653377000" lon="138.152575000">
<ele>27</ele>
</trkpt>
<trkpt lat="-35.653379000" lon="138.152594000">
<ele>27</ele>
</trkpt>
<trkpt lat="-35.653379000" lon="138.152631000">
<ele>27</ele>
</trkpt>
<trkpt lat="-35.653376000" lon="138.152660000">
<ele>27</ele>
</trkpt>
<trkpt lat="-35.653373000" lon="138.152683000">
<ele>27</ele>
</trkpt>
<trkpt lat="-35.653365000" lon="138.152703000">
<ele>27</ele>
</trkpt>
<trkpt lat="-35.653352000" lon="138.152722000">
<ele>27</ele>
</trkpt>
<trkpt lat="-35.653332000" lon="138.152747000">
<ele>28</ele>
</trkpt>
<trkpt lat="-35.653327000" lon="138.152763000">
<ele>28</ele>
</trkpt>
<trkpt lat="-35.653310000" lon="138.152783000">
<ele>29</ele>
</trkpt>
<trkpt lat="-35.653293000" lon="138.152805000">
<ele>29</ele>
</trkpt>
<trkpt lat="-35.653277000" lon="138.152829000">
<ele>29</ele>
</trkpt>
<trkpt lat="-35.653258000" lon="138.152852000">
<ele>29</ele>
</trkpt>
<trkpt lat="-35.653238000" lon="138.152878000">
<ele>30</ele>
</trkpt>
<trkpt lat="-35.653220000" lon="138.152900000">
<ele>30</ele>
</trkpt>
<trkpt lat="-35.653204000" lon="138.152925000">
<ele>30</ele>
</trkpt>
<trkpt lat="-35.653191000" lon="138.152946000">
<ele>31</ele>
</trkpt>
<trkpt lat="-35.653183000" lon="138.152964000">
<ele>31</ele>
</trkpt>
<trkpt lat="-35.653172000" lon="138.152982000">
<ele>31</ele>
</trkpt>
<trkpt lat="-35.653160000" lon="138.153001000">
<ele>31</ele>
</trkpt>
<trkpt lat="-35.653147000" lon="138.153019000">
<ele>31</ele>
</trkpt>
<trkpt lat="-35.653130000" lon="138.153049000">
<ele>31</ele>
</trkpt>
<trkpt lat="-35.653122000" lon="138.153059000">
<ele>32</ele>
</trkpt>
<trkpt lat="-35.653108000" lon="138.153084000">
<ele>32</ele>
</trkpt>
<trkpt lat="-35.653095000" lon="138.153108000">
<ele>32</ele>
</trkpt>
<trkpt lat="-35.653084000" lon="138.153133000">
<ele>32</ele>
</trkpt>
<trkpt lat="-35.653071000" lon="138.153155000">
<ele>32</ele>
</trkpt>
<trkpt lat="-35.653054000" lon="138.153177000">
<ele>32</ele>
</trkpt>
<trkpt lat="-35.653057000" lon="138.153203000">
<ele>31</ele>
</trkpt>
<trkpt lat="-35.653052000" lon="138.153219000">
<ele>31</ele>
</trkpt>
<trkpt lat="-35.653035000" lon="138.153247000">
<ele>31</ele>
</trkpt>
<trkpt lat="-35.653023000" lon="138.153266000">
<ele>31</ele>
</trkpt>
<trkpt lat="-35.653013000" lon="138.153280000">
<ele>31</ele>
</trkpt>
<trkpt lat="-35.652996000" lon="138.153299000">
<ele>31</ele>
</trkpt>
<trkpt lat="-35.652985000" lon="138.153315000">
<ele>31</ele>
</trkpt>
<trkpt lat="-35.652972000" lon="138.153345000">
<ele>31</ele>
</trkpt>
<trkpt lat="-35.652960000" lon="138.153377000">
<ele>30</ele>
</trkpt>
<trkpt lat="-35.652944000" lon="138.153405000">
<ele>30</ele>
</trkpt>
<trkpt lat="-35.652926000" lon="138.153437000">
<ele>30</ele>
</trkpt>
<trkpt lat="-35.652913000" lon="138.153463000">
<ele>30</ele>
</trkpt>
<trkpt lat="-35.652897000" lon="138.153494000">
<ele>30</ele>
</trkpt>
<trkpt lat="-35.652893000" lon="138.153513000">
<ele>29</ele>
</trkpt>
<trkpt lat="-35.652876000" lon="138.153536000">
<ele>29</ele>
</trkpt>
<trkpt lat="-35.652867000" lon="138.153559000">
<ele>29</ele>
</trkpt>
<trkpt lat="-35.652851000" lon="138.153583000">
<ele>29</ele>
</trkpt>
<trkpt lat="-35.652844000" lon="138.153600000">
<ele>28</ele>
</trkpt>
<trkpt lat="-35.652838000" lon="138.153620000">
<ele>28</ele>
</trkpt>
<trkpt lat="-35.652823000" lon="138.153649000">
<ele>29</ele>
</trkpt>
<trkpt lat="-35.652804000" lon="138.153677000">
<ele>29</ele>
</trkpt>
<trkpt lat="-35.652796000" lon="138.153692000">
<ele>30</ele>
</trkpt>
<trkpt lat="-35.652787000" lon="138.153704000">
<ele>30</ele>
</trkpt>
<trkpt lat="-35.652790000" lon="138.153724000">
<ele>30</ele>
</trkpt>
<trkpt lat="-35.652789000" lon="138.153743000">
<ele>30</ele>
</trkpt>
<trkpt lat="-35.652790000" lon="138.153765000">
<ele>31</ele>
</trkpt>
<trkpt lat="-35.652788000" lon="138.153796000">
<ele>31</ele>
</trkpt>
<trkpt lat="-35.652786000" lon="138.153822000">
<ele>31</ele>
</trkpt>
<trkpt lat="-35.652796000" lon="138.153844000">
<ele>31</ele>
</trkpt>
<trkpt lat="-35.652825000" lon="138.153852000">
<ele>31</ele>
</trkpt>
<trkpt lat="-35.652843000" lon="138.153864000">
<ele>31</ele>
</trkpt>
<trkpt lat="-35.652872000" lon="138.153878000">
<ele>31</ele>
</trkpt>
<trkpt lat="-35.652890000" lon="138.153888000">
<ele>31</ele>
</trkpt>
<trkpt lat="-35.652924000" lon="138.153901000">
<ele>31</ele>
</trkpt>
<trkpt lat="-35.652948000" lon="138.153901000">
<ele>30</ele>
</trkpt>
<trkpt lat="-35.652969000" lon="138.153904000">
<ele>30</ele>
</trkpt>
<trkpt lat="-35.652989000" lon="138.153912000">
<ele>30</ele>
</trkpt>
<trkpt lat="-35.653001000" lon="138.153919000">
<ele>30</ele>
</trkpt>
<trkpt lat="-35.653019000" lon="138.153927000">
<ele>30</ele>
</trkpt>
<trkpt lat="-35.653035000" lon="138.153932000">
<ele>30</ele>
</trkpt>
<trkpt lat="-35.653055000" lon="138.153951000">
<ele>30</ele>
</trkpt>
<trkpt lat="-35.653078000" lon="138.153966000">
<ele>30</ele>
</trkpt>
<trkpt lat="-35.653100000" lon="138.153980000">
<ele>30</ele>
</trkpt>
<trkpt lat="-35.653112000" lon="138.153986000">
<ele>30</ele>
</trkpt>
<trkpt lat="-35.653142000" lon="138.154006000">
<ele>29</ele>
</trkpt>
<trkpt lat="-35.653158000" lon="138.154019000">
<ele>29</ele>
</trkpt>
<trkpt lat="-35.653176000" lon="138.154030000">
<ele>29</ele>
</trkpt>
<trkpt lat="-35.653193000" lon="138.154042000">
<ele>29</ele>
</trkpt>
<trkpt lat="-35.653209000" lon="138.154055000">
<ele>29</ele>
</trkpt>
<trkpt lat="-35.653225000" lon="138.154068000">
<ele>29</ele>
</trkpt>
<trkpt lat="-35.653237000" lon="138.154084000">
<ele>29</ele>
</trkpt>
<trkpt lat="-35.653245000" lon="138.154102000">
<ele>29</ele>
</trkpt>
<trkpt lat="-35.653249000" lon="138.154116000">
<ele>29</ele>
</trkpt>
<trkpt lat="-35.653259000" lon="138.154134000">
<ele>29</ele>
</trkpt>
<trkpt lat="-35.653265000" lon="138.154140000">
<ele>29</ele>
</trkpt>
<trkpt lat="-35.653280000" lon="138.154158000">
<ele>29</ele>
</trkpt>
<trkpt lat="-35.653287000" lon="138.154175000">
<ele>29</ele>
</trkpt>
<trkpt lat="-35.653289000" lon="138.154200000">
<ele>29</ele>
</trkpt>
<trkpt lat="-35.653290000" lon="138.154223000">
<ele>29</ele>
</trkpt>
<trkpt lat="-35.653287000" lon="138.154244000">
<ele>29</ele>
</trkpt>
<trkpt lat="-35.653278000" lon="138.154266000">
<ele>29</ele>
</trkpt>
<trkpt lat="-35.653273000" lon="138.154286000">
<ele>30</ele>
</trkpt>
<trkpt lat="-35.653270000" lon="138.154302000">
<ele>30</ele>
</trkpt>
<trkpt lat="-35.653269000" lon="138.154330000">
<ele>30</ele>
</trkpt>
<trkpt lat="-35.653272000" lon="138.154353000">
<ele>30</ele>
</trkpt>
<trkpt lat="-35.653273000" lon="138.154383000">
<ele>30</ele>
</trkpt>
<trkpt lat="-35.653272000" lon="138.154425000">
<ele>30</ele>
</trkpt>
<trkpt lat="-35.653271000" lon="138.154460000">
<ele>30</ele>
</trkpt>
<trkpt lat="-35.653271000" lon="138.154491000">
<ele>30</ele>
</trkpt>
<trkpt lat="-35.653274000" lon="138.154526000">
<ele>29</ele>
</trkpt>
<trkpt lat="-35.653282000" lon="138.154555000">
<ele>29</ele>
</trkpt>
<trkpt lat="-35.653285000" lon="138.154576000">
<ele>29</ele>
</trkpt>
<trkpt lat="-35.653285000" lon="138.154599000">
<ele>29</ele>
</trkpt>
<trkpt lat="-35.653284000" lon="138.154617000">
<ele>29</ele>
</trkpt>
<trkpt lat="-35.653283000" lon="138.154649000">
<ele>28</ele>
</trkpt>
<trkpt lat="-35.653286000" lon="138.154686000">
<ele>28</ele>
</trkpt>
<trkpt lat="-35.653288000" lon="138.154712000">
<ele>28</ele>
</trkpt>
<trkpt lat="-35.653288000" lon="138.154748000">
<ele>27</ele>
</trkpt>
<trkpt lat="-35.653289000" lon="138.154774000">
<ele>27</ele>
</trkpt>
<trkpt lat="-35.653295000" lon="138.154800000">
<ele>27</ele>
</trkpt>
<trkpt lat="-35.653304000" lon="138.154828000">
<ele>26</ele>
</trkpt>
<trkpt lat="-35.653313000" lon="138.154849000">
<ele>25</ele>
</trkpt>
<trkpt lat="-35.653324000" lon="138.154875000">
<ele>24</ele>
</trkpt>
<trkpt lat="-35.653327000" lon="138.154889000">
<ele>24</ele>
</trkpt>
<trkpt lat="-35.653329000" lon="138.154916000">
<ele>23</ele>
</trkpt>
<trkpt lat="-35.653331000" lon="138.154939000">
<ele>23</ele>
</trkpt>
<trkpt lat="-35.653341000" lon="138.154958000">
<ele>22</ele>
</trkpt>
<trkpt lat="-35.653348000" lon="138.154981000">
<ele>22</ele>
</trkpt>
<trkpt lat="-35.653353000" lon="138.154999000">
<ele>22</ele>
</trkpt>
<trkpt lat="-35.653356000" lon="138.155022000">
<ele>21</ele>
</trkpt>
<trkpt lat="-35.653360000" lon="138.155051000">
<ele>21</ele>
</trkpt>
<trkpt lat="-35.653363000" lon="138.155080000">
<ele>21</ele>
</trkpt>
<trkpt lat="-35.653368000" lon="138.155108000">
<ele>21</ele>
</trkpt>
<trkpt lat="-35.653370000" lon="138.155136000">
<ele>21</ele>
</trkpt>
<trkpt lat="-35.653373000" lon="138.155160000">
<ele>21</ele>
</trkpt>
<trkpt lat="-35.653376000" lon="138.155183000">
<ele>21</ele>
</trkpt>
<trkpt lat="-35.653378000" lon="138.155211000">
<ele>21</ele>
</trkpt>
<trkpt lat="-35.653378000" lon="138.155226000">
<ele>21</ele>
</trkpt>
<trkpt lat="-35.653377000" lon="138.155233000">
<ele>21</ele>
</trkpt>
<trkpt lat="-35.653375000" lon="138.155263000">
<ele>21</ele>
</trkpt>
<trkpt lat="-35.653378000" lon="138.155280000">
<ele>21</ele>
</trkpt>
<trkpt lat="-35.653382000" lon="138.155304000">
<ele>20</ele>
</trkpt>
<trkpt lat="-35.653390000" lon="138.155336000">
<ele>20</ele>
</trkpt>
<trkpt lat="-35.653395000" lon="138.155352000">
<ele>20</ele>
</trkpt>
<trkpt lat="-35.653395000" lon="138.155371000">
<ele>20</ele>
</trkpt>
<trkpt lat="-35.653395000" lon="138.155390000">
<ele>20</ele>
</trkpt>
<trkpt lat="-35.653395000" lon="138.155413000">
<ele>20</ele>
</trkpt>
<trkpt lat="-35.653395000" lon="138.155424000">
<ele>19</ele>
</trkpt>
<trkpt lat="-35.653402000" lon="138.155438000">
<ele>19</ele>
</trkpt>
<trkpt lat="-35.653413000" lon="138.155440000">
<ele>19</ele>
</trkpt>
<trkpt lat="-35.653424000" lon="138.155454000">
<ele>18</ele>
</trkpt>
<trkpt lat="-35.653430000" lon="138.155472000">
<ele>18</ele>
</trkpt>
<trkpt lat="-35.653436000" lon="138.155489000">
<ele>18</ele>
</trkpt>
<trkpt lat="-35.653438000" lon="138.155508000">
<ele>18</ele>
</trkpt>
<trkpt lat="-35.653439000" lon="138.155522000">
<ele>17</ele>
</trkpt>
<trkpt lat="-35.653441000" lon="138.155543000">
<ele>17</ele>
</trkpt>
<trkpt lat="-35.653442000" lon="138.155562000">
<ele>17</ele>
</trkpt>
<trkpt lat="-35.653440000" lon="138.155585000">
<ele>17</ele>
</trkpt>
<trkpt lat="-35.653444000" lon="138.155602000">
<ele>16</ele>
</trkpt>
<trkpt lat="-35.653451000" lon="138.155617000">
<ele>16</ele>
</trkpt>
<trkpt lat="-35.653461000" lon="138.155632000">
<ele>15</ele>
</trkpt>
<trkpt lat="-35.653471000" lon="138.155646000">
<ele>15</ele>
</trkpt>
<trkpt lat="-35.653479000" lon="138.155662000">
<ele>14</ele>
</trkpt>
<trkpt lat="-35.653484000" lon="138.155682000">
<ele>14</ele>
</trkpt>
<trkpt lat="-35.653488000" lon="138.155702000">
<ele>13</ele>
</trkpt>
<trkpt lat="-35.653486000" lon="138.155723000">
<ele>13</ele>
</trkpt>
<trkpt lat="-35.653483000" lon="138.155740000">
<ele>13</ele>
</trkpt>
<trkpt lat="-35.653480000" lon="138.155755000">
<ele>13</ele>
</trkpt>
<trkpt lat="-35.653486000" lon="138.155767000">
<ele>13</ele>
</trkpt>
<trkpt lat="-35.653499000" lon="138.155769000">
<ele>12</ele>
</trkpt>
<trkpt lat="-35.653521000" lon="138.155765000">
<ele>11</ele>
</trkpt>
<trkpt lat="-35.653540000" lon="138.155761000">
<ele>11</ele>
</trkpt>
<trkpt lat="-35.653564000" lon="138.155761000">
<ele>10</ele>
</trkpt>
<trkpt lat="-35.653576000" lon="138.155747000">
<ele>10</ele>
</trkpt>
<trkpt lat="-35.653594000" lon="138.155744000">
<ele>9</ele>
</trkpt>
<trkpt lat="-35.653610000" lon="138.155737000">
<ele>9</ele>
</trkpt>
<trkpt lat="-35.653626000" lon="138.155716000">
<ele>9</ele>
</trkpt>
<trkpt lat="-35.653641000" lon="138.155701000">
<ele>9</ele>
</trkpt>
<trkpt lat="-35.653654000" lon="138.155687000">
<ele>9</ele>
</trkpt>
<trkpt lat="-35.653663000" lon="138.155673000">
<ele>9</ele>
</trkpt>
<trkpt lat="-35.653676000" lon="138.155668000">
<ele>9</ele>
</trkpt>
<trkpt lat="-35.653694000" lon="138.155656000">
<ele>9</ele>
</trkpt>
<trkpt lat="-35.653709000" lon="138.155653000">
<ele>9</ele>
</trkpt>
<trkpt lat="-35.653732000" lon="138.155655000">
<ele>8</ele>
</trkpt>
<trkpt lat="-35.653752000" lon="138.155658000">
<ele>8</ele>
</trkpt>
<trkpt lat="-35.653782000" lon="138.155659000">
<ele>8</ele>
</trkpt>
<trkpt lat="-35.653799000" lon="138.155639000">
<ele>8</ele>
</trkpt>
<trkpt lat="-35.653830000" lon="138.155621000">
<ele>8</ele>
</trkpt>
<trkpt lat="-35.653854000" lon="138.155616000">
<ele>7</ele>
</trkpt>
<trkpt lat="-35.653871000" lon="138.155619000">
<ele>7</ele>
</trkpt>
<trkpt lat="-35.653881000" lon="138.155621000">
<ele>7</ele>
</trkpt>
<trkpt lat="-35.653889000" lon="138.155630000">
<ele>7</ele>
</trkpt>
<trkpt lat="-35.653913000" lon="138.155635000">
<ele>7</ele>
</trkpt>
<trkpt lat="-35.653934000" lon="138.155623000">
<ele>7</ele>
</trkpt>
<trkpt lat="-35.653943000" lon="138.155617000">
<ele>7</ele>
</trkpt>
<trkpt lat="-35.653956000" lon="138.155613000">
<ele>7</ele>
</trkpt>
<trkpt lat="-35.653970000" lon="138.155588000">
<ele>7</ele>
</trkpt>
<trkpt lat="-35.653990000" lon="138.155576000">
<ele>7</ele>
</trkpt>
<trkpt lat="-35.654005000" lon="138.155572000">
<ele>7</ele>
</trkpt>
<trkpt lat="-35.654031000" lon="138.155574000">
<ele>6</ele>
</trkpt>
<trkpt lat="-35.654054000" lon="138.155581000">
<ele>6</ele>
</trkpt>
<trkpt lat="-35.654076000" lon="138.155585000">
<ele>6</ele>
</trkpt>
<trkpt lat="-35.654102000" lon="138.155591000">
<ele>6</ele>
</trkpt>
<trkpt lat="-35.654126000" lon="138.155602000">
<ele>6</ele>
</trkpt>
<trkpt lat="-35.654151000" lon="138.155617000">
<ele>6</ele>
</trkpt>
<trkpt lat="-35.654173000" lon="138.155636000">
<ele>6</ele>
</trkpt>
<trkpt lat="-35.654199000" lon="138.155658000">
<ele>6</ele>
</trkpt>
<trkpt lat="-35.654219000" lon="138.155676000">
<ele>6</ele>
</trkpt>
<trkpt lat="-35.654250000" lon="138.155690000">
<ele>6</ele>
</trkpt>
<trkpt lat="-35.654271000" lon="138.155702000">
<ele>6</ele>
</trkpt>
<trkpt lat="-35.654303000" lon="138.155722000">
<ele>6</ele>
</trkpt>
<trkpt lat="-35.654337000" lon="138.155732000">
<ele>6</ele>
</trkpt>
<trkpt lat="-35.654374000" lon="138.155750000">
<ele>6</ele>
</trkpt>
<trkpt lat="-35.654406000" lon="138.155778000">
<ele>6</ele>
</trkpt>
<trkpt lat="-35.654416000" lon="138.155813000">
<ele>6</ele>
</trkpt>
<trkpt lat="-35.654417000" lon="138.155847000">
<ele>6</ele>
</trkpt>
<trkpt lat="-35.654412000" lon="138.155885000">
<ele>6</ele>
</trkpt>
<trkpt lat="-35.654409000" lon="138.155920000">
<ele>7</ele>
</trkpt>
<trkpt lat="-35.654398000" lon="138.155957000">
<ele>7</ele>
</trkpt>
<trkpt lat="-35.654386000" lon="138.155999000">
<ele>7</ele>
</trkpt>
<trkpt lat="-35.654383000" lon="138.156040000">
<ele>7</ele>
</trkpt>
<trkpt lat="-35.654383000" lon="138.156082000">
<ele>8</ele>
</trkpt>
<trkpt lat="-35.654380000" lon="138.156111000">
<ele>8</ele>
</trkpt>
<trkpt lat="-35.654384000" lon="138.156152000">
<ele>8</ele>
</trkpt>
<trkpt lat="-35.654390000" lon="138.156187000">
<ele>9</ele>
</trkpt>
<trkpt lat="-35.654402000" lon="138.156216000">
<ele>9</ele>
</trkpt>
<trkpt lat="-35.654403000" lon="138.156244000">
<ele>10</ele>
</trkpt>
<trkpt lat="-35.654406000" lon="138.156269000">
<ele>10</ele>
</trkpt>
<trkpt lat="-35.654413000" lon="138.156285000">
<ele>10</ele>
</trkpt>
<trkpt lat="-35.654429000" lon="138.156312000">
<ele>11</ele>
</trkpt>
<trkpt lat="-35.654445000" lon="138.156339000">
<ele>11</ele>
</trkpt>
<trkpt lat="-35.654465000" lon="138.156368000">
<ele>12</ele>
</trkpt>
<trkpt lat="-35.654488000" lon="138.156389000">
<ele>12</ele>
</trkpt>
<trkpt lat="-35.654510000" lon="138.156395000">
<ele>13</ele>
</trkpt>
<trkpt lat="-35.654533000" lon="138.156384000">
<ele>13</ele>
</trkpt>
<trkpt lat="-35.654556000" lon="138.156365000">
<ele>13</ele>
</trkpt>
<trkpt lat="-35.654586000" lon="138.156339000">
<ele>13</ele>
</trkpt>
<trkpt lat="-35.654612000" lon="138.156319000">
<ele>12</ele>
</trkpt>
<trkpt lat="-35.654642000" lon="138.156298000">
<ele>12</ele>
</trkpt>
<trkpt lat="-35.654670000" lon="138.156272000">
<ele>12</ele>
</trkpt>
<trkpt lat="-35.654692000" lon="138.156244000">
<ele>11</ele>
</trkpt>
<trkpt lat="-35.654714000" lon="138.156229000">
<ele>11</ele>
</trkpt>
<trkpt lat="-35.654741000" lon="138.156224000">
<ele>11</ele>
</trkpt>
<trkpt lat="-35.654773000" lon="138.156212000">
<ele>11</ele>
</trkpt>
<trkpt lat="-35.654799000" lon="138.156211000">
<ele>11</ele>
</trkpt>
<trkpt lat="-35.654855000" lon="138.156200000">
<ele>11</ele>
</trkpt>
<trkpt lat="-35.654894000" lon="138.156196000">
<ele>11</ele>
</trkpt>
<trkpt lat="-35.654926000" lon="138.156202000">
<ele>12</ele>
</trkpt>
<trkpt lat="-35.654975000" lon="138.156231000">
<ele>12</ele>
</trkpt>
<trkpt lat="-35.655019000" lon="138.156225000">
<ele>13</ele>
</trkpt>
<trkpt lat="-35.655027000" lon="138.156230000">
<ele>13</ele>
</trkpt>
<trkpt lat="-35.655033000" lon="138.156241000">
<ele>13</ele>
</trkpt>
<trkpt lat="-35.655090000" lon="138.156238000">
<ele>13</ele>
</trkpt>
<trkpt lat="-35.655133000" lon="138.156250000">
<ele>14</ele>
</trkpt>
<trkpt lat="-35.655169000" lon="138.156262000">
<ele>14</ele>
</trkpt>
<trkpt lat="-35.655210000" lon="138.156281000">
<ele>15</ele>
</trkpt>
<trkpt lat="-35.655249000" lon="138.156309000">
<ele>15</ele>
</trkpt>
<trkpt lat="-35.655289000" lon="138.156340000">
<ele>16</ele>
</trkpt>
<trkpt lat="-35.655311000" lon="138.156359000">
<ele>16</ele>
</trkpt>
<trkpt lat="-35.655361000" lon="138.156350000">
<ele>15</ele>
</trkpt>
<trkpt lat="-35.655405000" lon="138.156340000">
<ele>15</ele>
</trkpt>
<trkpt lat="-35.655428000" lon="138.156324000">
<ele>14</ele>
</trkpt>
<trkpt lat="-35.655474000" lon="138.156294000">
<ele>13</ele>
</trkpt>
<trkpt lat="-35.655502000" lon="138.156288000">
<ele>13</ele>
</trkpt>
<trkpt lat="-35.655542000" lon="138.156293000">
<ele>12</ele>
</trkpt>
<trkpt lat="-35.655595000" lon="138.156312000">
<ele>12</ele>
</trkpt>
<trkpt lat="-35.655620000" lon="138.156318000">
<ele>12</ele>
</trkpt>
<trkpt lat="-35.655654000" lon="138.156334000">
<ele>11</ele>
</trkpt>
<trkpt lat="-35.655689000" lon="138.156362000">
<ele>11</ele>
</trkpt>
<trkpt lat="-35.655713000" lon="138.156372000">
<ele>11</ele>
</trkpt>
<trkpt lat="-35.655751000" lon="138.156410000">
<ele>11</ele>
</trkpt>
<trkpt lat="-35.655791000" lon="138.156476000">
<ele>11</ele>
</trkpt>
<trkpt lat="-35.655803000" lon="138.156508000">
<ele>11</ele>
</trkpt>
<trkpt lat="-35.655817000" lon="138.156552000">
<ele>11</ele>
</trkpt>
<trkpt lat="-35.655814000" lon="138.156581000">
<ele>11</ele>
</trkpt>
<trkpt lat="-35.655816000" lon="138.156618000">
<ele>12</ele>
</trkpt>
<trkpt lat="-35.655820000" lon="138.156643000">
<ele>12</ele>
</trkpt>
<trkpt lat="-35.655842000" lon="138.156707000">
<ele>13</ele>
</trkpt>
<trkpt lat="-35.655853000" lon="138.156710000">
<ele>13</ele>
</trkpt>
<trkpt lat="-35.655872000" lon="138.156699000">
<ele>13</ele>
</trkpt>
<trkpt lat="-35.655904000" lon="138.156670000">
<ele>12</ele>
</trkpt>
<trkpt lat="-35.655914000" lon="138.156655000">
<ele>12</ele>
</trkpt>
<trkpt lat="-35.655918000" lon="138.156634000">
<ele>12</ele>
</trkpt>
<trkpt lat="-35.655941000" lon="138.156603000">
<ele>12</ele>
</trkpt>
<trkpt lat="-35.655944000" lon="138.156570000">
<ele>11</ele>
</trkpt>
<trkpt lat="-35.655950000" lon="138.156536000">
<ele>11</ele>
</trkpt>
<trkpt lat="-35.655972000" lon="138.156535000">
<ele>11</ele>
</trkpt>
<trkpt lat="-35.656000000" lon="138.156526000">
<ele>10</ele>
</trkpt>
<trkpt lat="-35.656014000" lon="138.156538000">
<ele>11</ele>
</trkpt>
<trkpt lat="-35.656019000" lon="138.156546000">
<ele>11</ele>
</trkpt>
<trkpt lat="-35.656035000" lon="138.156561000">
<ele>11</ele>
</trkpt>
<trkpt lat="-35.656054000" lon="138.156578000">
<ele>11</ele>
</trkpt>
<trkpt lat="-35.656054000" lon="138.156598000">
<ele>12</ele>
</trkpt>
<trkpt lat="-35.656063000" lon="138.156610000">
<ele>12</ele>
</trkpt>
<trkpt lat="-35.656078000" lon="138.156609000">
<ele>12</ele>
</trkpt>
<trkpt lat="-35.656103000" lon="138.156578000">
<ele>11</ele>
</trkpt>
<trkpt lat="-35.656136000" lon="138.156528000">
<ele>10</ele>
</trkpt>
<trkpt lat="-35.656159000" lon="138.156520000">
<ele>10</ele>
</trkpt>
<trkpt lat="-35.656176000" lon="138.156505000">
<ele>10</ele>
</trkpt>
<trkpt lat="-35.656204000" lon="138.156498000">
<ele>10</ele>
</trkpt>
<trkpt lat="-35.656234000" lon="138.156501000">
<ele>10</ele>
</trkpt>
<trkpt lat="-35.656238000" lon="138.156524000">
<ele>10</ele>
</trkpt>
<trkpt lat="-35.656266000" lon="138.156599000">
<ele>11</ele>
</trkpt>
<trkpt lat="-35.656271000" lon="138.156628000">
<ele>12</ele>
</trkpt>
<trkpt lat="-35.656289000" lon="138.156666000">
<ele>12</ele>
</trkpt>
<trkpt lat="-35.656294000" lon="138.156692000">
<ele>13</ele>
</trkpt>
<trkpt lat="-35.656307000" lon="138.156709000">
<ele>14</ele>
</trkpt>
<trkpt lat="-35.656308000" lon="138.156756000">
<ele>15</ele>
</trkpt>
<trkpt lat="-35.656315000" lon="138.156812000">
<ele>17</ele>
</trkpt>
<trkpt lat="-35.656351000" lon="138.156899000">
<ele>19</ele>
</trkpt>
<trkpt lat="-35.656349000" lon="138.156927000">
<ele>20</ele>
</trkpt>
<trkpt lat="-35.656376000" lon="138.156979000">
<ele>22</ele>
</trkpt>
<trkpt lat="-35.656395000" lon="138.157008000">
<ele>23</ele>
</trkpt>
<trkpt lat="-35.656403000" lon="138.157042000">
<ele>25</ele>
</trkpt>
<trkpt lat="-35.656448000" lon="138.157103000">
<ele>27</ele>
</trkpt>
<trkpt lat="-35.656477000" lon="138.157116000">
<ele>28</ele>
</trkpt>
<trkpt lat="-35.656549000" lon="138.157146000">
<ele>29</ele>
</trkpt>
<trkpt lat="-35.656585000" lon="138.157161000">
<ele>30</ele>
</trkpt>
<trkpt lat="-35.656619000" lon="138.157188000">
<ele>31</ele>
</trkpt>
<trkpt lat="-35.656670000" lon="138.157195000">
<ele>32</ele>
</trkpt>
<trkpt lat="-35.656690000" lon="138.157223000">
<ele>33</ele>
</trkpt>
<trkpt lat="-35.656698000" lon="138.157225000">
<ele>33</ele>
</trkpt>
<trkpt lat="-35.656713000" lon="138.157227000">
<ele>33</ele>
</trkpt>
<trkpt lat="-35.656727000" lon="138.157231000">
<ele>33</ele>
</trkpt>
<trkpt lat="-35.656737000" lon="138.157239000">
<ele>33</ele>
</trkpt>
<trkpt lat="-35.656743000" lon="138.157242000">
<ele>33</ele>
</trkpt>
<trkpt lat="-35.656755000" lon="138.157244000">
<ele>33</ele>
</trkpt>
<trkpt lat="-35.656782000" lon="138.157246000">
<ele>33</ele>
</trkpt>
<trkpt lat="-35.656807000" lon="138.157251000">
<ele>33</ele>
</trkpt>
<trkpt lat="-35.656833000" lon="138.157256000">
<ele>33</ele>
</trkpt>
<trkpt lat="-35.656857000" lon="138.157266000">
<ele>34</ele>
</trkpt>
<trkpt lat="-35.656893000" lon="138.157268000">
<ele>34</ele>
</trkpt>
<trkpt lat="-35.656916000" lon="138.157276000">
<ele>34</ele>
</trkpt>
<trkpt lat="-35.656942000" lon="138.157281000">
<ele>34</ele>
</trkpt>
<trkpt lat="-35.656962000" lon="138.157289000">
<ele>34</ele>
</trkpt>
<trkpt lat="-35.656986000" lon="138.157299000">
<ele>34</ele>
</trkpt>
<trkpt lat="-35.657010000" lon="138.157312000">
<ele>34</ele>
</trkpt>
<trkpt lat="-35.657040000" lon="138.157326000">
<ele>34</ele>
</trkpt>
<trkpt lat="-35.657061000" lon="138.157345000">
<ele>34</ele>
</trkpt>
<trkpt lat="-35.657078000" lon="138.157367000">
<ele>35</ele>
</trkpt>
<trkpt lat="-35.657094000" lon="138.157378000">
<ele>35</ele>
</trkpt>
<trkpt lat="-35.657111000" lon="138.157396000">
<ele>35</ele>
</trkpt>
<trkpt lat="-35.657130000" lon="138.157416000">
<ele>35</ele>
</trkpt>
<trkpt lat="-35.657146000" lon="138.157444000">
<ele>35</ele>
</trkpt>
<trkpt lat="-35.657161000" lon="138.157470000">
<ele>36</ele>
</trkpt>
<trkpt lat="-35.657184000" lon="138.157495000">
<ele>36</ele>
</trkpt>
<trkpt lat="-35.657195000" lon="138.157525000">
<ele>36</ele>
</trkpt>
<trkpt lat="-35.657208000" lon="138.157555000">
<ele>36</ele>
</trkpt>
<trkpt lat="-35.657221000" lon="138.157584000">
<ele>36</ele>
</trkpt>
<trkpt lat="-35.657236000" lon="138.157613000">
<ele>36</ele>
</trkpt>
<trkpt lat="-35.657247000" lon="138.157645000">
<ele>36</ele>
</trkpt>
<trkpt lat="-35.657260000" lon="138.157679000">
<ele>36</ele>
</trkpt>
<trkpt lat="-35.657277000" lon="138.157713000">
<ele>36</ele>
</trkpt>
<trkpt lat="-35.657294000" lon="138.157744000">
<ele>35</ele>
</trkpt>
<trkpt lat="-35.657308000" lon="138.157778000">
<ele>35</ele>
</trkpt>
<trkpt lat="-35.657323000" lon="138.157811000">
<ele>35</ele>
</trkpt>
<trkpt lat="-35.657343000" lon="138.157840000">
<ele>34</ele>
</trkpt>
<trkpt lat="-35.657361000" lon="138.157872000">
<ele>34</ele>
</trkpt>
<trkpt lat="-35.657374000" lon="138.157901000">
<ele>34</ele>
</trkpt>
<trkpt lat="-35.657386000" lon="138.157933000">
<ele>34</ele>
</trkpt>
<trkpt lat="-35.657398000" lon="138.157962000">
<ele>34</ele>
</trkpt>
<trkpt lat="-35.657408000" lon="138.157992000">
<ele>34</ele>
</trkpt>
<trkpt lat="-35.657429000" lon="138.158018000">
<ele>34</ele>
</trkpt>
<trkpt lat="-35.657440000" lon="138.158052000">
<ele>34</ele>
</trkpt>
<trkpt lat="-35.657455000" lon="138.158078000">
<ele>35</ele>
</trkpt>
<trkpt lat="-35.657471000" lon="138.158106000">
<ele>35</ele>
</trkpt>
<trkpt lat="-35.657492000" lon="138.158132000">
<ele>35</ele>
</trkpt>
<trkpt lat="-35.657507000" lon="138.158159000">
<ele>35</ele>
</trkpt>
<trkpt lat="-35.657526000" lon="138.158185000">
<ele>35</ele>
</trkpt>
<trkpt lat="-35.657546000" lon="138.158211000">
<ele>35</ele>
</trkpt>
<trkpt lat="-35.657571000" lon="138.158235000">
<ele>34</ele>
</trkpt>
<trkpt lat="-35.657596000" lon="138.158256000">
<ele>34</ele>
</trkpt>
<trkpt lat="-35.657618000" lon="138.158275000">
<ele>34</ele>
</trkpt>
<trkpt lat="-35.657642000" lon="138.158296000">
<ele>33</ele>
</trkpt>
<trkpt lat="-35.657664000" lon="138.158318000">
<ele>33</ele>
</trkpt>
<trkpt lat="-35.657693000" lon="138.158336000">
<ele>33</ele>
</trkpt>
<trkpt lat="-35.657714000" lon="138.158356000">
<ele>33</ele>
</trkpt>
<trkpt lat="-35.657731000" lon="138.158378000">
<ele>32</ele>
</trkpt>
<trkpt lat="-35.657745000" lon="138.158407000">
<ele>33</ele>
</trkpt>
<trkpt lat="-35.657760000" lon="138.158431000">
<ele>33</ele>
</trkpt>
<trkpt lat="-35.657776000" lon="138.158451000">
<ele>33</ele>
</trkpt>
<trkpt lat="-35.657791000" lon="138.158468000">
<ele>32</ele>
</trkpt>
<trkpt lat="-35.657812000" lon="138.158486000">
<ele>32</ele>
</trkpt>
<trkpt lat="-35.657823000" lon="138.158513000">
<ele>32</ele>
</trkpt>
<trkpt lat="-35.657822000" lon="138.158531000">
<ele>32</ele>
</trkpt>
<trkpt lat="-35.657826000" lon="138.158546000">
<ele>32</ele>
</trkpt>
<trkpt lat="-35.657835000" lon="138.158573000">
<ele>33</ele>
</trkpt>
<trkpt lat="-35.657847000" lon="138.158602000">
<ele>33</ele>
</trkpt>
<trkpt lat="-35.657861000" lon="138.158631000">
<ele>32</ele>
</trkpt>
<trkpt lat="-35.657874000" lon="138.158654000">
<ele>32</ele>
</trkpt>
<trkpt lat="-35.657891000" lon="138.158684000">
<ele>32</ele>
</trkpt>
<trkpt lat="-35.657906000" lon="138.158712000">
<ele>32</ele>
</trkpt>
<trkpt lat="-35.657905000" lon="138.158749000">
<ele>33</ele>
</trkpt>
<trkpt lat="-35.657902000" lon="138.158779000">
<ele>33</ele>
</trkpt>
<trkpt lat="-35.657903000" lon="138.158812000">
<ele>34</ele>
</trkpt>
<trkpt lat="-35.657900000" lon="138.158846000">
<ele>35</ele>
</trkpt>
<trkpt lat="-35.657896000" lon="138.158878000">
<ele>36</ele>
</trkpt>
<trkpt lat="-35.657893000" lon="138.158912000">
<ele>36</ele>
</trkpt>
<trkpt lat="-35.657887000" lon="138.158941000">
<ele>37</ele>
</trkpt>
<trkpt lat="-35.657872000" lon="138.158972000">
<ele>38</ele>
</trkpt>
<trkpt lat="-35.657866000" lon="138.159003000">
<ele>39</ele>
</trkpt>
<trkpt lat="-35.657856000" lon="138.159032000">
<ele>39</ele>
</trkpt>
<trkpt lat="-35.657847000" lon="138.159057000">
<ele>40</ele>
</trkpt>
<trkpt lat="-35.657839000" lon="138.159083000">
<ele>41</ele>
</trkpt>
<trkpt lat="-35.657829000" lon="138.159113000">
<ele>42</ele>
</trkpt>
<trkpt lat="-35.657824000" lon="138.159143000">
<ele>42</ele>
</trkpt>
<trkpt lat="-35.657830000" lon="138.159166000">
<ele>42</ele>
</trkpt>
<trkpt lat="-35.657825000" lon="138.159196000">
<ele>43</ele>
</trkpt>
<trkpt lat="-35.657820000" lon="138.159228000">
<ele>43</ele>
</trkpt>
<trkpt lat="-35.657810000" lon="138.159259000">
<ele>44</ele>
</trkpt>
<trkpt lat="-35.657810000" lon="138.159271000">
<ele>44</ele>
</trkpt>
<trkpt lat="-35.657795000" lon="138.159378000">
<ele>46</ele>
</trkpt>
<trkpt lat="-35.657793000" lon="138.159389000">
<ele>46</ele>
</trkpt>
<trkpt lat="-35.657799000" lon="138.159408000">
<ele>46</ele>
</trkpt>
<trkpt lat="-35.657808000" lon="138.159425000">
<ele>45</ele>
</trkpt>
<trkpt lat="-35.657815000" lon="138.159431000">
<ele>45</ele>
</trkpt>
<trkpt lat="-35.657828000" lon="138.159443000">
<ele>44</ele>
</trkpt>
<trkpt lat="-35.657834000" lon="138.159446000">
<ele>44</ele>
</trkpt>
<trkpt lat="-35.657852000" lon="138.159449000">
<ele>43</ele>
</trkpt>
<trkpt lat="-35.657864000" lon="138.159453000">
<ele>42</ele>
</trkpt>
<trkpt lat="-35.657873000" lon="138.159457000">
<ele>42</ele>
</trkpt>
<trkpt lat="-35.657888000" lon="138.159451000">
<ele>41</ele>
</trkpt>
<trkpt lat="-35.657898000" lon="138.159451000">
<ele>41</ele>
</trkpt>
<trkpt lat="-35.657907000" lon="138.159457000">
<ele>40</ele>
</trkpt>
<trkpt lat="-35.657919000" lon="138.159457000">
<ele>40</ele>
</trkpt>
<trkpt lat="-35.657932000" lon="138.159459000">
<ele>39</ele>
</trkpt>
<trkpt lat="-35.657941000" lon="138.159467000">
<ele>39</ele>
</trkpt>
<trkpt lat="-35.657952000" lon="138.159474000">
<ele>38</ele>
</trkpt>
<trkpt lat="-35.657971000" lon="138.159476000">
<ele>37</ele>
</trkpt>
<trkpt lat="-35.657975000" lon="138.159490000">
<ele>37</ele>
</trkpt>
<trkpt lat="-35.657994000" lon="138.159496000">
<ele>36</ele>
</trkpt>
<trkpt lat="-35.658003000" lon="138.159507000">
<ele>36</ele>
</trkpt>
<trkpt lat="-35.658016000" lon="138.159520000">
<ele>36</ele>
</trkpt>
<trkpt lat="-35.658024000" lon="138.159536000">
<ele>36</ele>
</trkpt>
<trkpt lat="-35.658028000" lon="138.159554000">
<ele>36</ele>
</trkpt>
<trkpt lat="-35.658036000" lon="138.159570000">
<ele>36</ele>
</trkpt>
<trkpt lat="-35.658042000" lon="138.159581000">
<ele>36</ele>
</trkpt>
<trkpt lat="-35.658046000" lon="138.159588000">
<ele>36</ele>
</trkpt>
<trkpt lat="-35.658051000" lon="138.159595000">
<ele>35</ele>
</trkpt>
<trkpt lat="-35.658056000" lon="138.159604000">
<ele>35</ele>
</trkpt>
<trkpt lat="-35.658059000" lon="138.159617000">
<ele>36</ele>
</trkpt>
<trkpt lat="-35.658070000" lon="138.159626000">
<ele>35</ele>
</trkpt>
<trkpt lat="-35.658088000" lon="138.159639000">
<ele>35</ele>
</trkpt>
<trkpt lat="-35.658093000" lon="138.159659000">
<ele>35</ele>
</trkpt>
<trkpt lat="-35.658109000" lon="138.159672000">
<ele>34</ele>
</trkpt>
<trkpt lat="-35.658116000" lon="138.159683000">
<ele>34</ele>
</trkpt>
<trkpt lat="-35.658134000" lon="138.159693000">
<ele>33</ele>
</trkpt>
<trkpt lat="-35.658145000" lon="138.159707000">
<ele>33</ele>
</trkpt>
<trkpt lat="-35.658157000" lon="138.159723000">
<ele>33</ele>
</trkpt>
<trkpt lat="-35.658172000" lon="138.159739000">
<ele>32</ele>
</trkpt>
<trkpt lat="-35.658183000" lon="138.159757000">
<ele>32</ele>
</trkpt>
<trkpt lat="-35.658194000" lon="138.159773000">
<ele>32</ele>
</trkpt>
<trkpt lat="-35.658206000" lon="138.159794000">
<ele>31</ele>
</trkpt>
<trkpt lat="-35.658226000" lon="138.159812000">
<ele>31</ele>
</trkpt>
<trkpt lat="-35.658235000" lon="138.159835000">
<ele>31</ele>
</trkpt>
<trkpt lat="-35.658236000" lon="138.159858000">
<ele>31</ele>
</trkpt>
<trkpt lat="-35.658240000" lon="138.159868000">
<ele>31</ele>
</trkpt>
<trkpt lat="-35.658242000" lon="138.159882000">
<ele>31</ele>
</trkpt>
<trkpt lat="-35.658245000" lon="138.159908000">
<ele>32</ele>
</trkpt>
<trkpt lat="-35.658240000" lon="138.159930000">
<ele>32</ele>
</trkpt>
<trkpt lat="-35.658235000" lon="138.159958000">
<ele>33</ele>
</trkpt>
<trkpt lat="-35.658234000" lon="138.159985000">
<ele>34</ele>
</trkpt>
<trkpt lat="-35.658235000" lon="138.160016000">
<ele>34</ele>
</trkpt>
<trkpt lat="-35.658233000" lon="138.160040000">
<ele>35</ele>
</trkpt>
<trkpt lat="-35.658228000" lon="138.160064000">
<ele>36</ele>
</trkpt>
<trkpt lat="-35.658224000" lon="138.160086000">
<ele>36</ele>
</trkpt>
<trkpt lat="-35.658222000" lon="138.160131000">
<ele>37</ele>
</trkpt>
<trkpt lat="-35.658217000" lon="138.160160000">
<ele>38</ele>
</trkpt>
<trkpt lat="-35.658216000" lon="138.160186000">
<ele>39</ele>
</trkpt>
<trkpt lat="-35.658216000" lon="138.160207000">
<ele>39</ele>
</trkpt>
<trkpt lat="-35.658219000" lon="138.160243000">
<ele>40</ele>
</trkpt>
<trkpt lat="-35.658223000" lon="138.160272000">
<ele>40</ele>
</trkpt>
<trkpt lat="-35.658226000" lon="138.160290000">
<ele>40</ele>
</trkpt>
<trkpt lat="-35.658220000" lon="138.160317000">
<ele>41</ele>
</trkpt>
<trkpt lat="-35.658224000" lon="138.160339000">
<ele>41</ele>
</trkpt>
<trkpt lat="-35.658229000" lon="138.160364000">
<ele>41</ele>
</trkpt>
<trkpt lat="-35.658233000" lon="138.160390000">
<ele>42</ele>
</trkpt>
<trkpt lat="-35.658237000" lon="138.160421000">
<ele>42</ele>
</trkpt>
<trkpt lat="-35.658242000" lon="138.160455000">
<ele>42</ele>
</trkpt>
<trkpt lat="-35.658249000" lon="138.160485000">
<ele>42</ele>
</trkpt>
<trkpt lat="-35.658261000" lon="138.160516000">
<ele>42</ele>
</trkpt>
<trkpt lat="-35.658270000" lon="138.160544000">
<ele>42</ele>
</trkpt>
<trkpt lat="-35.658278000" lon="138.160573000">
<ele>42</ele>
</trkpt>
<trkpt lat="-35.658287000" lon="138.160604000">
<ele>42</ele>
</trkpt>
<trkpt lat="-35.658305000" lon="138.160627000">
<ele>42</ele>
</trkpt>
<trkpt lat="-35.658317000" lon="138.160657000">
<ele>41</ele>
</trkpt>
<trkpt lat="-35.658314000" lon="138.160690000">
<ele>42</ele>
</trkpt>
<trkpt lat="-35.658324000" lon="138.160713000">
<ele>42</ele>
</trkpt>
<trkpt lat="-35.658336000" lon="138.160734000">
<ele>41</ele>
</trkpt>
<trkpt lat="-35.658347000" lon="138.160756000">
<ele>41</ele>
</trkpt>
<trkpt lat="-35.658358000" lon="138.160781000">
<ele>41</ele>
</trkpt>
<trkpt lat="-35.658370000" lon="138.160803000">
<ele>41</ele>
</trkpt>
<trkpt lat="-35.658387000" lon="138.160823000">
<ele>40</ele>
</trkpt>
<trkpt lat="-35.658391000" lon="138.160849000">
<ele>40</ele>
</trkpt>
<trkpt lat="-35.658387000" lon="138.160881000">
<ele>41</ele>
</trkpt>
<trkpt lat="-35.658390000" lon="138.160908000">
<ele>41</ele>
</trkpt>
<trkpt lat="-35.658404000" lon="138.160928000">
<ele>41</ele>
</trkpt>
<trkpt lat="-35.658408000" lon="138.160951000">
<ele>41</ele>
</trkpt>
<trkpt lat="-35.658410000" lon="138.160975000">
<ele>42</ele>
</trkpt>
<trkpt lat="-35.658423000" lon="138.160993000">
<ele>42</ele>
</trkpt>
<trkpt lat="-35.658435000" lon="138.161010000">
<ele>41</ele>
</trkpt>
<trkpt lat="-35.658446000" lon="138.161027000">
<ele>41</ele>
</trkpt>
<trkpt lat="-35.658460000" lon="138.161048000">
<ele>41</ele>
</trkpt>
<trkpt lat="-35.658475000" lon="138.161066000">
<ele>41</ele>
</trkpt>
<trkpt lat="-35.658487000" lon="138.161094000">
<ele>41</ele>
</trkpt>
<trkpt lat="-35.658502000" lon="138.161117000">
<ele>41</ele>
</trkpt>
<trkpt lat="-35.658517000" lon="138.161140000">
<ele>41</ele>
</trkpt>
<trkpt lat="-35.658530000" lon="138.161165000">
<ele>41</ele>
</trkpt>
<trkpt lat="-35.658546000" lon="138.161189000">
<ele>40</ele>
</trkpt>
<trkpt lat="-35.658565000" lon="138.161212000">
<ele>40</ele>
</trkpt>
<trkpt lat="-35.658576000" lon="138.161242000">
<ele>40</ele>
</trkpt>
<trkpt lat="-35.658585000" lon="138.161267000">
<ele>40</ele>
</trkpt>
<trkpt lat="-35.658593000" lon="138.161293000">
<ele>41</ele>
</trkpt>
<trkpt lat="-35.658610000" lon="138.161315000">
<ele>40</ele>
</trkpt>
<trkpt lat="-35.658620000" lon="138.161341000">
<ele>41</ele>
</trkpt>
<trkpt lat="-35.658618000" lon="138.161356000">
<ele>41</ele>
</trkpt>
<trkpt lat="-35.658624000" lon="138.161370000">
<ele>41</ele>
</trkpt>
<trkpt lat="-35.658641000" lon="138.161399000">
<ele>41</ele>
</trkpt>
<trkpt lat="-35.658657000" lon="138.161423000">
<ele>41</ele>
</trkpt>
<trkpt lat="-35.658679000" lon="138.161443000">
<ele>40</ele>
</trkpt>
<trkpt lat="-35.658703000" lon="138.161460000">
<ele>39</ele>
</trkpt>
<trkpt lat="-35.658730000" lon="138.161470000">
<ele>38</ele>
</trkpt>
<trkpt lat="-35.658756000" lon="138.161481000">
<ele>37</ele>
</trkpt>
<trkpt lat="-35.658780000" lon="138.161489000">
<ele>36</ele>
</trkpt>
<trkpt lat="-35.658807000" lon="138.161499000">
<ele>35</ele>
</trkpt>
<trkpt lat="-35.658835000" lon="138.161511000">
<ele>34</ele>
</trkpt>
<trkpt lat="-35.658862000" lon="138.161521000">
<ele>33</ele>
</trkpt>
<trkpt lat="-35.658890000" lon="138.161526000">
<ele>32</ele>
</trkpt>
<trkpt lat="-35.658918000" lon="138.161529000">
<ele>31</ele>
</trkpt>
<trkpt lat="-35.658945000" lon="138.161526000">
<ele>30</ele>
</trkpt>
<trkpt lat="-35.658972000" lon="138.161521000">
<ele>29</ele>
</trkpt>
<trkpt lat="-35.659006000" lon="138.161504000">
<ele>28</ele>
</trkpt>
<trkpt lat="-35.659022000" lon="138.161484000">
<ele>27</ele>
</trkpt>
<trkpt lat="-35.659038000" lon="138.161462000">
<ele>26</ele>
</trkpt>
<trkpt lat="-35.659038000" lon="138.161444000">
<ele>26</ele>
</trkpt>
<trkpt lat="-35.659057000" lon="138.161420000">
<ele>26</ele>
</trkpt>
<trkpt lat="-35.659072000" lon="138.161411000">
<ele>25</ele>
</trkpt>
<trkpt lat="-35.659083000" lon="138.161409000">
<ele>25</ele>
</trkpt>
<trkpt lat="-35.659094000" lon="138.161406000">
<ele>24</ele>
</trkpt>
<trkpt lat="-35.659103000" lon="138.161404000">
<ele>24</ele>
</trkpt>
<trkpt lat="-35.659124000" lon="138.161398000">
<ele>23</ele>
</trkpt>
<trkpt lat="-35.659137000" lon="138.161398000">
<ele>23</ele>
</trkpt>
<trkpt lat="-35.659151000" lon="138.161399000">
<ele>23</ele>
</trkpt>
<trkpt lat="-35.659160000" lon="138.161402000">
<ele>22</ele>
</trkpt>
<trkpt lat="-35.659167000" lon="138.161399000">
<ele>22</ele>
</trkpt>
<trkpt lat="-35.659172000" lon="138.161398000">
<ele>22</ele>
</trkpt>
<trkpt lat="-35.659177000" lon="138.161398000">
<ele>22</ele>
</trkpt>
<trkpt lat="-35.659183000" lon="138.161400000">
<ele>22</ele>
</trkpt>
<trkpt lat="-35.659205000" lon="138.161393000">
<ele>21</ele>
</trkpt>
<trkpt lat="-35.659215000" lon="138.161382000">
<ele>21</ele>
</trkpt>
<trkpt lat="-35.659225000" lon="138.161380000">
<ele>20</ele>
</trkpt>
<trkpt lat="-35.659239000" lon="138.161371000">
<ele>20</ele>
</trkpt>
<trkpt lat="-35.659288000" lon="138.161347000">
<ele>18</ele>
</trkpt>
<trkpt lat="-35.659290000" lon="138.161356000">
<ele>18</ele>
</trkpt>
<trkpt lat="-35.659294000" lon="138.161363000">
<ele>18</ele>
</trkpt>
<trkpt lat="-35.659289000" lon="138.161379000">
<ele>19</ele>
</trkpt>
<trkpt lat="-35.659293000" lon="138.161388000">
<ele>19</ele>
</trkpt>
<trkpt lat="-35.659309000" lon="138.161384000">
<ele>18</ele>
</trkpt>
<trkpt lat="-35.659308000" lon="138.161399000">
<ele>18</ele>
</trkpt>
<trkpt lat="-35.659304000" lon="138.161411000">
<ele>19</ele>
</trkpt>
<trkpt lat="-35.659299000" lon="138.161425000">
<ele>19</ele>
</trkpt>
<trkpt lat="-35.659300000" lon="138.161433000">
<ele>19</ele>
</trkpt>
<trkpt lat="-35.659301000" lon="138.161445000">
<ele>19</ele>
</trkpt>
<trkpt lat="-35.659309000" lon="138.161443000">
<ele>18</ele>
</trkpt>
<trkpt lat="-35.659317000" lon="138.161439000">
<ele>18</ele>
</trkpt>
<trkpt lat="-35.659315000" lon="138.161445000">
<ele>18</ele>
</trkpt>
<trkpt lat="-35.659305000" lon="138.161455000">
<ele>18</ele>
</trkpt>
<trkpt lat="-35.659304000" lon="138.161466000">
<ele>18</ele>
</trkpt>
<trkpt lat="-35.659299000" lon="138.161480000">
<ele>19</ele>
</trkpt>
<trkpt lat="-35.659306000" lon="138.161493000">
<ele>18</ele>
</trkpt>
<trkpt lat="-35.659322000" lon="138.161489000">
<ele>18</ele>
</trkpt>
<trkpt lat="-35.659331000" lon="138.161485000">
<ele>18</ele>
</trkpt>
<trkpt lat="-35.659336000" lon="138.161483000">
<ele>18</ele>
</trkpt>
<trkpt lat="-35.659346000" lon="138.161489000">
<ele>17</ele>
</trkpt>
<trkpt lat="-35.659342000" lon="138.161502000">
<ele>17</ele>
</trkpt>
<trkpt lat="-35.659330000" lon="138.161520000">
<ele>18</ele>
</trkpt>
<trkpt lat="-35.659318000" lon="138.161543000">
<ele>18</ele>
</trkpt>
<trkpt lat="-35.659308000" lon="138.161555000">
<ele>18</ele>
</trkpt>
<trkpt lat="-35.659293000" lon="138.161583000">
<ele>18</ele>
</trkpt>
<trkpt lat="-35.659284000" lon="138.161615000">
<ele>19</ele>
</trkpt>
<trkpt lat="-35.659270000" lon="138.161649000">
<ele>19</ele>
</trkpt>
<trkpt lat="-35.659256000" lon="138.161673000">
<ele>19</ele>
</trkpt>
<trkpt lat="-35.659249000" lon="138.161707000">
<ele>20</ele>
</trkpt>
<trkpt lat="-35.659236000" lon="138.161740000">
<ele>20</ele>
</trkpt>
<trkpt lat="-35.659216000" lon="138.161768000">
<ele>20</ele>
</trkpt>
<trkpt lat="-35.659211000" lon="138.161790000">
<ele>21</ele>
</trkpt>
<trkpt lat="-35.659216000" lon="138.161825000">
<ele>20</ele>
</trkpt>
<trkpt lat="-35.659213000" lon="138.161862000">
<ele>20</ele>
</trkpt>
<trkpt lat="-35.659206000" lon="138.161891000">
<ele>21</ele>
</trkpt>
<trkpt lat="-35.659199000" lon="138.161918000">
<ele>21</ele>
</trkpt>
<trkpt lat="-35.659190000" lon="138.161956000">
<ele>21</ele>
</trkpt>
<trkpt lat="-35.659183000" lon="138.161973000">
<ele>21</ele>
</trkpt>
<trkpt lat="-35.659179000" lon="138.161983000">
<ele>22</ele>
</trkpt>
<trkpt lat="-35.659181000" lon="138.161994000">
<ele>21</ele>
</trkpt>
<trkpt lat="-35.659174000" lon="138.162017000">
<ele>22</ele>
</trkpt>
<trkpt lat="-35.659166000" lon="138.162031000">
<ele>22</ele>
</trkpt>
<trkpt lat="-35.659160000" lon="138.162052000">
<ele>22</ele>
</trkpt>
<trkpt lat="-35.659158000" lon="138.162063000">
<ele>22</ele>
</trkpt>
<trkpt lat="-35.659157000" lon="138.162073000">
<ele>22</ele>
</trkpt>
<trkpt lat="-35.659156000" lon="138.162084000">
<ele>22</ele>
</trkpt>
<trkpt lat="-35.659140000" lon="138.162150000">
<ele>23</ele>
</trkpt>
<trkpt lat="-35.659135000" lon="138.162179000">
<ele>23</ele>
</trkpt>
<trkpt lat="-35.659131000" lon="138.162202000">
<ele>24</ele>
</trkpt>
<trkpt lat="-35.659135000" lon="138.162230000">
<ele>23</ele>
</trkpt>
<trkpt lat="-35.659126000" lon="138.162250000">
<ele>24</ele>
</trkpt>
<trkpt lat="-35.659128000" lon="138.162276000">
<ele>24</ele>
</trkpt>
<trkpt lat="-35.659128000" lon="138.162305000">
<ele>24</ele>
</trkpt>
<trkpt lat="-35.659127000" lon="138.162331000">
<ele>24</ele>
</trkpt>
<trkpt lat="-35.659135000" lon="138.162389000">
<ele>24</ele>
</trkpt>
<trkpt lat="-35.659138000" lon="138.162419000">
<ele>24</ele>
</trkpt>
<trkpt lat="-35.659143000" lon="138.162445000">
<ele>24</ele>
</trkpt>
<trkpt lat="-35.659149000" lon="138.162471000">
<ele>24</ele>
</trkpt>
<trkpt lat="-35.659153000" lon="138.162521000">
<ele>25</ele>
</trkpt>
<trkpt lat="-35.659152000" lon="138.162554000">
<ele>25</ele>
</trkpt>
<trkpt lat="-35.659147000" lon="138.162578000">
<ele>25</ele>
</trkpt>
<trkpt lat="-35.659140000" lon="138.162602000">
<ele>26</ele>
</trkpt>
<trkpt lat="-35.659137000" lon="138.162625000">
<ele>26</ele>
</trkpt>
<trkpt lat="-35.659127000" lon="138.162650000">
<ele>26</ele>
</trkpt>
<trkpt lat="-35.659114000" lon="138.162677000">
<ele>27</ele>
</trkpt>
<trkpt lat="-35.659099000" lon="138.162702000">
<ele>27</ele>
</trkpt>
<trkpt lat="-35.659092000" lon="138.162720000">
<ele>27</ele>
</trkpt>
<trkpt lat="-35.659078000" lon="138.162739000">
<ele>28</ele>
</trkpt>
<trkpt lat="-35.659050000" lon="138.162761000">
<ele>28</ele>
</trkpt>
<trkpt lat="-35.659043000" lon="138.162786000">
<ele>28</ele>
</trkpt>
<trkpt lat="-35.659035000" lon="138.162793000">
<ele>29</ele>
</trkpt>
<trkpt lat="-35.659024000" lon="138.162794000">
<ele>29</ele>
</trkpt>
<trkpt lat="-35.659009000" lon="138.162832000">
<ele>29</ele>
</trkpt>
<trkpt lat="-35.658987000" lon="138.162847000">
<ele>29</ele>
</trkpt>
<trkpt lat="-35.658992000" lon="138.162861000">
<ele>30</ele>
</trkpt>
<trkpt lat="-35.659010000" lon="138.162875000">
<ele>30</ele>
</trkpt>
<trkpt lat="-35.659022000" lon="138.162881000">
<ele>29</ele>
</trkpt>
<trkpt lat="-35.659032000" lon="138.162886000">
<ele>29</ele>
</trkpt>
<trkpt lat="-35.659035000" lon="138.162888000">
<ele>29</ele>
</trkpt>
<trkpt lat="-35.659043000" lon="138.162898000">
<ele>29</ele>
</trkpt>
<trkpt lat="-35.659044000" lon="138.162906000">
<ele>30</ele>
</trkpt>
<trkpt lat="-35.659046000" lon="138.162915000">
<ele>30</ele>
</trkpt>
<trkpt lat="-35.659051000" lon="138.162920000">
<ele>30</ele>
</trkpt>
<trkpt lat="-35.659056000" lon="138.162924000">
<ele>30</ele>
</trkpt>
<trkpt lat="-35.659060000" lon="138.162931000">
<ele>30</ele>
</trkpt>
<trkpt lat="-35.659055000" lon="138.162940000">
<ele>30</ele>
</trkpt>
<trkpt lat="-35.659052000" lon="138.162963000">
<ele>30</ele>
</trkpt>
<trkpt lat="-35.659042000" lon="138.162979000">
<ele>30</ele>
</trkpt>
<trkpt lat="-35.659027000" lon="138.163012000">
<ele>31</ele>
</trkpt>
<trkpt lat="-35.659022000" lon="138.163027000">
<ele>31</ele>
</trkpt>
<trkpt lat="-35.659024000" lon="138.163047000">
<ele>31</ele>
</trkpt>
<trkpt lat="-35.659024000" lon="138.163070000">
<ele>31</ele>
</trkpt>
<trkpt lat="-35.659017000" lon="138.163081000">
<ele>32</ele>
</trkpt>
<trkpt lat="-35.659015000" lon="138.163091000">
<ele>32</ele>
</trkpt>
<trkpt lat="-35.659011000" lon="138.163097000">
<ele>32</ele>
</trkpt>
<trkpt lat="-35.659003000" lon="138.163111000">
<ele>33</ele>
</trkpt>
<trkpt lat="-35.658999000" lon="138.163121000">
<ele>33</ele>
</trkpt>
<trkpt lat="-35.658996000" lon="138.163126000">
<ele>33</ele>
</trkpt>
<trkpt lat="-35.658987000" lon="138.163140000">
<ele>33</ele>
</trkpt>
<trkpt lat="-35.658978000" lon="138.163153000">
<ele>34</ele>
</trkpt>
<trkpt lat="-35.658964000" lon="138.163165000">
<ele>34</ele>
</trkpt>
<trkpt lat="-35.658954000" lon="138.163182000">
<ele>34</ele>
</trkpt>
<trkpt lat="-35.658948000" lon="138.163198000">
<ele>35</ele>
</trkpt>
<trkpt lat="-35.658940000" lon="138.163213000">
<ele>35</ele>
</trkpt>
<trkpt lat="-35.658936000" lon="138.163233000">
<ele>35</ele>
</trkpt>
<trkpt lat="-35.658928000" lon="138.163262000">
<ele>36</ele>
</trkpt>
<trkpt lat="-35.658913000" lon="138.163296000">
<ele>36</ele>
</trkpt>
<trkpt lat="-35.658902000" lon="138.163312000">
<ele>37</ele>
</trkpt>
<trkpt lat="-35.658884000" lon="138.163326000">
<ele>37</ele>
</trkpt>
<trkpt lat="-35.658864000" lon="138.163343000">
<ele>37</ele>
</trkpt>
<trkpt lat="-35.658848000" lon="138.163360000">
<ele>38</ele>
</trkpt>
<trkpt lat="-35.658835000" lon="138.163379000">
<ele>39</ele>
</trkpt>
<trkpt lat="-35.658822000" lon="138.163401000">
<ele>40</ele>
</trkpt>
<trkpt lat="-35.658805000" lon="138.163423000">
<ele>40</ele>
</trkpt>
<trkpt lat="-35.658790000" lon="138.163436000">
<ele>41</ele>
</trkpt>
<trkpt lat="-35.658772000" lon="138.163453000">
<ele>41</ele>
</trkpt>
<trkpt lat="-35.658779000" lon="138.163475000">
<ele>42</ele>
</trkpt>
<trkpt lat="-35.658794000" lon="138.163497000">
<ele>43</ele>
</trkpt>
<trkpt lat="-35.658774000" lon="138.163522000">
<ele>43</ele>
</trkpt>
<trkpt lat="-35.658758000" lon="138.163529000">
<ele>43</ele>
</trkpt>
<trkpt lat="-35.658742000" lon="138.163529000">
<ele>43</ele>
</trkpt>
<trkpt lat="-35.658723000" lon="138.163543000">
<ele>43</ele>
</trkpt>
<trkpt lat="-35.658706000" lon="138.163560000">
<ele>43</ele>
</trkpt>
<trkpt lat="-35.658693000" lon="138.163578000">
<ele>44</ele>
</trkpt>
<trkpt lat="-35.658681000" lon="138.163594000">
<ele>44</ele>
</trkpt>
<trkpt lat="-35.658669000" lon="138.163613000">
<ele>44</ele>
</trkpt>
<trkpt lat="-35.658659000" lon="138.163629000">
<ele>45</ele>
</trkpt>
<trkpt lat="-35.658626000" lon="138.163652000">
<ele>45</ele>
</trkpt>
<trkpt lat="-35.658617000" lon="138.163659000">
<ele>45</ele>
</trkpt>
<trkpt lat="-35.658589000" lon="138.163706000">
<ele>46</ele>
</trkpt>
<trkpt lat="-35.658569000" lon="138.163727000">
<ele>47</ele>
</trkpt>
<trkpt lat="-35.658555000" lon="138.163754000">
<ele>48</ele>
</trkpt>
<trkpt lat="-35.658549000" lon="138.163771000">
<ele>48</ele>
</trkpt>
<trkpt lat="-35.658539000" lon="138.163793000">
<ele>49</ele>
</trkpt>
<trkpt lat="-35.658521000" lon="138.163821000">
<ele>49</ele>
</trkpt>
<trkpt lat="-35.658501000" lon="138.163849000">
<ele>50</ele>
</trkpt>
<trkpt lat="-35.658483000" lon="138.163874000">
<ele>51</ele>
</trkpt>
<trkpt lat="-35.658461000" lon="138.163901000">
<ele>51</ele>
</trkpt>
<trkpt lat="-35.658448000" lon="138.163910000">
<ele>51</ele>
</trkpt>
<trkpt lat="-35.658446000" lon="138.163926000">
<ele>52</ele>
</trkpt>
<trkpt lat="-35.658446000" lon="138.163939000">
<ele>53</ele>
</trkpt>
<trkpt lat="-35.658458000" lon="138.163950000">
<ele>53</ele>
</trkpt>
<trkpt lat="-35.658461000" lon="138.163961000">
<ele>54</ele>
</trkpt>
<trkpt lat="-35.658455000" lon="138.163996000">
<ele>55</ele>
</trkpt>
<trkpt lat="-35.658446000" lon="138.164006000">
<ele>55</ele>
</trkpt>
<trkpt lat="-35.658449000" lon="138.164019000">
<ele>56</ele>
</trkpt>
<trkpt lat="-35.658447000" lon="138.164027000">
<ele>56</ele>
</trkpt>
<trkpt lat="-35.658426000" lon="138.164050000">
<ele>57</ele>
</trkpt>
<trkpt lat="-35.658407000" lon="138.164071000">
<ele>57</ele>
</trkpt>
<trkpt lat="-35.658400000" lon="138.164081000">
<ele>57</ele>
</trkpt>
<trkpt lat="-35.658389000" lon="138.164097000">
<ele>58</ele>
</trkpt>
<trkpt lat="-35.658381000" lon="138.164110000">
<ele>58</ele>
</trkpt>
<trkpt lat="-35.658374000" lon="138.164128000">
<ele>59</ele>
</trkpt>
<trkpt lat="-35.658373000" lon="138.164138000">
<ele>59</ele>
</trkpt>
<trkpt lat="-35.658362000" lon="138.164154000">
<ele>60</ele>
</trkpt>
<trkpt lat="-35.658338000" lon="138.164183000">
<ele>61</ele>
</trkpt>
<trkpt lat="-35.658333000" lon="138.164189000">
<ele>61</ele>
</trkpt>
<trkpt lat="-35.658318000" lon="138.164210000">
<ele>62</ele>
</trkpt>
<trkpt lat="-35.658304000" lon="138.164225000">
<ele>62</ele>
</trkpt>
<trkpt lat="-35.658298000" lon="138.164248000">
<ele>63</ele>
</trkpt>
<trkpt lat="-35.658305000" lon="138.164269000">
<ele>64</ele>
</trkpt>
<trkpt lat="-35.658322000" lon="138.164284000">
<ele>65</ele>
</trkpt>
<trkpt lat="-35.658300000" lon="138.164304000">
<ele>65</ele>
</trkpt>
<trkpt lat="-35.658280000" lon="138.164325000">
<ele>66</ele>
</trkpt>
<trkpt lat="-35.658268000" lon="138.164338000">
<ele>66</ele>
</trkpt>
<trkpt lat="-35.658248000" lon="138.164364000">
<ele>67</ele>
</trkpt>
<trkpt lat="-35.658242000" lon="138.164376000">
<ele>68</ele>
</trkpt>
<trkpt lat="-35.658233000" lon="138.164389000">
<ele>68</ele>
</trkpt>
<trkpt lat="-35.658231000" lon="138.164408000">
<ele>69</ele>
</trkpt>
<trkpt lat="-35.658240000" lon="138.164418000">
<ele>69</ele>
</trkpt>
<trkpt lat="-35.658259000" lon="138.164426000">
<ele>70</ele>
</trkpt>
<trkpt lat="-35.658267000" lon="138.164436000">
<ele>71</ele>
</trkpt>
<trkpt lat="-35.658288000" lon="138.164455000">
<ele>72</ele>
</trkpt>
<trkpt lat="-35.658313000" lon="138.164452000">
<ele>72</ele>
</trkpt>
<trkpt lat="-35.658342000" lon="138.164435000">
<ele>72</ele>
</trkpt>
<trkpt lat="-35.658367000" lon="138.164419000">
<ele>71</ele>
</trkpt>
<trkpt lat="-35.658390000" lon="138.164414000">
<ele>71</ele>
</trkpt>
<trkpt lat="-35.658418000" lon="138.164391000">
<ele>70</ele>
</trkpt>
<trkpt lat="-35.658451000" lon="138.164390000">
<ele>70</ele>
</trkpt>
<trkpt lat="-35.658470000" lon="138.164367000">
<ele>69</ele>
</trkpt>
<trkpt lat="-35.658496000" lon="138.164358000">
<ele>69</ele>
</trkpt>
<trkpt lat="-35.658518000" lon="138.164363000">
<ele>69</ele>
</trkpt>
<trkpt lat="-35.658545000" lon="138.164345000">
<ele>69</ele>
</trkpt>
<trkpt lat="-35.658595000" lon="138.164349000">
<ele>69</ele>
</trkpt>
<trkpt lat="-35.658604000" lon="138.164357000">
<ele>69</ele>
</trkpt>
<trkpt lat="-35.658619000" lon="138.164359000">
<ele>69</ele>
</trkpt>
<trkpt lat="-35.658659000" lon="138.164346000">
<ele>69</ele>
</trkpt>
<trkpt lat="-35.658674000" lon="138.164340000">
<ele>69</ele>
</trkpt>
<trkpt lat="-35.658690000" lon="138.164328000">
<ele>69</ele>
</trkpt>
<trkpt lat="-35.658704000" lon="138.164322000">
<ele>69</ele>
</trkpt>
<trkpt lat="-35.658720000" lon="138.164319000">
<ele>69</ele>
</trkpt>
<trkpt lat="-35.658735000" lon="138.164320000">
<ele>70</ele>
</trkpt>
<trkpt lat="-35.658763000" lon="138.164311000">
<ele>70</ele>
</trkpt>
<trkpt lat="-35.658767000" lon="138.164319000">
<ele>70</ele>
</trkpt>
<trkpt lat="-35.658769000" lon="138.164361000">
<ele>71</ele>
</trkpt>
<trkpt lat="-35.658765000" lon="138.164391000">
<ele>72</ele>
</trkpt>
<trkpt lat="-35.658754000" lon="138.164417000">
<ele>73</ele>
</trkpt>
<trkpt lat="-35.658741000" lon="138.164432000">
<ele>73</ele>
</trkpt>
<trkpt lat="-35.658732000" lon="138.164452000">
<ele>74</ele>
</trkpt>
<trkpt lat="-35.658739000" lon="138.164477000">
<ele>74</ele>
</trkpt>
<trkpt lat="-35.658745000" lon="138.164536000">
<ele>76</ele>
</trkpt>
<trkpt lat="-35.658747000" lon="138.164574000">
<ele>77</ele>
</trkpt>
<trkpt lat="-35.658755000" lon="138.164615000">
<ele>78</ele>
</trkpt>
<trkpt lat="-35.658759000" lon="138.164638000">
<ele>79</ele>
</trkpt>
<trkpt lat="-35.658763000" lon="138.164662000">
<ele>80</ele>
</trkpt>
<trkpt lat="-35.658740000" lon="138.164721000">
<ele>81</ele>
</trkpt>
<trkpt lat="-35.658735000" lon="138.164781000">
<ele>83</ele>
</trkpt>
<trkpt lat="-35.658721000" lon="138.164842000">
<ele>84</ele>
</trkpt>
<trkpt lat="-35.658716000" lon="138.164877000">
<ele>85</ele>
</trkpt>
<trkpt lat="-35.658703000" lon="138.164898000">
<ele>85</ele>
</trkpt>
<trkpt lat="-35.658712000" lon="138.164942000">
<ele>86</ele>
</trkpt>
<trkpt lat="-35.658706000" lon="138.164998000">
<ele>88</ele>
</trkpt>
<trkpt lat="-35.658716000" lon="138.165029000">
<ele>88</ele>
</trkpt>
<trkpt lat="-35.658717000" lon="138.165066000">
<ele>88</ele>
</trkpt>
<trkpt lat="-35.658753000" lon="138.165090000">
<ele>89</ele>
</trkpt>
<trkpt lat="-35.658782000" lon="138.165124000">
<ele>89</ele>
</trkpt>
<trkpt lat="-35.658795000" lon="138.165162000">
<ele>89</ele>
</trkpt>
<trkpt lat="-35.658826000" lon="138.165203000">
<ele>90</ele>
</trkpt>
<trkpt lat="-35.658834000" lon="138.165238000">
<ele>90</ele>
</trkpt>
<trkpt lat="-35.658827000" lon="138.165276000">
<ele>90</ele>
</trkpt>
<trkpt lat="-35.658825000" lon="138.165310000">
<ele>91</ele>
</trkpt>
<trkpt lat="-35.658801000" lon="138.165336000">
<ele>91</ele>
</trkpt>
<trkpt lat="-35.658726000" lon="138.165369000">
<ele>92</ele>
</trkpt>
<trkpt lat="-35.658698000" lon="138.165378000">
<ele>92</ele>
</trkpt>
<trkpt lat="-35.658679000" lon="138.165392000">
<ele>92</ele>
</trkpt>
<trkpt lat="-35.658659000" lon="138.165402000">
<ele>93</ele>
</trkpt>
<trkpt lat="-35.658640000" lon="138.165418000">
<ele>93</ele>
</trkpt>
<trkpt lat="-35.658625000" lon="138.165428000">
<ele>93</ele>
</trkpt>
<trkpt lat="-35.658599000" lon="138.165447000">
<ele>94</ele>
</trkpt>
<trkpt lat="-35.658576000" lon="138.165462000">
<ele>95</ele>
</trkpt>
<trkpt lat="-35.658546000" lon="138.165480000">
<ele>95</ele>
</trkpt>
<trkpt lat="-35.658533000" lon="138.165500000">
<ele>96</ele>
</trkpt>
<trkpt lat="-35.658502000" lon="138.165503000">
<ele>96</ele>
</trkpt>
<trkpt lat="-35.658476000" lon="138.165512000">
<ele>97</ele>
</trkpt>
<trkpt lat="-35.658465000" lon="138.165516000">
<ele>97</ele>
</trkpt>
<trkpt lat="-35.658455000" lon="138.165516000">
<ele>97</ele>
</trkpt>
<trkpt lat="-35.658432000" lon="138.165516000">
<ele>98</ele>
</trkpt>
<trkpt lat="-35.658393000" lon="138.165534000">
<ele>99</ele>
</trkpt>
<trkpt lat="-35.658385000" lon="138.165549000">
<ele>99</ele>
</trkpt>
<trkpt lat="-35.658355000" lon="138.165551000">
<ele>100</ele>
</trkpt>
<trkpt lat="-35.658342000" lon="138.165564000">
<ele>100</ele>
</trkpt>
<trkpt lat="-35.658332000" lon="138.165557000">
<ele>100</ele>
</trkpt>
<trkpt lat="-35.658323000" lon="138.165559000">
<ele>100</ele>
</trkpt>
<trkpt lat="-35.658295000" lon="138.165582000">
<ele>100</ele>
</trkpt>
<trkpt lat="-35.658276000" lon="138.165600000">
<ele>100</ele>
</trkpt>
<trkpt lat="-35.658249000" lon="138.165619000">
<ele>101</ele>
</trkpt>
<trkpt lat="-35.658245000" lon="138.165628000">
<ele>101</ele>
</trkpt>
<trkpt lat="-35.658216000" lon="138.165661000">
<ele>101</ele>
</trkpt>
<trkpt lat="-35.658201000" lon="138.165685000">
<ele>102</ele>
</trkpt>
<trkpt lat="-35.658196000" lon="138.165692000">
<ele>102</ele>
</trkpt>
<trkpt lat="-35.658152000" lon="138.165714000">
<ele>102</ele>
</trkpt>
<trkpt lat="-35.658143000" lon="138.165714000">
<ele>102</ele>
</trkpt>
<trkpt lat="-35.658129000" lon="138.165723000">
<ele>103</ele>
</trkpt>
<trkpt lat="-35.658105000" lon="138.165742000">
<ele>103</ele>
</trkpt>
<trkpt lat="-35.658069000" lon="138.165766000">
<ele>104</ele>
</trkpt>
<trkpt lat="-35.658052000" lon="138.165761000">
<ele>104</ele>
</trkpt>
<trkpt lat="-35.658038000" lon="138.165759000">
<ele>104</ele>
</trkpt>
<trkpt lat="-35.658022000" lon="138.165750000">
<ele>103</ele>
</trkpt>
<trkpt lat="-35.657995000" lon="138.165752000">
<ele>103</ele>
</trkpt>
<trkpt lat="-35.657988000" lon="138.165760000">
<ele>103</ele>
</trkpt>
<trkpt lat="-35.657950000" lon="138.165770000">
<ele>103</ele>
</trkpt>
<trkpt lat="-35.657918000" lon="138.165805000">
<ele>103</ele>
</trkpt>
<trkpt lat="-35.657921000" lon="138.165822000">
<ele>104</ele>
</trkpt>
<trkpt lat="-35.657927000" lon="138.165844000">
<ele>104</ele>
</trkpt>
<trkpt lat="-35.657921000" lon="138.165867000">
<ele>104</ele>
</trkpt>
<trkpt lat="-35.657917000" lon="138.165891000">
<ele>105</ele>
</trkpt>
<trkpt lat="-35.657870000" lon="138.165918000">
<ele>105</ele>
</trkpt>
<trkpt lat="-35.657865000" lon="138.165928000">
<ele>105</ele>
</trkpt>
<trkpt lat="-35.657850000" lon="138.165945000">
<ele>105</ele>
</trkpt>
<trkpt lat="-35.657843000" lon="138.165964000">
<ele>105</ele>
</trkpt>
<trkpt lat="-35.657828000" lon="138.165991000">
<ele>106</ele>
</trkpt>
<trkpt lat="-35.657826000" lon="138.166017000">
<ele>106</ele>
</trkpt>
<trkpt lat="-35.657823000" lon="138.166041000">
<ele>107</ele>
</trkpt>
<trkpt lat="-35.657817000" lon="138.166051000">
<ele>107</ele>
</trkpt>
<trkpt lat="-35.657823000" lon="138.166069000">
<ele>107</ele>
</trkpt>
<trkpt lat="-35.657792000" lon="138.166110000">
<ele>108</ele>
</trkpt>
<trkpt lat="-35.657777000" lon="138.166134000">
<ele>108</ele>
</trkpt>
<trkpt lat="-35.657765000" lon="138.166156000">
<ele>108</ele>
</trkpt>
<trkpt lat="-35.657769000" lon="138.166187000">
<ele>109</ele>
</trkpt>
<trkpt lat="-35.657776000" lon="138.166215000">
<ele>109</ele>
</trkpt>
<trkpt lat="-35.657780000" lon="138.166246000">
<ele>109</ele>
</trkpt>
<trkpt lat="-35.657776000" lon="138.166278000">
<ele>109</ele>
</trkpt>
<trkpt lat="-35.657796000" lon="138.166302000">
<ele>109</ele>
</trkpt>
<trkpt lat="-35.657757000" lon="138.166336000">
<ele>110</ele>
</trkpt>
<trkpt lat="-35.657759000" lon="138.166369000">
<ele>110</ele>
</trkpt>
<trkpt lat="-35.657753000" lon="138.166399000">
<ele>110</ele>
</trkpt>
<trkpt lat="-35.657747000" lon="138.166428000">
<ele>110</ele>
</trkpt>
<trkpt lat="-35.657741000" lon="138.166458000">
<ele>111</ele>
</trkpt>
<trkpt lat="-35.657741000" lon="138.166487000">
<ele>111</ele>
</trkpt>
<trkpt lat="-35.657736000" lon="138.166512000">
<ele>111</ele>
</trkpt>
<trkpt lat="-35.657735000" lon="138.166541000">
<ele>111</ele>
</trkpt>
<trkpt lat="-35.657742000" lon="138.166566000">
<ele>111</ele>
</trkpt>
<trkpt lat="-35.657748000" lon="138.166593000">
<ele>112</ele>
</trkpt>
<trkpt lat="-35.657748000" lon="138.166624000">
<ele>112</ele>
</trkpt>
<trkpt lat="-35.657757000" lon="138.166636000">
<ele>112</ele>
</trkpt>
<trkpt lat="-35.657771000" lon="138.166651000">
<ele>112</ele>
</trkpt>
<trkpt lat="-35.657748000" lon="138.166674000">
<ele>112</ele>
</trkpt>
<trkpt lat="-35.657725000" lon="138.166710000">
<ele>113</ele>
</trkpt>
<trkpt lat="-35.657710000" lon="138.166731000">
<ele>113</ele>
</trkpt>
<trkpt lat="-35.657690000" lon="138.166759000">
<ele>114</ele>
</trkpt>
<trkpt lat="-35.657683000" lon="138.166758000">
<ele>114</ele>
</trkpt>
<trkpt lat="-35.657657000" lon="138.166772000">
<ele>114</ele>
</trkpt>
<trkpt lat="-35.657618000" lon="138.166789000">
<ele>114</ele>
</trkpt>
<trkpt lat="-35.657606000" lon="138.166787000">
<ele>114</ele>
</trkpt>
<trkpt lat="-35.657586000" lon="138.166803000">
<ele>115</ele>
</trkpt>
<trkpt lat="-35.657566000" lon="138.166820000">
<ele>115</ele>
</trkpt>
<trkpt lat="-35.657537000" lon="138.166859000">
<ele>116</ele>
</trkpt>
<trkpt lat="-35.657522000" lon="138.166864000">
<ele>116</ele>
</trkpt>
<trkpt lat="-35.657507000" lon="138.166881000">
<ele>117</ele>
</trkpt>
<trkpt lat="-35.657492000" lon="138.166896000">
<ele>117</ele>
</trkpt>
<trkpt lat="-35.657481000" lon="138.166920000">
<ele>118</ele>
</trkpt>
<trkpt lat="-35.657472000" lon="138.166939000">
<ele>118</ele>
</trkpt>
<trkpt lat="-35.657465000" lon="138.166973000">
<ele>119</ele>
</trkpt>
<trkpt lat="-35.657456000" lon="138.167003000">
<ele>120</ele>
</trkpt>
<trkpt lat="-35.657452000" lon="138.167042000">
<ele>121</ele>
</trkpt>
<trkpt lat="-35.657434000" lon="138.167078000">
<ele>121</ele>
</trkpt>
<trkpt lat="-35.657433000" lon="138.167102000">
<ele>122</ele>
</trkpt>
<trkpt lat="-35.657434000" lon="138.167142000">
<ele>123</ele>
</trkpt>
<trkpt lat="-35.657432000" lon="138.167169000">
<ele>123</ele>
</trkpt>
<trkpt lat="-35.657420000" lon="138.167192000">
<ele>124</ele>
</trkpt>
<trkpt lat="-35.657426000" lon="138.167233000">
<ele>125</ele>
</trkpt>
<trkpt lat="-35.657428000" lon="138.167252000">
<ele>125</ele>
</trkpt>
<trkpt lat="-35.657427000" lon="138.167277000">
<ele>126</ele>
</trkpt>
<trkpt lat="-35.657428000" lon="138.167305000">
<ele>126</ele>
</trkpt>
<trkpt lat="-35.657436000" lon="138.167331000">
<ele>126</ele>
</trkpt>
<trkpt lat="-35.657456000" lon="138.167353000">
<ele>127</ele>
</trkpt>
<trkpt lat="-35.657455000" lon="138.167375000">
<ele>127</ele>
</trkpt>
<trkpt lat="-35.657441000" lon="138.167411000">
<ele>128</ele>
</trkpt>
<trkpt lat="-35.657441000" lon="138.167428000">
<ele>128</ele>
</trkpt>
<trkpt lat="-35.657400000" lon="138.167466000">
<ele>129</ele>
</trkpt>
<trkpt lat="-35.657388000" lon="138.167504000">
<ele>130</ele>
</trkpt>
<trkpt lat="-35.657373000" lon="138.167550000">
<ele>130</ele>
</trkpt>
<trkpt lat="-35.657370000" lon="138.167593000">
<ele>131</ele>
</trkpt>
<trkpt lat="-35.657361000" lon="138.167636000">
<ele>131</ele>
</trkpt>
<trkpt lat="-35.657342000" lon="138.167670000">
<ele>131</ele>
</trkpt>
<trkpt lat="-35.657327000" lon="138.167702000">
<ele>132</ele>
</trkpt>
<trkpt lat="-35.657307000" lon="138.167721000">
<ele>132</ele>
</trkpt>
<trkpt lat="-35.657292000" lon="138.167760000">
<ele>133</ele>
</trkpt>
<trkpt lat="-35.657269000" lon="138.167779000">
<ele>133</ele>
</trkpt>
<trkpt lat="-35.657244000" lon="138.167787000">
<ele>134</ele>
</trkpt>
<trkpt lat="-35.657220000" lon="138.167812000">
<ele>134</ele>
</trkpt>
<trkpt lat="-35.657195000" lon="138.167844000">
<ele>135</ele>
</trkpt>
<trkpt lat="-35.657196000" lon="138.167874000">
<ele>135</ele>
</trkpt>
<trkpt lat="-35.657177000" lon="138.167893000">
<ele>135</ele>
</trkpt>
<trkpt lat="-35.657157000" lon="138.167930000">
<ele>136</ele>
</trkpt>
<trkpt lat="-35.657129000" lon="138.167967000">
<ele>137</ele>
</trkpt>
<trkpt lat="-35.657099000" lon="138.168009000">
<ele>138</ele>
</trkpt>
<trkpt lat="-35.657063000" lon="138.168026000">
<ele>138</ele>
</trkpt>
<trkpt lat="-35.657036000" lon="138.168063000">
<ele>139</ele>
</trkpt>
<trkpt lat="-35.657011000" lon="138.168112000">
<ele>141</ele>
</trkpt>
<trkpt lat="-35.656972000" lon="138.168157000">
<ele>142</ele>
</trkpt>
<trkpt lat="-35.656953000" lon="138.168198000">
<ele>143</ele>
</trkpt>
<trkpt lat="-35.656928000" lon="138.168236000">
<ele>144</ele>
</trkpt>
<trkpt lat="-35.656901000" lon="138.168265000">
<ele>145</ele>
</trkpt>
<trkpt lat="-35.656864000" lon="138.168288000">
<ele>146</ele>
</trkpt>
<trkpt lat="-35.656818000" lon="138.168326000">
<ele>147</ele>
</trkpt>
<trkpt lat="-35.656775000" lon="138.168371000">
<ele>149</ele>
</trkpt>
<trkpt lat="-35.656738000" lon="138.168387000">
<ele>149</ele>
</trkpt>
<trkpt lat="-35.656720000" lon="138.168413000">
<ele>150</ele>
</trkpt>
<trkpt lat="-35.656698000" lon="138.168431000">
<ele>151</ele>
</trkpt>
<trkpt lat="-35.656665000" lon="138.168469000">
<ele>152</ele>
</trkpt>
<trkpt lat="-35.656624000" lon="138.168496000">
<ele>153</ele>
</trkpt>
<trkpt lat="-35.656603000" lon="138.168550000">
<ele>154</ele>
</trkpt>
<trkpt lat="-35.656590000" lon="138.168615000">
<ele>155</ele>
</trkpt>
<trkpt lat="-35.656575000" lon="138.168664000">
<ele>156</ele>
</trkpt>
<trkpt lat="-35.656554000" lon="138.168690000">
<ele>157</ele>
</trkpt>
<trkpt lat="-35.656538000" lon="138.168714000">
<ele>157</ele>
</trkpt>
<trkpt lat="-35.656532000" lon="138.168742000">
<ele>158</ele>
</trkpt>
<trkpt lat="-35.656533000" lon="138.168787000">
<ele>158</ele>
</trkpt>
<trkpt lat="-35.656515000" lon="138.168826000">
<ele>159</ele>
</trkpt>
<trkpt lat="-35.656512000" lon="138.168904000">
<ele>160</ele>
</trkpt>
<trkpt lat="-35.656508000" lon="138.168977000">
<ele>160</ele>
</trkpt>
<trkpt lat="-35.656488000" lon="138.169026000">
<ele>161</ele>
</trkpt>
<trkpt lat="-35.656466000" lon="138.169080000">
<ele>162</ele>
</trkpt>
<trkpt lat="-35.656456000" lon="138.169124000">
<ele>162</ele>
</trkpt>
<trkpt lat="-35.656449000" lon="138.169189000">
<ele>162</ele>
</trkpt>
<trkpt lat="-35.656424000" lon="138.169239000">
<ele>162</ele>
</trkpt>
<trkpt lat="-35.656391000" lon="138.169276000">
<ele>163</ele>
</trkpt>
<trkpt lat="-35.656349000" lon="138.169302000">
<ele>164</ele>
</trkpt>
<trkpt lat="-35.656332000" lon="138.169321000">
<ele>164</ele>
</trkpt>
<trkpt lat="-35.656313000" lon="138.169336000">
<ele>164</ele>
</trkpt>
<trkpt lat="-35.656293000" lon="138.169345000">
<ele>165</ele>
</trkpt>
<trkpt lat="-35.656266000" lon="138.169352000">
<ele>165</ele>
</trkpt>
<trkpt lat="-35.656252000" lon="138.169352000">
<ele>166</ele>
</trkpt>
<trkpt lat="-35.656222000" lon="138.169368000">
<ele>166</ele>
</trkpt>
<trkpt lat="-35.656203000" lon="138.169386000">
<ele>167</ele>
</trkpt>
<trkpt lat="-35.656195000" lon="138.169394000">
<ele>167</ele>
</trkpt>
<trkpt lat="-35.656168000" lon="138.169410000">
<ele>168</ele>
</trkpt>
<trkpt lat="-35.656146000" lon="138.169418000">
<ele>168</ele>
</trkpt>
<trkpt lat="-35.656120000" lon="138.169415000">
<ele>169</ele>
</trkpt>
<trkpt lat="-35.656088000" lon="138.169415000">
<ele>170</ele>
</trkpt>
<trkpt lat="-35.656073000" lon="138.169412000">
<ele>170</ele>
</trkpt>
<trkpt lat="-35.656049000" lon="138.169415000">
<ele>171</ele>
</trkpt>
<trkpt lat="-35.656026000" lon="138.169417000">
<ele>171</ele>
</trkpt>
<trkpt lat="-35.656004000" lon="138.169423000">
<ele>172</ele>
</trkpt>
<trkpt lat="-35.655968000" lon="138.169425000">
<ele>173</ele>
</trkpt>
<trkpt lat="-35.655954000" lon="138.169422000">
<ele>173</ele>
</trkpt>
<trkpt lat="-35.655917000" lon="138.169432000">
<ele>174</ele>
</trkpt>
<trkpt lat="-35.655884000" lon="138.169424000">
<ele>175</ele>
</trkpt>
<trkpt lat="-35.655869000" lon="138.169418000">
<ele>175</ele>
</trkpt>
<trkpt lat="-35.655833000" lon="138.169399000">
<ele>176</ele>
</trkpt>
<trkpt lat="-35.655818000" lon="138.169388000">
<ele>176</ele>
</trkpt>
<trkpt lat="-35.655783000" lon="138.169379000">
<ele>176</ele>
</trkpt>
<trkpt lat="-35.655753000" lon="138.169372000">
<ele>177</ele>
</trkpt>
<trkpt lat="-35.655729000" lon="138.169363000">
<ele>177</ele>
</trkpt>
<trkpt lat="-35.655715000" lon="138.169363000">
<ele>177</ele>
</trkpt>
<trkpt lat="-35.655693000" lon="138.169369000">
<ele>177</ele>
</trkpt>
<trkpt lat="-35.655682000" lon="138.169362000">
<ele>177</ele>
</trkpt>
<trkpt lat="-35.655667000" lon="138.169370000">
<ele>177</ele>
</trkpt>
<trkpt lat="-35.655644000" lon="138.169377000">
<ele>178</ele>
</trkpt>
<trkpt lat="-35.655626000" lon="138.169387000">
<ele>178</ele>
</trkpt>
<trkpt lat="-35.655600000" lon="138.169401000">
<ele>178</ele>
</trkpt>
<trkpt lat="-35.655577000" lon="138.169419000">
<ele>179</ele>
</trkpt>
<trkpt lat="-35.655561000" lon="138.169441000">
<ele>179</ele>
</trkpt>
<trkpt lat="-35.655532000" lon="138.169454000">
<ele>179</ele>
</trkpt>
<trkpt lat="-35.655514000" lon="138.169471000">
<ele>179</ele>
</trkpt>
<trkpt lat="-35.655498000" lon="138.169502000">
<ele>179</ele>
</trkpt>
<trkpt lat="-35.655491000" lon="138.169516000">
<ele>179</ele>
</trkpt>
<trkpt lat="-35.655468000" lon="138.169528000">
<ele>179</ele>
</trkpt>
<trkpt lat="-35.655450000" lon="138.169534000">
<ele>179</ele>
</trkpt>
<trkpt lat="-35.655440000" lon="138.169544000">
<ele>180</ele>
</trkpt>
<trkpt lat="-35.655415000" lon="138.169558000">
<ele>180</ele>
</trkpt>
<trkpt lat="-35.655394000" lon="138.169576000">
<ele>180</ele>
</trkpt>
<trkpt lat="-35.655382000" lon="138.169585000">
<ele>180</ele>
</trkpt>
<trkpt lat="-35.655354000" lon="138.169604000">
<ele>181</ele>
</trkpt>
<trkpt lat="-35.655331000" lon="138.169610000">
<ele>181</ele>
</trkpt>
<trkpt lat="-35.655309000" lon="138.169602000">
<ele>181</ele>
</trkpt>
<trkpt lat="-35.655290000" lon="138.169589000">
<ele>181</ele>
</trkpt>
<trkpt lat="-35.655261000" lon="138.169573000">
<ele>182</ele>
</trkpt>
<trkpt lat="-35.655201000" lon="138.169542000">
<ele>182</ele>
</trkpt>
<trkpt lat="-35.655161000" lon="138.169534000">
<ele>182</ele>
</trkpt>
<trkpt lat="-35.655110000" lon="138.169524000">
<ele>183</ele>
</trkpt>
<trkpt lat="-35.655081000" lon="138.169521000">
<ele>183</ele>
</trkpt>
<trkpt lat="-35.655047000" lon="138.169530000">
<ele>183</ele>
</trkpt>
<trkpt lat="-35.654997000" lon="138.169553000">
<ele>184</ele>
</trkpt>
<trkpt lat="-35.654991000" lon="138.169560000">
<ele>184</ele>
</trkpt>
<trkpt lat="-35.654958000" lon="138.169572000">
<ele>184</ele>
</trkpt>
<trkpt lat="-35.654942000" lon="138.169580000">
<ele>185</ele>
</trkpt>
<trkpt lat="-35.654913000" lon="138.169595000">
<ele>185</ele>
</trkpt>
<trkpt lat="-35.654891000" lon="138.169597000">
<ele>185</ele>
</trkpt>
<trkpt lat="-35.654879000" lon="138.169585000">
<ele>185</ele>
</trkpt>
<trkpt lat="-35.654858000" lon="138.169567000">
<ele>185</ele>
</trkpt>
<trkpt lat="-35.654850000" lon="138.169543000">
<ele>185</ele>
</trkpt>
<trkpt lat="-35.654792000" lon="138.169535000">
<ele>186</ele>
</trkpt>
<trkpt lat="-35.654768000" lon="138.169520000">
<ele>186</ele>
</trkpt>
<trkpt lat="-35.654748000" lon="138.169497000">
<ele>187</ele>
</trkpt>
<trkpt lat="-35.654729000" lon="138.169479000">
<ele>187</ele>
</trkpt>
<trkpt lat="-35.654660000" lon="138.169498000">
<ele>188</ele>
</trkpt>
<trkpt lat="-35.654574000" lon="138.169510000">
<ele>189</ele>
</trkpt>
<trkpt lat="-35.654490000" lon="138.169530000">
<ele>190</ele>
</trkpt>
<trkpt lat="-35.654420000" lon="138.169549000">
<ele>190</ele>
</trkpt>
<trkpt lat="-35.654336000" lon="138.169521000">
<ele>191</ele>
</trkpt>
<trkpt lat="-35.654267000" lon="138.169499000">
<ele>192</ele>
</trkpt>
<trkpt lat="-35.654187000" lon="138.169475000">
<ele>192</ele>
</trkpt>
<trkpt lat="-35.654129000" lon="138.169471000">
<ele>193</ele>
</trkpt>
<trkpt lat="-35.654090000" lon="138.169466000">
<ele>193</ele>
</trkpt>
<trkpt lat="-35.654037000" lon="138.169491000">
<ele>194</ele>
</trkpt>
<trkpt lat="-35.653993000" lon="138.169518000">
<ele>195</ele>
</trkpt>
<trkpt lat="-35.653983000" lon="138.169547000">
<ele>195</ele>
</trkpt>
<trkpt lat="-35.653969000" lon="138.169577000">
<ele>196</ele>
</trkpt>
<trkpt lat="-35.653949000" lon="138.169593000">
<ele>196</ele>
</trkpt>
<trkpt lat="-35.653920000" lon="138.169598000">
<ele>197</ele>
</trkpt>
<trkpt lat="-35.653895000" lon="138.169611000">
<ele>197</ele>
</trkpt>
<trkpt lat="-35.653847000" lon="138.169651000">
<ele>198</ele>
</trkpt>
<trkpt lat="-35.653822000" lon="138.169679000">
<ele>199</ele>
</trkpt>
<trkpt lat="-35.653798000" lon="138.169684000">
<ele>199</ele>
</trkpt>
<trkpt lat="-35.653781000" lon="138.169695000">
<ele>200</ele>
</trkpt>
<trkpt lat="-35.653753000" lon="138.169723000">
<ele>200</ele>
</trkpt>
<trkpt lat="-35.653705000" lon="138.169743000">
<ele>201</ele>
</trkpt>
<trkpt lat="-35.653671000" lon="138.169727000">
<ele>202</ele>
</trkpt>
<trkpt lat="-35.653627000" lon="138.169732000">
<ele>203</ele>
</trkpt>
<trkpt lat="-35.653586000" lon="138.169737000">
<ele>203</ele>
</trkpt>
<trkpt lat="-35.653557000" lon="138.169749000">
<ele>204</ele>
</trkpt>
<trkpt lat="-35.653497000" lon="138.169786000">
<ele>204</ele>
</trkpt>
<trkpt lat="-35.653444000" lon="138.169800000">
<ele>205</ele>
</trkpt>
<trkpt lat="-35.653403000" lon="138.169811000">
<ele>205</ele>
</trkpt>
<trkpt lat="-35.653369000" lon="138.169823000">
<ele>206</ele>
</trkpt>
<trkpt lat="-35.653338000" lon="138.169849000">
<ele>206</ele>
</trkpt>
<trkpt lat="-35.653288000" lon="138.169863000">
<ele>207</ele>
</trkpt>
<trkpt lat="-35.653247000" lon="138.169898000">
<ele>207</ele>
</trkpt>
<trkpt lat="-35.653208000" lon="138.169926000">
<ele>208</ele>
</trkpt>
<trkpt lat="-35.653193000" lon="138.169965000">
<ele>208</ele>
</trkpt>
<trkpt lat="-35.653150000" lon="138.169988000">
<ele>209</ele>
</trkpt>
<trkpt lat="-35.653109000" lon="138.169961000">
<ele>210</ele>
</trkpt>
<trkpt lat="-35.653081000" lon="138.169968000">
<ele>210</ele>
</trkpt>
<trkpt lat="-35.653032000" lon="138.169982000">
<ele>211</ele>
</trkpt>
<trkpt lat="-35.653019000" lon="138.169992000">
<ele>212</ele>
</trkpt>
<trkpt lat="-35.653004000" lon="138.169992000">
<ele>212</ele>
</trkpt>
<trkpt lat="-35.652987000" lon="138.169984000">
<ele>213</ele>
</trkpt>
<trkpt lat="-35.652911000" lon="138.169996000">
<ele>215</ele>
</trkpt>
<trkpt lat="-35.652875000" lon="138.170022000">
<ele>216</ele>
</trkpt>
<trkpt lat="-35.652841000" lon="138.170049000">
<ele>217</ele>
</trkpt>
<trkpt lat="-35.652825000" lon="138.170057000">
<ele>217</ele>
</trkpt>
<trkpt lat="-35.652804000" lon="138.170066000">
<ele>218</ele>
</trkpt>
<trkpt lat="-35.652787000" lon="138.170092000">
<ele>218</ele>
</trkpt>
<trkpt lat="-35.652780000" lon="138.170121000">
<ele>218</ele>
</trkpt>
<trkpt lat="-35.652768000" lon="138.170136000">
<ele>219</ele>
</trkpt>
<trkpt lat="-35.652714000" lon="138.170155000">
<ele>221</ele>
</trkpt>
<trkpt lat="-35.652674000" lon="138.170168000">
<ele>222</ele>
</trkpt>
<trkpt lat="-35.652634000" lon="138.170177000">
<ele>224</ele>
</trkpt>
<trkpt lat="-35.652585000" lon="138.170180000">
<ele>226</ele>
</trkpt>
<trkpt lat="-35.652517000" lon="138.170198000">
<ele>229</ele>
</trkpt>
<trkpt lat="-35.652461000" lon="138.170180000">
<ele>230</ele>
</trkpt>
<trkpt lat="-35.652433000" lon="138.170164000">
<ele>230</ele>
</trkpt>
<trkpt lat="-35.652394000" lon="138.170174000">
<ele>231</ele>
</trkpt>
<trkpt lat="-35.652375000" lon="138.170182000">
<ele>232</ele>
</trkpt>
<trkpt lat="-35.652338000" lon="138.170187000">
<ele>233</ele>
</trkpt>
<trkpt lat="-35.652300000" lon="138.170181000">
<ele>233</ele>
</trkpt>
<trkpt lat="-35.652256000" lon="138.170188000">
<ele>234</ele>
</trkpt>
<trkpt lat="-35.652219000" lon="138.170219000">
<ele>235</ele>
</trkpt>
<trkpt lat="-35.652187000" lon="138.170226000">
<ele>236</ele>
</trkpt>
<trkpt lat="-35.652165000" lon="138.170220000">
<ele>237</ele>
</trkpt>
<trkpt lat="-35.652139000" lon="138.170240000">
<ele>238</ele>
</trkpt>
<trkpt lat="-35.652116000" lon="138.170260000">
<ele>238</ele>
</trkpt>
<trkpt lat="-35.652059000" lon="138.170287000">
<ele>240</ele>
</trkpt>
<trkpt lat="-35.652015000" lon="138.170308000">
<ele>241</ele>
</trkpt>
<trkpt lat="-35.652000000" lon="138.170321000">
<ele>241</ele>
</trkpt>
<trkpt lat="-35.651979000" lon="138.170328000">
<ele>242</ele>
</trkpt>
<trkpt lat="-35.651960000" lon="138.170331000">
<ele>242</ele>
</trkpt>
<trkpt lat="-35.651871000" lon="138.170333000">
<ele>244</ele>
</trkpt>
<trkpt lat="-35.651791000" lon="138.170337000">
<ele>246</ele>
</trkpt>
<trkpt lat="-35.651736000" lon="138.170352000">
<ele>247</ele>
</trkpt>
<trkpt lat="-35.651685000" lon="138.170349000">
<ele>248</ele>
</trkpt>
<trkpt lat="-35.651633000" lon="138.170345000">
<ele>249</ele>
</trkpt>
<trkpt lat="-35.651539000" lon="138.170394000">
<ele>250</ele>
</trkpt>
<trkpt lat="-35.651508000" lon="138.170426000">
<ele>250</ele>
</trkpt>
<trkpt lat="-35.651479000" lon="138.170456000">
<ele>251</ele>
</trkpt>
<trkpt lat="-35.651440000" lon="138.170481000">
<ele>251</ele>
</trkpt>
<trkpt lat="-35.651414000" lon="138.170494000">
<ele>251</ele>
</trkpt>
<trkpt lat="-35.651377000" lon="138.170531000">
<ele>252</ele>
</trkpt>
<trkpt lat="-35.651344000" lon="138.170561000">
<ele>252</ele>
</trkpt>
<trkpt lat="-35.651319000" lon="138.170581000">
<ele>252</ele>
</trkpt>
<trkpt lat="-35.651282000" lon="138.170593000">
<ele>252</ele>
</trkpt>
<trkpt lat="-35.651228000" lon="138.170626000">
<ele>253</ele>
</trkpt>
<trkpt lat="-35.651175000" lon="138.170647000">
<ele>253</ele>
</trkpt>
<trkpt lat="-35.651136000" lon="138.170723000">
<ele>253</ele>
</trkpt>
<trkpt lat="-35.651098000" lon="138.170775000">
<ele>253</ele>
</trkpt>
<trkpt lat="-35.651068000" lon="138.170795000">
<ele>253</ele>
</trkpt>
<trkpt lat="-35.651030000" lon="138.170843000">
<ele>253</ele>
</trkpt>
<trkpt lat="-35.651013000" lon="138.170864000">
<ele>253</ele>
</trkpt>
<trkpt lat="-35.650981000" lon="138.170906000">
<ele>253</ele>
</trkpt>
<trkpt lat="-35.650962000" lon="138.170933000">
<ele>253</ele>
</trkpt>
<trkpt lat="-35.650946000" lon="138.170957000">
<ele>253</ele>
</trkpt>
<trkpt lat="-35.650912000" lon="138.170984000">
<ele>253</ele>
</trkpt>
<trkpt lat="-35.650897000" lon="138.171009000">
<ele>253</ele>
</trkpt>
<trkpt lat="-35.650883000" lon="138.171030000">
<ele>254</ele>
</trkpt>
<trkpt lat="-35.650840000" lon="138.171078000">
<ele>254</ele>
</trkpt>
<trkpt lat="-35.650806000" lon="138.171121000">
<ele>254</ele>
</trkpt>
<trkpt lat="-35.650791000" lon="138.171136000">
<ele>254</ele>
</trkpt>
<trkpt lat="-35.650777000" lon="138.171161000">
<ele>254</ele>
</trkpt>
<trkpt lat="-35.650755000" lon="138.171184000">
<ele>255</ele>
</trkpt>
<trkpt lat="-35.650714000" lon="138.171211000">
<ele>255</ele>
</trkpt>
<trkpt lat="-35.650688000" lon="138.171227000">
<ele>255</ele>
</trkpt>
<trkpt lat="-35.650667000" lon="138.171245000">
<ele>256</ele>
</trkpt>
<trkpt lat="-35.650645000" lon="138.171264000">
<ele>256</ele>
</trkpt>
<trkpt lat="-35.650606000" lon="138.171275000">
<ele>257</ele>
</trkpt>
<trkpt lat="-35.650590000" lon="138.171288000">
<ele>257</ele>
</trkpt>
<trkpt lat="-35.650554000" lon="138.171310000">
<ele>257</ele>
</trkpt>
<trkpt lat="-35.650509000" lon="138.171370000">
<ele>258</ele>
</trkpt>
<trkpt lat="-35.650492000" lon="138.171405000">
<ele>258</ele>
</trkpt>
<trkpt lat="-35.650477000" lon="138.171440000">
<ele>258</ele>
</trkpt>
<trkpt lat="-35.650443000" lon="138.171498000">
<ele>258</ele>
</trkpt>
<trkpt lat="-35.650429000" lon="138.171529000">
<ele>258</ele>
</trkpt>
<trkpt lat="-35.650389000" lon="138.171558000">
<ele>259</ele>
</trkpt>
<trkpt lat="-35.650349000" lon="138.171598000">
<ele>260</ele>
</trkpt>
<trkpt lat="-35.650335000" lon="138.171658000">
<ele>260</ele>
</trkpt>
<trkpt lat="-35.650322000" lon="138.171748000">
<ele>260</ele>
</trkpt>
<trkpt lat="-35.650289000" lon="138.171841000">
<ele>260</ele>
</trkpt>
<trkpt lat="-35.650242000" lon="138.171903000">
<ele>260</ele>
</trkpt>
<trkpt lat="-35.650219000" lon="138.171937000">
<ele>260</ele>
</trkpt>
<trkpt lat="-35.650181000" lon="138.172013000">
<ele>260</ele>
</trkpt>
<trkpt lat="-35.650134000" lon="138.172081000">
<ele>259</ele>
</trkpt>
<trkpt lat="-35.650077000" lon="138.172147000">
<ele>259</ele>
</trkpt>
<trkpt lat="-35.650026000" lon="138.172197000">
<ele>260</ele>
</trkpt>
<trkpt lat="-35.649968000" lon="138.172218000">
<ele>260</ele>
</trkpt>
<trkpt lat="-35.649947000" lon="138.172265000">
<ele>260</ele>
</trkpt>
<trkpt lat="-35.649944000" lon="138.172385000">
<ele>259</ele>
</trkpt>
<trkpt lat="-35.649933000" lon="138.172435000">
<ele>259</ele>
</trkpt>
<trkpt lat="-35.649898000" lon="138.172472000">
<ele>259</ele>
</trkpt>
<trkpt lat="-35.649868000" lon="138.172525000">
<ele>259</ele>
</trkpt>
<trkpt lat="-35.649847000" lon="138.172536000">
<ele>259</ele>
</trkpt>
<trkpt lat="-35.649827000" lon="138.172574000">
<ele>260</ele>
</trkpt>
<trkpt lat="-35.649779000" lon="138.172632000">
<ele>260</ele>
</trkpt>
<trkpt lat="-35.649752000" lon="138.172674000">
<ele>260</ele>
</trkpt>
<trkpt lat="-35.649724000" lon="138.172729000">
<ele>260</ele>
</trkpt>
<trkpt lat="-35.649674000" lon="138.172783000">
<ele>260</ele>
</trkpt>
<trkpt lat="-35.649631000" lon="138.172826000">
<ele>261</ele>
</trkpt>
<trkpt lat="-35.649594000" lon="138.172846000">
<ele>261</ele>
</trkpt>
<trkpt lat="-35.649549000" lon="138.172869000">
<ele>261</ele>
</trkpt>
<trkpt lat="-35.649518000" lon="138.172910000">
<ele>261</ele>
</trkpt>
<trkpt lat="-35.649503000" lon="138.172970000">
<ele>261</ele>
</trkpt>
<trkpt lat="-35.649478000" lon="138.173023000">
<ele>262</ele>
</trkpt>
<trkpt lat="-35.649443000" lon="138.173080000">
<ele>262</ele>
</trkpt>
<trkpt lat="-35.649394000" lon="138.173111000">
<ele>262</ele>
</trkpt>
<trkpt lat="-35.649388000" lon="138.173134000">
<ele>262</ele>
</trkpt>
<trkpt lat="-35.649357000" lon="138.173187000">
<ele>262</ele>
</trkpt>
<trkpt lat="-35.649315000" lon="138.173247000">
<ele>262</ele>
</trkpt>
<trkpt lat="-35.649270000" lon="138.173257000">
<ele>262</ele>
</trkpt>
<trkpt lat="-35.649242000" lon="138.173271000">
<ele>262</ele>
</trkpt>
<trkpt lat="-35.649209000" lon="138.173274000">
<ele>262</ele>
</trkpt>
<trkpt lat="-35.649158000" lon="138.173293000">
<ele>262</ele>
</trkpt>
<trkpt lat="-35.649133000" lon="138.173297000">
<ele>262</ele>
</trkpt>
<trkpt lat="-35.649061000" lon="138.173384000">
<ele>263</ele>
</trkpt>
<trkpt lat="-35.648953000" lon="138.173410000">
<ele>264</ele>
</trkpt>
<trkpt lat="-35.648907000" lon="138.173406000">
<ele>264</ele>
</trkpt>
<trkpt lat="-35.648856000" lon="138.173425000">
<ele>264</ele>
</trkpt>
<trkpt lat="-35.648832000" lon="138.173411000">
<ele>264</ele>
</trkpt>
<trkpt lat="-35.648771000" lon="138.173417000">
<ele>265</ele>
</trkpt>
<trkpt lat="-35.648748000" lon="138.173416000">
<ele>265</ele>
</trkpt>
<trkpt lat="-35.648730000" lon="138.173424000">
<ele>265</ele>
</trkpt>
<trkpt lat="-35.648686000" lon="138.173434000">
<ele>265</ele>
</trkpt>
<trkpt lat="-35.648654000" lon="138.173447000">
<ele>265</ele>
</trkpt>
<trkpt lat="-35.648625000" lon="138.173483000">
<ele>265</ele>
</trkpt>
<trkpt lat="-35.648584000" lon="138.173551000">
<ele>265</ele>
</trkpt>
<trkpt lat="-35.648537000" lon="138.173601000">
<ele>265</ele>
</trkpt>
<trkpt lat="-35.648518000" lon="138.173666000">
<ele>265</ele>
</trkpt>
<trkpt lat="-35.648471000" lon="138.173710000">
<ele>265</ele>
</trkpt>
<trkpt lat="-35.648446000" lon="138.173738000">
<ele>264</ele>
</trkpt>
<trkpt lat="-35.648423000" lon="138.173762000">
<ele>264</ele>
</trkpt>
<trkpt lat="-35.648376000" lon="138.173800000">
<ele>264</ele>
</trkpt>
<trkpt lat="-35.648330000" lon="138.173847000">
<ele>264</ele>
</trkpt>
<trkpt lat="-35.648309000" lon="138.173859000">
<ele>264</ele>
</trkpt>
<trkpt lat="-35.648231000" lon="138.173931000">
<ele>265</ele>
</trkpt>
<trkpt lat="-35.648202000" lon="138.174011000">
<ele>264</ele>
</trkpt>
<trkpt lat="-35.648191000" lon="138.174060000">
<ele>264</ele>
</trkpt>
<trkpt lat="-35.648177000" lon="138.174087000">
<ele>265</ele>
</trkpt>
<trkpt lat="-35.648165000" lon="138.174116000">
<ele>265</ele>
</trkpt>
<trkpt lat="-35.648152000" lon="138.174140000">
<ele>265</ele>
</trkpt>
<trkpt lat="-35.648137000" lon="138.174165000">
<ele>265</ele>
</trkpt>
<trkpt lat="-35.648120000" lon="138.174187000">
<ele>265</ele>
</trkpt>
<trkpt lat="-35.648105000" lon="138.174212000">
<ele>265</ele>
</trkpt>
<trkpt lat="-35.648089000" lon="138.174236000">
<ele>265</ele>
</trkpt>
<trkpt lat="-35.648070000" lon="138.174256000">
<ele>266</ele>
</trkpt>
<trkpt lat="-35.648056000" lon="138.174281000">
<ele>266</ele>
</trkpt>
<trkpt lat="-35.648042000" lon="138.174308000">
<ele>266</ele>
</trkpt>
<trkpt lat="-35.648027000" lon="138.174329000">
<ele>266</ele>
</trkpt>
<trkpt lat="-35.648012000" lon="138.174354000">
<ele>267</ele>
</trkpt>
<trkpt lat="-35.647995000" lon="138.174377000">
<ele>267</ele>
</trkpt>
<trkpt lat="-35.647981000" lon="138.174401000">
<ele>267</ele>
</trkpt>
<trkpt lat="-35.647970000" lon="138.174427000">
<ele>267</ele>
</trkpt>
<trkpt lat="-35.647963000" lon="138.174459000">
<ele>267</ele>
</trkpt>
<trkpt lat="-35.647952000" lon="138.174484000">
<ele>267</ele>
</trkpt>
<trkpt lat="-35.647938000" lon="138.174510000">
<ele>267</ele>
</trkpt>
<trkpt lat="-35.647915000" lon="138.174553000">
<ele>267</ele>
</trkpt>
<trkpt lat="-35.647902000" lon="138.174577000">
<ele>267</ele>
</trkpt>
<trkpt lat="-35.647884000" lon="138.174612000">
<ele>267</ele>
</trkpt>
<trkpt lat="-35.647865000" lon="138.174644000">
<ele>268</ele>
</trkpt>
<trkpt lat="-35.647852000" lon="138.174664000">
<ele>268</ele>
</trkpt>
<trkpt lat="-35.647845000" lon="138.174691000">
<ele>267</ele>
</trkpt>
<trkpt lat="-35.647840000" lon="138.174701000">
<ele>267</ele>
</trkpt>
</trkseg>
</trk>
</gpx>