<?xml version="1.0" encoding="utf-8" standalone="yes"?>
<gpx version="1.1" creator="Friends of the Heysen Trail https://heysentrail.asn.au" xmlns="http://www.topografix.com/GPX/1/1" xmlns:xsi="http://www.w3.org/2001/XMLSchema-instance" xsi:schemaLocation="http://www.topografix.com/GPX/1/1 http://www.topografix.com/GPX/1/1/gpx.xsd">
<time>2026-05-17T07:12:52Z</time>
<trk>
<trkseg>
<trkpt lat="-35.637528070" lon="138.255120800">
<ele>218</ele>
</trkpt>
<trkpt lat="-35.637347350" lon="138.255732200">
<ele>220</ele>
</trkpt>
<trkpt lat="-35.637258340" lon="138.256576200">
<ele>226</ele>
</trkpt>
<trkpt lat="-35.637045350" lon="138.256967200">
<ele>227</ele>
</trkpt>
<trkpt lat="-35.636610420" lon="138.257347200">
<ele>227</ele>
</trkpt>
<trkpt lat="-35.636131390" lon="138.257688200">
<ele>223</ele>
</trkpt>
<trkpt lat="-35.635527390" lon="138.257993200">
<ele>224</ele>
</trkpt>
<trkpt lat="-35.634946360" lon="138.258384200">
<ele>225</ele>
</trkpt>
<trkpt lat="-35.634676380" lon="138.258632200">
<ele>227</ele>
</trkpt>
<trkpt lat="-35.634195420" lon="138.258880200">
<ele>229</ele>
</trkpt>
<trkpt lat="-35.633697370" lon="138.259089200">
<ele>228</ele>
</trkpt>
<trkpt lat="-35.633284390" lon="138.259249200">
<ele>230</ele>
</trkpt>
<trkpt lat="-35.633078370" lon="138.259468200">
<ele>234</ele>
</trkpt>
<trkpt lat="-35.633059840" lon="138.259760300">
<ele>236</ele>
</trkpt>
<trkpt lat="-35.633054390" lon="138.259846200">
<ele>236</ele>
</trkpt>
<trkpt lat="-35.633016420" lon="138.260311200">
<ele>235</ele>
</trkpt>
<trkpt lat="-35.633025000" lon="138.260420000">
<ele>234</ele>
</trkpt>
<trkpt lat="-35.633035000" lon="138.260569000">
<ele>231</ele>
</trkpt>
<trkpt lat="-35.633023000" lon="138.260699000">
<ele>230</ele>
</trkpt>
<trkpt lat="-35.632959000" lon="138.260835000">
<ele>230</ele>
</trkpt>
<trkpt lat="-35.632848000" lon="138.261020000">
<ele>232</ele>
</trkpt>
<trkpt lat="-35.632789000" lon="138.261173000">
<ele>232</ele>
</trkpt>
<trkpt lat="-35.632703000" lon="138.261453000">
<ele>231</ele>
</trkpt>
<trkpt lat="-35.632682000" lon="138.261574000">
<ele>230</ele>
</trkpt>
<trkpt lat="-35.632683000" lon="138.261692000">
<ele>229</ele>
</trkpt>
<trkpt lat="-35.632701000" lon="138.261812000">
<ele>228</ele>
</trkpt>
<trkpt lat="-35.632733000" lon="138.261935000">
<ele>227</ele>
</trkpt>
<trkpt lat="-35.632775000" lon="138.262068000">
<ele>227</ele>
</trkpt>
<trkpt lat="-35.632816000" lon="138.262200000">
<ele>227</ele>
</trkpt>
<trkpt lat="-35.632856000" lon="138.262336000">
<ele>226</ele>
</trkpt>
<trkpt lat="-35.632888000" lon="138.262471000">
<ele>226</ele>
</trkpt>
<trkpt lat="-35.632913000" lon="138.262605000">
<ele>226</ele>
</trkpt>
<trkpt lat="-35.632933000" lon="138.262730000">
<ele>226</ele>
</trkpt>
<trkpt lat="-35.632952000" lon="138.262838000">
<ele>226</ele>
</trkpt>
<trkpt lat="-35.632969000" lon="138.262963000">
<ele>225</ele>
</trkpt>
<trkpt lat="-35.632980000" lon="138.263098000">
<ele>224</ele>
</trkpt>
<trkpt lat="-35.632987000" lon="138.263246000">
<ele>224</ele>
</trkpt>
<trkpt lat="-35.632994000" lon="138.263396000">
<ele>223</ele>
</trkpt>
<trkpt lat="-35.632998000" lon="138.263541000">
<ele>222</ele>
</trkpt>
<trkpt lat="-35.633007000" lon="138.263696000">
<ele>221</ele>
</trkpt>
<trkpt lat="-35.633018000" lon="138.263846000">
<ele>221</ele>
</trkpt>
<trkpt lat="-35.633030000" lon="138.263981000">
<ele>221</ele>
</trkpt>
<trkpt lat="-35.633039000" lon="138.264129000">
<ele>221</ele>
</trkpt>
<trkpt lat="-35.633046000" lon="138.264280000">
<ele>222</ele>
</trkpt>
<trkpt lat="-35.633047000" lon="138.264405000">
<ele>222</ele>
</trkpt>
<trkpt lat="-35.633056000" lon="138.264541000">
<ele>222</ele>
</trkpt>
<trkpt lat="-35.633066000" lon="138.264657000">
<ele>222</ele>
</trkpt>
<trkpt lat="-35.633076000" lon="138.264780000">
<ele>223</ele>
</trkpt>
<trkpt lat="-35.633087000" lon="138.264936000">
<ele>223</ele>
</trkpt>
<trkpt lat="-35.633099000" lon="138.265069000">
<ele>223</ele>
</trkpt>
<trkpt lat="-35.633107000" lon="138.265197000">
<ele>223</ele>
</trkpt>
<trkpt lat="-35.633118000" lon="138.265342000">
<ele>224</ele>
</trkpt>
<trkpt lat="-35.633143000" lon="138.265476000">
<ele>224</ele>
</trkpt>
<trkpt lat="-35.633187000" lon="138.265566000">
<ele>224</ele>
</trkpt>
<trkpt lat="-35.633225000" lon="138.265630000">
<ele>222</ele>
</trkpt>
<trkpt lat="-35.633328000" lon="138.265764000">
<ele>221</ele>
</trkpt>
<trkpt lat="-35.633436000" lon="138.265917000">
<ele>220</ele>
</trkpt>
<trkpt lat="-35.633518000" lon="138.266038000">
<ele>220</ele>
</trkpt>
<trkpt lat="-35.633627000" lon="138.266184000">
<ele>221</ele>
</trkpt>
<trkpt lat="-35.633702000" lon="138.266278000">
<ele>221</ele>
</trkpt>
<trkpt lat="-35.633811000" lon="138.266422000">
<ele>221</ele>
</trkpt>
<trkpt lat="-35.633944000" lon="138.266598000">
<ele>220</ele>
</trkpt>
<trkpt lat="-35.634005000" lon="138.266684000">
<ele>220</ele>
</trkpt>
<trkpt lat="-35.634132000" lon="138.266859000">
<ele>219</ele>
</trkpt>
<trkpt lat="-35.634279000" lon="138.266960000">
<ele>218</ele>
</trkpt>
<trkpt lat="-35.634433000" lon="138.267017000">
<ele>217</ele>
</trkpt>
<trkpt lat="-35.634477000" lon="138.267025000">
<ele>216</ele>
</trkpt>
<trkpt lat="-35.634495000" lon="138.267082000">
<ele>215</ele>
</trkpt>
<trkpt lat="-35.634493000" lon="138.267153000">
<ele>216</ele>
</trkpt>
<trkpt lat="-35.634502000" lon="138.267201000">
<ele>215</ele>
</trkpt>
<trkpt lat="-35.634500000" lon="138.267288000">
<ele>215</ele>
</trkpt>
<trkpt lat="-35.634475000" lon="138.267337000">
<ele>216</ele>
</trkpt>
<trkpt lat="-35.634438000" lon="138.267377000">
<ele>217</ele>
</trkpt>
<trkpt lat="-35.634398000" lon="138.267445000">
<ele>217</ele>
</trkpt>
<trkpt lat="-35.634361000" lon="138.267494000">
<ele>217</ele>
</trkpt>
<trkpt lat="-35.634323000" lon="138.267532000">
<ele>217</ele>
</trkpt>
<trkpt lat="-35.634285000" lon="138.267556000">
<ele>216</ele>
</trkpt>
<trkpt lat="-35.634254000" lon="138.267556000">
<ele>216</ele>
</trkpt>
<trkpt lat="-35.634226000" lon="138.267535000">
<ele>217</ele>
</trkpt>
<trkpt lat="-35.634210000" lon="138.267516000">
<ele>217</ele>
</trkpt>
<trkpt lat="-35.634198000" lon="138.267480000">
<ele>217</ele>
</trkpt>
<trkpt lat="-35.634178000" lon="138.267435000">
<ele>217</ele>
</trkpt>
<trkpt lat="-35.634128000" lon="138.267375000">
<ele>217</ele>
</trkpt>
<trkpt lat="-35.634053000" lon="138.267292000">
<ele>216</ele>
</trkpt>
<trkpt lat="-35.633989000" lon="138.267244000">
<ele>215</ele>
</trkpt>
<trkpt lat="-35.633956000" lon="138.267231000">
<ele>215</ele>
</trkpt>
<trkpt lat="-35.633906000" lon="138.267173000">
<ele>215</ele>
</trkpt>
<trkpt lat="-35.633837000" lon="138.267117000">
<ele>214</ele>
</trkpt>
<trkpt lat="-35.633802000" lon="138.267104000">
<ele>213</ele>
</trkpt>
<trkpt lat="-35.633748000" lon="138.267043000">
<ele>213</ele>
</trkpt>
<trkpt lat="-35.633703000" lon="138.267013000">
<ele>213</ele>
</trkpt>
<trkpt lat="-35.633606000" lon="138.266940000">
<ele>213</ele>
</trkpt>
<trkpt lat="-35.633511000" lon="138.266887000">
<ele>213</ele>
</trkpt>
<trkpt lat="-35.633347000" lon="138.266866000">
<ele>211</ele>
</trkpt>
<trkpt lat="-35.633267000" lon="138.266846000">
<ele>210</ele>
</trkpt>
<trkpt lat="-35.633215000" lon="138.266800000">
<ele>211</ele>
</trkpt>
<trkpt lat="-35.633148000" lon="138.266777000">
<ele>210</ele>
</trkpt>
<trkpt lat="-35.633103000" lon="138.266754000">
<ele>210</ele>
</trkpt>
<trkpt lat="-35.632976000" lon="138.266727000">
<ele>208</ele>
</trkpt>
<trkpt lat="-35.632895000" lon="138.266716000">
<ele>207</ele>
</trkpt>
<trkpt lat="-35.632812000" lon="138.266712000">
<ele>206</ele>
</trkpt>
<trkpt lat="-35.632668000" lon="138.266738000">
<ele>202</ele>
</trkpt>
<trkpt lat="-35.632607000" lon="138.266729000">
<ele>201</ele>
</trkpt>
<trkpt lat="-35.632552000" lon="138.266725000">
<ele>200</ele>
</trkpt>
<trkpt lat="-35.632518000" lon="138.266709000">
<ele>200</ele>
</trkpt>
<trkpt lat="-35.632453000" lon="138.266643000">
<ele>200</ele>
</trkpt>
<trkpt lat="-35.632395000" lon="138.266595000">
<ele>200</ele>
</trkpt>
<trkpt lat="-35.632346000" lon="138.266524000">
<ele>200</ele>
</trkpt>
<trkpt lat="-35.632273000" lon="138.266461000">
<ele>199</ele>
</trkpt>
<trkpt lat="-35.632212000" lon="138.266406000">
<ele>199</ele>
</trkpt>
<trkpt lat="-35.632157000" lon="138.266383000">
<ele>198</ele>
</trkpt>
<trkpt lat="-35.632083000" lon="138.266361000">
<ele>196</ele>
</trkpt>
<trkpt lat="-35.632042000" lon="138.266347000">
<ele>195</ele>
</trkpt>
<trkpt lat="-35.631992000" lon="138.266347000">
<ele>193</ele>
</trkpt>
<trkpt lat="-35.631955000" lon="138.266318000">
<ele>192</ele>
</trkpt>
<trkpt lat="-35.631877000" lon="138.266287000">
<ele>191</ele>
</trkpt>
<trkpt lat="-35.631800000" lon="138.266257000">
<ele>189</ele>
</trkpt>
<trkpt lat="-35.631777000" lon="138.266219000">
<ele>189</ele>
</trkpt>
<trkpt lat="-35.631699000" lon="138.266157000">
<ele>188</ele>
</trkpt>
<trkpt lat="-35.631666000" lon="138.266127000">
<ele>188</ele>
</trkpt>
<trkpt lat="-35.631635000" lon="138.266083000">
<ele>188</ele>
</trkpt>
<trkpt lat="-35.631599000" lon="138.266019000">
<ele>188</ele>
</trkpt>
<trkpt lat="-35.631554000" lon="138.265964000">
<ele>187</ele>
</trkpt>
<trkpt lat="-35.631509000" lon="138.265908000">
<ele>187</ele>
</trkpt>
<trkpt lat="-35.631474000" lon="138.265862000">
<ele>187</ele>
</trkpt>
<trkpt lat="-35.631446000" lon="138.265804000">
<ele>187</ele>
</trkpt>
<trkpt lat="-35.631420000" lon="138.265759000">
<ele>186</ele>
</trkpt>
<trkpt lat="-35.631400000" lon="138.265723000">
<ele>186</ele>
</trkpt>
<trkpt lat="-35.631370000" lon="138.265691000">
<ele>186</ele>
</trkpt>
<trkpt lat="-35.631348000" lon="138.265638000">
<ele>185</ele>
</trkpt>
<trkpt lat="-35.631328000" lon="138.265588000">
<ele>185</ele>
</trkpt>
<trkpt lat="-35.631324000" lon="138.265532000">
<ele>185</ele>
</trkpt>
<trkpt lat="-35.631327000" lon="138.265485000">
<ele>185</ele>
</trkpt>
<trkpt lat="-35.631321000" lon="138.265446000">
<ele>185</ele>
</trkpt>
<trkpt lat="-35.631319000" lon="138.265371000">
<ele>185</ele>
</trkpt>
<trkpt lat="-35.631317000" lon="138.265307000">
<ele>185</ele>
</trkpt>
<trkpt lat="-35.631307000" lon="138.265186000">
<ele>186</ele>
</trkpt>
<trkpt lat="-35.631292000" lon="138.265144000">
<ele>186</ele>
</trkpt>
<trkpt lat="-35.631295000" lon="138.265094000">
<ele>186</ele>
</trkpt>
<trkpt lat="-35.631288000" lon="138.265045000">
<ele>186</ele>
</trkpt>
<trkpt lat="-35.631261000" lon="138.264985000">
<ele>186</ele>
</trkpt>
<trkpt lat="-35.631228000" lon="138.264942000">
<ele>186</ele>
</trkpt>
<trkpt lat="-35.631181000" lon="138.264896000">
<ele>185</ele>
</trkpt>
<trkpt lat="-35.631165000" lon="138.264848000">
<ele>185</ele>
</trkpt>
<trkpt lat="-35.631121000" lon="138.264813000">
<ele>184</ele>
</trkpt>
<trkpt lat="-35.631074000" lon="138.264757000">
<ele>185</ele>
</trkpt>
<trkpt lat="-35.631052000" lon="138.264722000">
<ele>185</ele>
</trkpt>
<trkpt lat="-35.631042000" lon="138.264656000">
<ele>187</ele>
</trkpt>
<trkpt lat="-35.631021000" lon="138.264650000">
<ele>187</ele>
</trkpt>
<trkpt lat="-35.631019000" lon="138.264679000">
<ele>186</ele>
</trkpt>
<trkpt lat="-35.631026000" lon="138.264724000">
<ele>185</ele>
</trkpt>
<trkpt lat="-35.631025000" lon="138.264762000">
<ele>185</ele>
</trkpt>
<trkpt lat="-35.631028000" lon="138.264843000">
<ele>184</ele>
</trkpt>
<trkpt lat="-35.631039000" lon="138.264902000">
<ele>183</ele>
</trkpt>
<trkpt lat="-35.631080000" lon="138.265031000">
<ele>182</ele>
</trkpt>
<trkpt lat="-35.631114000" lon="138.265158000">
<ele>181</ele>
</trkpt>
<trkpt lat="-35.631140000" lon="138.265292000">
<ele>182</ele>
</trkpt>
<trkpt lat="-35.631127000" lon="138.265328000">
<ele>181</ele>
</trkpt>
<trkpt lat="-35.631095000" lon="138.265343000">
<ele>181</ele>
</trkpt>
<trkpt lat="-35.631073000" lon="138.265323000">
<ele>181</ele>
</trkpt>
<trkpt lat="-35.631055000" lon="138.265266000">
<ele>181</ele>
</trkpt>
<trkpt lat="-35.631020000" lon="138.265171000">
<ele>181</ele>
</trkpt>
<trkpt lat="-35.630990000" lon="138.265140000">
<ele>181</ele>
</trkpt>
<trkpt lat="-35.630944000" lon="138.265129000">
<ele>181</ele>
</trkpt>
<trkpt lat="-35.630934000" lon="138.265219000">
<ele>181</ele>
</trkpt>
<trkpt lat="-35.630935000" lon="138.265274000">
<ele>180</ele>
</trkpt>
<trkpt lat="-35.630892000" lon="138.265386000">
<ele>180</ele>
</trkpt>
<trkpt lat="-35.630849000" lon="138.265443000">
<ele>179</ele>
</trkpt>
<trkpt lat="-35.630806000" lon="138.265555000">
<ele>179</ele>
</trkpt>
<trkpt lat="-35.630762000" lon="138.265699000">
<ele>178</ele>
</trkpt>
<trkpt lat="-35.630750000" lon="138.265784000">
<ele>177</ele>
</trkpt>
<trkpt lat="-35.630742000" lon="138.265915000">
<ele>176</ele>
</trkpt>
<trkpt lat="-35.630730000" lon="138.266003000">
<ele>176</ele>
</trkpt>
<trkpt lat="-35.630735000" lon="138.266079000">
<ele>175</ele>
</trkpt>
<trkpt lat="-35.630756000" lon="138.266187000">
<ele>173</ele>
</trkpt>
<trkpt lat="-35.630774000" lon="138.266262000">
<ele>173</ele>
</trkpt>
<trkpt lat="-35.630801000" lon="138.266366000">
<ele>172</ele>
</trkpt>
<trkpt lat="-35.630837000" lon="138.266489000">
<ele>170</ele>
</trkpt>
<trkpt lat="-35.630861000" lon="138.266605000">
<ele>169</ele>
</trkpt>
<trkpt lat="-35.630868000" lon="138.266694000">
<ele>168</ele>
</trkpt>
<trkpt lat="-35.630863000" lon="138.266807000">
<ele>168</ele>
</trkpt>
<trkpt lat="-35.630866000" lon="138.266868000">
<ele>168</ele>
</trkpt>
<trkpt lat="-35.630873000" lon="138.266945000">
<ele>168</ele>
</trkpt>
<trkpt lat="-35.630899000" lon="138.267014000">
<ele>168</ele>
</trkpt>
<trkpt lat="-35.630920000" lon="138.267042000">
<ele>168</ele>
</trkpt>
<trkpt lat="-35.630941000" lon="138.267111000">
<ele>168</ele>
</trkpt>
<trkpt lat="-35.630956000" lon="138.267150000">
<ele>168</ele>
</trkpt>
<trkpt lat="-35.630974000" lon="138.267192000">
<ele>168</ele>
</trkpt>
<trkpt lat="-35.631010000" lon="138.267254000">
<ele>168</ele>
</trkpt>
<trkpt lat="-35.631037000" lon="138.267310000">
<ele>168</ele>
</trkpt>
<trkpt lat="-35.631054000" lon="138.267377000">
<ele>169</ele>
</trkpt>
<trkpt lat="-35.631072000" lon="138.267426000">
<ele>169</ele>
</trkpt>
<trkpt lat="-35.631108000" lon="138.267495000">
<ele>170</ele>
</trkpt>
<trkpt lat="-35.631108000" lon="138.267539000">
<ele>171</ele>
</trkpt>
<trkpt lat="-35.631121000" lon="138.267558000">
<ele>171</ele>
</trkpt>
<trkpt lat="-35.631148000" lon="138.267583000">
<ele>170</ele>
</trkpt>
<trkpt lat="-35.631163000" lon="138.267593000">
<ele>170</ele>
</trkpt>
<trkpt lat="-35.631166000" lon="138.267635000">
<ele>171</ele>
</trkpt>
<trkpt lat="-35.631192000" lon="138.267700000">
<ele>171</ele>
</trkpt>
<trkpt lat="-35.631219000" lon="138.267784000">
<ele>171</ele>
</trkpt>
<trkpt lat="-35.631252000" lon="138.267861000">
<ele>172</ele>
</trkpt>
<trkpt lat="-35.631278000" lon="138.267912000">
<ele>172</ele>
</trkpt>
<trkpt lat="-35.631306000" lon="138.267966000">
<ele>172</ele>
</trkpt>
<trkpt lat="-35.631318000" lon="138.268016000">
<ele>172</ele>
</trkpt>
<trkpt lat="-35.631341000" lon="138.268056000">
<ele>172</ele>
</trkpt>
<trkpt lat="-35.631376000" lon="138.268078000">
<ele>171</ele>
</trkpt>
<trkpt lat="-35.631398000" lon="138.268108000">
<ele>171</ele>
</trkpt>
<trkpt lat="-35.631410000" lon="138.268142000">
<ele>171</ele>
</trkpt>
<trkpt lat="-35.631420000" lon="138.268192000">
<ele>172</ele>
</trkpt>
<trkpt lat="-35.631441000" lon="138.268206000">
<ele>171</ele>
</trkpt>
<trkpt lat="-35.631463000" lon="138.268238000">
<ele>171</ele>
</trkpt>
<trkpt lat="-35.631485000" lon="138.268270000">
<ele>171</ele>
</trkpt>
<trkpt lat="-35.631508000" lon="138.268320000">
<ele>171</ele>
</trkpt>
<trkpt lat="-35.631539000" lon="138.268379000">
<ele>171</ele>
</trkpt>
<trkpt lat="-35.631553000" lon="138.268431000">
<ele>171</ele>
</trkpt>
<trkpt lat="-35.631558000" lon="138.268492000">
<ele>172</ele>
</trkpt>
<trkpt lat="-35.631568000" lon="138.268575000">
<ele>173</ele>
</trkpt>
<trkpt lat="-35.631578000" lon="138.268621000">
<ele>174</ele>
</trkpt>
<trkpt lat="-35.631582000" lon="138.268685000">
<ele>174</ele>
</trkpt>
<trkpt lat="-35.631599000" lon="138.268807000">
<ele>175</ele>
</trkpt>
<trkpt lat="-35.631607000" lon="138.268861000">
<ele>176</ele>
</trkpt>
<trkpt lat="-35.631619000" lon="138.268911000">
<ele>176</ele>
</trkpt>
<trkpt lat="-35.631623000" lon="138.268977000">
<ele>176</ele>
</trkpt>
<trkpt lat="-35.631622000" lon="138.269019000">
<ele>176</ele>
</trkpt>
<trkpt lat="-35.631613000" lon="138.269075000">
<ele>177</ele>
</trkpt>
<trkpt lat="-35.631596000" lon="138.269162000">
<ele>178</ele>
</trkpt>
<trkpt lat="-35.631580000" lon="138.269263000">
<ele>179</ele>
</trkpt>
<trkpt lat="-35.631570000" lon="138.269320000">
<ele>179</ele>
</trkpt>
<trkpt lat="-35.631564000" lon="138.269375000">
<ele>180</ele>
</trkpt>
<trkpt lat="-35.631567000" lon="138.269438000">
<ele>180</ele>
</trkpt>
<trkpt lat="-35.631567000" lon="138.269490000">
<ele>179</ele>
</trkpt>
<trkpt lat="-35.631554000" lon="138.269539000">
<ele>180</ele>
</trkpt>
<trkpt lat="-35.631538000" lon="138.269585000">
<ele>180</ele>
</trkpt>
<trkpt lat="-35.631529000" lon="138.269640000">
<ele>180</ele>
</trkpt>
<trkpt lat="-35.631508000" lon="138.269702000">
<ele>181</ele>
</trkpt>
<trkpt lat="-35.631472000" lon="138.269792000">
<ele>181</ele>
</trkpt>
<trkpt lat="-35.631441000" lon="138.269850000">
<ele>182</ele>
</trkpt>
<trkpt lat="-35.631389000" lon="138.269932000">
<ele>183</ele>
</trkpt>
<trkpt lat="-35.631364000" lon="138.269984000">
<ele>183</ele>
</trkpt>
<trkpt lat="-35.631334000" lon="138.270027000">
<ele>183</ele>
</trkpt>
<trkpt lat="-35.631260000" lon="138.270145000">
<ele>183</ele>
</trkpt>
<trkpt lat="-35.631236000" lon="138.270195000">
<ele>183</ele>
</trkpt>
<trkpt lat="-35.631205000" lon="138.270223000">
<ele>183</ele>
</trkpt>
<trkpt lat="-35.631155000" lon="138.270245000">
<ele>184</ele>
</trkpt>
<trkpt lat="-35.631104000" lon="138.270282000">
<ele>185</ele>
</trkpt>
<trkpt lat="-35.631039000" lon="138.270346000">
<ele>185</ele>
</trkpt>
<trkpt lat="-35.630992000" lon="138.270372000">
<ele>186</ele>
</trkpt>
<trkpt lat="-35.630924000" lon="138.270438000">
<ele>187</ele>
</trkpt>
<trkpt lat="-35.630868000" lon="138.270491000">
<ele>187</ele>
</trkpt>
<trkpt lat="-35.630764000" lon="138.270567000">
<ele>189</ele>
</trkpt>
<trkpt lat="-35.630713000" lon="138.270626000">
<ele>189</ele>
</trkpt>
<trkpt lat="-35.630667000" lon="138.270669000">
<ele>189</ele>
</trkpt>
<trkpt lat="-35.630614000" lon="138.270737000">
<ele>189</ele>
</trkpt>
<trkpt lat="-35.630546000" lon="138.270831000">
<ele>189</ele>
</trkpt>
<trkpt lat="-35.630484000" lon="138.270901000">
<ele>189</ele>
</trkpt>
<trkpt lat="-35.630437000" lon="138.270984000">
<ele>188</ele>
</trkpt>
<trkpt lat="-35.630396000" lon="138.271027000">
<ele>188</ele>
</trkpt>
<trkpt lat="-35.630351000" lon="138.271083000">
<ele>187</ele>
</trkpt>
<trkpt lat="-35.630294000" lon="138.271176000">
<ele>186</ele>
</trkpt>
<trkpt lat="-35.630234000" lon="138.271245000">
<ele>186</ele>
</trkpt>
<trkpt lat="-35.630160000" lon="138.271367000">
<ele>184</ele>
</trkpt>
<trkpt lat="-35.630106000" lon="138.271439000">
<ele>184</ele>
</trkpt>
<trkpt lat="-35.630057000" lon="138.271472000">
<ele>185</ele>
</trkpt>
<trkpt lat="-35.630029000" lon="138.271530000">
<ele>185</ele>
</trkpt>
<trkpt lat="-35.629996000" lon="138.271565000">
<ele>185</ele>
</trkpt>
<trkpt lat="-35.629978000" lon="138.271610000">
<ele>185</ele>
</trkpt>
<trkpt lat="-35.629957000" lon="138.271680000">
<ele>185</ele>
</trkpt>
<trkpt lat="-35.629930000" lon="138.271753000">
<ele>184</ele>
</trkpt>
<trkpt lat="-35.629896000" lon="138.271797000">
<ele>185</ele>
</trkpt>
<trkpt lat="-35.629865000" lon="138.271822000">
<ele>186</ele>
</trkpt>
<trkpt lat="-35.629841000" lon="138.271835000">
<ele>187</ele>
</trkpt>
<trkpt lat="-35.629801000" lon="138.271867000">
<ele>187</ele>
</trkpt>
<trkpt lat="-35.629752000" lon="138.271913000">
<ele>188</ele>
</trkpt>
<trkpt lat="-35.629704000" lon="138.271958000">
<ele>189</ele>
</trkpt>
<trkpt lat="-35.629674000" lon="138.272000000">
<ele>190</ele>
</trkpt>
<trkpt lat="-35.629660000" lon="138.272048000">
<ele>189</ele>
</trkpt>
<trkpt lat="-35.629664000" lon="138.272099000">
<ele>188</ele>
</trkpt>
<trkpt lat="-35.629633000" lon="138.272173000">
<ele>188</ele>
</trkpt>
<trkpt lat="-35.629595000" lon="138.272232000">
<ele>188</ele>
</trkpt>
<trkpt lat="-35.629547000" lon="138.272293000">
<ele>189</ele>
</trkpt>
<trkpt lat="-35.629498000" lon="138.272359000">
<ele>190</ele>
</trkpt>
<trkpt lat="-35.629474000" lon="138.272390000">
<ele>190</ele>
</trkpt>
<trkpt lat="-35.629409000" lon="138.272459000">
<ele>191</ele>
</trkpt>
<trkpt lat="-35.629335000" lon="138.272532000">
<ele>192</ele>
</trkpt>
<trkpt lat="-35.629261000" lon="138.272590000">
<ele>194</ele>
</trkpt>
<trkpt lat="-35.629214000" lon="138.272616000">
<ele>195</ele>
</trkpt>
<trkpt lat="-35.629169000" lon="138.272671000">
<ele>196</ele>
</trkpt>
<trkpt lat="-35.629104000" lon="138.272758000">
<ele>196</ele>
</trkpt>
<trkpt lat="-35.629021000" lon="138.272852000">
<ele>196</ele>
</trkpt>
<trkpt lat="-35.628929000" lon="138.272969000">
<ele>197</ele>
</trkpt>
<trkpt lat="-35.628915000" lon="138.273003000">
<ele>197</ele>
</trkpt>
<trkpt lat="-35.628874000" lon="138.273057000">
<ele>197</ele>
</trkpt>
<trkpt lat="-35.628813000" lon="138.273147000">
<ele>197</ele>
</trkpt>
<trkpt lat="-35.628751000" lon="138.273237000">
<ele>197</ele>
</trkpt>
<trkpt lat="-35.628687000" lon="138.273332000">
<ele>198</ele>
</trkpt>
<trkpt lat="-35.628613000" lon="138.273402000">
<ele>198</ele>
</trkpt>
<trkpt lat="-35.628584000" lon="138.273440000">
<ele>198</ele>
</trkpt>
<trkpt lat="-35.628543000" lon="138.273474000">
<ele>199</ele>
</trkpt>
<trkpt lat="-35.628493000" lon="138.273512000">
<ele>200</ele>
</trkpt>
<trkpt lat="-35.628461000" lon="138.273565000">
<ele>199</ele>
</trkpt>
<trkpt lat="-35.628421000" lon="138.273635000">
<ele>199</ele>
</trkpt>
<trkpt lat="-35.628385000" lon="138.273718000">
<ele>198</ele>
</trkpt>
<trkpt lat="-35.628322000" lon="138.273820000">
<ele>198</ele>
</trkpt>
<trkpt lat="-35.628247000" lon="138.273925000">
<ele>199</ele>
</trkpt>
<trkpt lat="-35.628179000" lon="138.274042000">
<ele>200</ele>
</trkpt>
<trkpt lat="-35.628141000" lon="138.274097000">
<ele>200</ele>
</trkpt>
<trkpt lat="-35.628074000" lon="138.274129000">
<ele>202</ele>
</trkpt>
<trkpt lat="-35.628024000" lon="138.274162000">
<ele>203</ele>
</trkpt>
<trkpt lat="-35.627997000" lon="138.274192000">
<ele>204</ele>
</trkpt>
<trkpt lat="-35.627973000" lon="138.274255000">
<ele>204</ele>
</trkpt>
<trkpt lat="-35.627943000" lon="138.274348000">
<ele>204</ele>
</trkpt>
<trkpt lat="-35.627916000" lon="138.274410000">
<ele>204</ele>
</trkpt>
<trkpt lat="-35.627895000" lon="138.274420000">
<ele>205</ele>
</trkpt>
<trkpt lat="-35.627881000" lon="138.274439000">
<ele>205</ele>
</trkpt>
<trkpt lat="-35.627877000" lon="138.274472000">
<ele>205</ele>
</trkpt>
<trkpt lat="-35.627861000" lon="138.274518000">
<ele>205</ele>
</trkpt>
<trkpt lat="-35.627857000" lon="138.274557000">
<ele>205</ele>
</trkpt>
<trkpt lat="-35.627833000" lon="138.274599000">
<ele>205</ele>
</trkpt>
<trkpt lat="-35.627819000" lon="138.274643000">
<ele>205</ele>
</trkpt>
<trkpt lat="-35.627800000" lon="138.274707000">
<ele>205</ele>
</trkpt>
<trkpt lat="-35.627786000" lon="138.274788000">
<ele>206</ele>
</trkpt>
<trkpt lat="-35.627786000" lon="138.274846000">
<ele>206</ele>
</trkpt>
<trkpt lat="-35.627780000" lon="138.274902000">
<ele>206</ele>
</trkpt>
<trkpt lat="-35.627747000" lon="138.274968000">
<ele>207</ele>
</trkpt>
<trkpt lat="-35.627705000" lon="138.275029000">
<ele>208</ele>
</trkpt>
<trkpt lat="-35.627680000" lon="138.275061000">
<ele>209</ele>
</trkpt>
<trkpt lat="-35.627669000" lon="138.275119000">
<ele>209</ele>
</trkpt>
<trkpt lat="-35.627650000" lon="138.275153000">
<ele>210</ele>
</trkpt>
<trkpt lat="-35.627639000" lon="138.275185000">
<ele>210</ele>
</trkpt>
<trkpt lat="-35.627640000" lon="138.275212000">
<ele>211</ele>
</trkpt>
<trkpt lat="-35.627653000" lon="138.275229000">
<ele>210</ele>
</trkpt>
<trkpt lat="-35.627695000" lon="138.275242000">
<ele>210</ele>
</trkpt>
<trkpt lat="-35.627748000" lon="138.275247000">
<ele>209</ele>
</trkpt>
<trkpt lat="-35.627823000" lon="138.275232000">
<ele>208</ele>
</trkpt>
<trkpt lat="-35.627883000" lon="138.275202000">
<ele>206</ele>
</trkpt>
<trkpt lat="-35.627931000" lon="138.275185000">
<ele>205</ele>
</trkpt>
<trkpt lat="-35.627994000" lon="138.275170000">
<ele>203</ele>
</trkpt>
<trkpt lat="-35.628050000" lon="138.275170000">
<ele>201</ele>
</trkpt>
<trkpt lat="-35.628137000" lon="138.275195000">
<ele>200</ele>
</trkpt>
<trkpt lat="-35.628225000" lon="138.275217000">
<ele>198</ele>
</trkpt>
<trkpt lat="-35.628304000" lon="138.275232000">
<ele>196</ele>
</trkpt>
<trkpt lat="-35.628369000" lon="138.275253000">
<ele>196</ele>
</trkpt>
<trkpt lat="-35.628411000" lon="138.275283000">
<ele>195</ele>
</trkpt>
<trkpt lat="-35.628471000" lon="138.275294000">
<ele>194</ele>
</trkpt>
<trkpt lat="-35.628558000" lon="138.275300000">
<ele>193</ele>
</trkpt>
<trkpt lat="-35.628634000" lon="138.275309000">
<ele>191</ele>
</trkpt>
<trkpt lat="-35.628718000" lon="138.275332000">
<ele>189</ele>
</trkpt>
<trkpt lat="-35.628780000" lon="138.275346000">
<ele>188</ele>
</trkpt>
<trkpt lat="-35.628840000" lon="138.275365000">
<ele>187</ele>
</trkpt>
<trkpt lat="-35.628875000" lon="138.275393000">
<ele>187</ele>
</trkpt>
<trkpt lat="-35.628926000" lon="138.275424000">
<ele>186</ele>
</trkpt>
<trkpt lat="-35.628984000" lon="138.275510000">
<ele>186</ele>
</trkpt>
<trkpt lat="-35.629028000" lon="138.275571000">
<ele>185</ele>
</trkpt>
<trkpt lat="-35.629045000" lon="138.275630000">
<ele>185</ele>
</trkpt>
<trkpt lat="-35.629050000" lon="138.275685000">
<ele>186</ele>
</trkpt>
<trkpt lat="-35.629093000" lon="138.275743000">
<ele>185</ele>
</trkpt>
<trkpt lat="-35.629105000" lon="138.275790000">
<ele>185</ele>
</trkpt>
<trkpt lat="-35.629128000" lon="138.275864000">
<ele>185</ele>
</trkpt>
<trkpt lat="-35.629168000" lon="138.275944000">
<ele>184</ele>
</trkpt>
<trkpt lat="-35.629179000" lon="138.275984000">
<ele>184</ele>
</trkpt>
<trkpt lat="-35.629193000" lon="138.276000000">
<ele>184</ele>
</trkpt>
<trkpt lat="-35.629206000" lon="138.275991000">
<ele>184</ele>
</trkpt>
<trkpt lat="-35.629207000" lon="138.275963000">
<ele>183</ele>
</trkpt>
<trkpt lat="-35.629200000" lon="138.275931000">
<ele>183</ele>
</trkpt>
<trkpt lat="-35.629196000" lon="138.275862000">
<ele>182</ele>
</trkpt>
<trkpt lat="-35.629179000" lon="138.275776000">
<ele>182</ele>
</trkpt>
<trkpt lat="-35.629148000" lon="138.275670000">
<ele>182</ele>
</trkpt>
<trkpt lat="-35.629158000" lon="138.275609000">
<ele>181</ele>
</trkpt>
<trkpt lat="-35.629151000" lon="138.275551000">
<ele>180</ele>
</trkpt>
<trkpt lat="-35.629165000" lon="138.275499000">
<ele>179</ele>
</trkpt>
<trkpt lat="-35.629178000" lon="138.275423000">
<ele>177</ele>
</trkpt>
<trkpt lat="-35.629175000" lon="138.275371000">
<ele>176</ele>
</trkpt>
<trkpt lat="-35.629154000" lon="138.275328000">
<ele>176</ele>
</trkpt>
<trkpt lat="-35.629154000" lon="138.275275000">
<ele>174</ele>
</trkpt>
<trkpt lat="-35.629140000" lon="138.275227000">
<ele>173</ele>
</trkpt>
<trkpt lat="-35.629109000" lon="138.275166000">
<ele>172</ele>
</trkpt>
<trkpt lat="-35.629086000" lon="138.275101000">
<ele>171</ele>
</trkpt>
<trkpt lat="-35.629070000" lon="138.275070000">
<ele>171</ele>
</trkpt>
<trkpt lat="-35.629040000" lon="138.275060000">
<ele>172</ele>
</trkpt>
<trkpt lat="-35.629025000" lon="138.275035000">
<ele>171</ele>
</trkpt>
<trkpt lat="-35.629034000" lon="138.275013000">
<ele>170</ele>
</trkpt>
<trkpt lat="-35.629056000" lon="138.275005000">
<ele>169</ele>
</trkpt>
<trkpt lat="-35.629081000" lon="138.275034000">
<ele>169</ele>
</trkpt>
<trkpt lat="-35.629146000" lon="138.275088000">
<ele>169</ele>
</trkpt>
<trkpt lat="-35.629193000" lon="138.275115000">
<ele>168</ele>
</trkpt>
<trkpt lat="-35.629229000" lon="138.275148000">
<ele>167</ele>
</trkpt>
<trkpt lat="-35.629280000" lon="138.275178000">
<ele>166</ele>
</trkpt>
<trkpt lat="-35.629334000" lon="138.275198000">
<ele>164</ele>
</trkpt>
<trkpt lat="-35.629369000" lon="138.275251000">
<ele>164</ele>
</trkpt>
<trkpt lat="-35.629393000" lon="138.275293000">
<ele>164</ele>
</trkpt>
<trkpt lat="-35.629415000" lon="138.275332000">
<ele>164</ele>
</trkpt>
<trkpt lat="-35.629455000" lon="138.275360000">
<ele>163</ele>
</trkpt>
<trkpt lat="-35.629490000" lon="138.275417000">
<ele>163</ele>
</trkpt>
<trkpt lat="-35.629504000" lon="138.275456000">
<ele>163</ele>
</trkpt>
<trkpt lat="-35.629514000" lon="138.275519000">
<ele>164</ele>
</trkpt>
<trkpt lat="-35.629511000" lon="138.275567000">
<ele>165</ele>
</trkpt>
<trkpt lat="-35.629518000" lon="138.275608000">
<ele>166</ele>
</trkpt>
<trkpt lat="-35.629546000" lon="138.275663000">
<ele>167</ele>
</trkpt>
<trkpt lat="-35.629580000" lon="138.275707000">
<ele>166</ele>
</trkpt>
<trkpt lat="-35.629610000" lon="138.275724000">
<ele>166</ele>
</trkpt>
<trkpt lat="-35.629641000" lon="138.275729000">
<ele>165</ele>
</trkpt>
<trkpt lat="-35.629676000" lon="138.275754000">
<ele>165</ele>
</trkpt>
<trkpt lat="-35.629719000" lon="138.275794000">
<ele>165</ele>
</trkpt>
<trkpt lat="-35.629774000" lon="138.275824000">
<ele>164</ele>
</trkpt>
<trkpt lat="-35.629828000" lon="138.275844000">
<ele>164</ele>
</trkpt>
<trkpt lat="-35.629868000" lon="138.275850000">
<ele>163</ele>
</trkpt>
<trkpt lat="-35.629923000" lon="138.275846000">
<ele>161</ele>
</trkpt>
<trkpt lat="-35.629988000" lon="138.275864000">
<ele>160</ele>
</trkpt>
<trkpt lat="-35.630031000" lon="138.275858000">
<ele>159</ele>
</trkpt>
<trkpt lat="-35.630106000" lon="138.275868000">
<ele>157</ele>
</trkpt>
<trkpt lat="-35.630165000" lon="138.275866000">
<ele>155</ele>
</trkpt>
<trkpt lat="-35.630203000" lon="138.275878000">
<ele>155</ele>
</trkpt>
<trkpt lat="-35.630243000" lon="138.275891000">
<ele>154</ele>
</trkpt>
<trkpt lat="-35.630270000" lon="138.275888000">
<ele>153</ele>
</trkpt>
<trkpt lat="-35.630293000" lon="138.275874000">
<ele>152</ele>
</trkpt>
<trkpt lat="-35.630312000" lon="138.275893000">
<ele>152</ele>
</trkpt>
<trkpt lat="-35.630352000" lon="138.275893000">
<ele>150</ele>
</trkpt>
<trkpt lat="-35.630379000" lon="138.275930000">
<ele>151</ele>
</trkpt>
<trkpt lat="-35.630410000" lon="138.275948000">
<ele>150</ele>
</trkpt>
<trkpt lat="-35.630446000" lon="138.275980000">
<ele>150</ele>
</trkpt>
<trkpt lat="-35.630510000" lon="138.275985000">
<ele>147</ele>
</trkpt>
<trkpt lat="-35.630556000" lon="138.276017000">
<ele>147</ele>
</trkpt>
<trkpt lat="-35.630609000" lon="138.276054000">
<ele>146</ele>
</trkpt>
<trkpt lat="-35.630652000" lon="138.276130000">
<ele>148</ele>
</trkpt>
<trkpt lat="-35.630680000" lon="138.276204000">
<ele>149</ele>
</trkpt>
<trkpt lat="-35.630700000" lon="138.276245000">
<ele>150</ele>
</trkpt>
<trkpt lat="-35.630758000" lon="138.276286000">
<ele>149</ele>
</trkpt>
<trkpt lat="-35.630833000" lon="138.276345000">
<ele>148</ele>
</trkpt>
<trkpt lat="-35.630876000" lon="138.276385000">
<ele>148</ele>
</trkpt>
<trkpt lat="-35.630890000" lon="138.276413000">
<ele>149</ele>
</trkpt>
<trkpt lat="-35.630911000" lon="138.276494000">
<ele>150</ele>
</trkpt>
<trkpt lat="-35.630937000" lon="138.276613000">
<ele>153</ele>
</trkpt>
<trkpt lat="-35.630956000" lon="138.276683000">
<ele>155</ele>
</trkpt>
<trkpt lat="-35.630959000" lon="138.276735000">
<ele>157</ele>
</trkpt>
<trkpt lat="-35.630968000" lon="138.276784000">
<ele>159</ele>
</trkpt>
<trkpt lat="-35.630986000" lon="138.276812000">
<ele>159</ele>
</trkpt>
<trkpt lat="-35.631000000" lon="138.276826000">
<ele>159</ele>
</trkpt>
<trkpt lat="-35.631028000" lon="138.276848000">
<ele>160</ele>
</trkpt>
<trkpt lat="-35.631081000" lon="138.276868000">
<ele>159</ele>
</trkpt>
<trkpt lat="-35.631116000" lon="138.276865000">
<ele>159</ele>
</trkpt>
<trkpt lat="-35.631190000" lon="138.276842000">
<ele>157</ele>
</trkpt>
<trkpt lat="-35.631237000" lon="138.276805000">
<ele>155</ele>
</trkpt>
<trkpt lat="-35.631304000" lon="138.276791000">
<ele>154</ele>
</trkpt>
<trkpt lat="-35.631365000" lon="138.276758000">
<ele>152</ele>
</trkpt>
<trkpt lat="-35.631416000" lon="138.276748000">
<ele>152</ele>
</trkpt>
<trkpt lat="-35.631494000" lon="138.276727000">
<ele>151</ele>
</trkpt>
<trkpt lat="-35.631613000" lon="138.276706000">
<ele>150</ele>
</trkpt>
<trkpt lat="-35.631700000" lon="138.276679000">
<ele>149</ele>
</trkpt>
<trkpt lat="-35.631734000" lon="138.276675000">
<ele>149</ele>
</trkpt>
<trkpt lat="-35.631778000" lon="138.276645000">
<ele>149</ele>
</trkpt>
<trkpt lat="-35.631801000" lon="138.276604000">
<ele>147</ele>
</trkpt>
<trkpt lat="-35.631826000" lon="138.276567000">
<ele>146</ele>
</trkpt>
<trkpt lat="-35.631856000" lon="138.276555000">
<ele>146</ele>
</trkpt>
<trkpt lat="-35.631897000" lon="138.276535000">
<ele>146</ele>
</trkpt>
<trkpt lat="-35.631943000" lon="138.276513000">
<ele>145</ele>
</trkpt>
<trkpt lat="-35.631991000" lon="138.276462000">
<ele>144</ele>
</trkpt>
<trkpt lat="-35.632029000" lon="138.276443000">
<ele>144</ele>
</trkpt>
<trkpt lat="-35.632080000" lon="138.276432000">
<ele>145</ele>
</trkpt>
<trkpt lat="-35.632156000" lon="138.276411000">
<ele>146</ele>
</trkpt>
<trkpt lat="-35.632197000" lon="138.276384000">
<ele>146</ele>
</trkpt>
<trkpt lat="-35.632241000" lon="138.276381000">
<ele>147</ele>
</trkpt>
<trkpt lat="-35.632264000" lon="138.276352000">
<ele>147</ele>
</trkpt>
<trkpt lat="-35.632285000" lon="138.276317000">
<ele>146</ele>
</trkpt>
<trkpt lat="-35.632313000" lon="138.276280000">
<ele>146</ele>
</trkpt>
<trkpt lat="-35.632351000" lon="138.276268000">
<ele>147</ele>
</trkpt>
<trkpt lat="-35.632401000" lon="138.276255000">
<ele>148</ele>
</trkpt>
<trkpt lat="-35.632491000" lon="138.276206000">
<ele>149</ele>
</trkpt>
<trkpt lat="-35.632554000" lon="138.276159000">
<ele>149</ele>
</trkpt>
<trkpt lat="-35.632592000" lon="138.276143000">
<ele>149</ele>
</trkpt>
<trkpt lat="-35.632649000" lon="138.276135000">
<ele>151</ele>
</trkpt>
<trkpt lat="-35.632681000" lon="138.276116000">
<ele>151</ele>
</trkpt>
<trkpt lat="-35.632714000" lon="138.276114000">
<ele>151</ele>
</trkpt>
<trkpt lat="-35.632787000" lon="138.276131000">
<ele>154</ele>
</trkpt>
<trkpt lat="-35.632838000" lon="138.276134000">
<ele>154</ele>
</trkpt>
<trkpt lat="-35.632897000" lon="138.276129000">
<ele>154</ele>
</trkpt>
<trkpt lat="-35.632922000" lon="138.276113000">
<ele>154</ele>
</trkpt>
<trkpt lat="-35.632954000" lon="138.276106000">
<ele>153</ele>
</trkpt>
<trkpt lat="-35.632979000" lon="138.276092000">
<ele>153</ele>
</trkpt>
<trkpt lat="-35.633005000" lon="138.276077000">
<ele>152</ele>
</trkpt>
<trkpt lat="-35.633034000" lon="138.276082000">
<ele>153</ele>
</trkpt>
<trkpt lat="-35.633073000" lon="138.276044000">
<ele>151</ele>
</trkpt>
<trkpt lat="-35.633095000" lon="138.276015000">
<ele>149</ele>
</trkpt>
<trkpt lat="-35.633111000" lon="138.276014000">
<ele>149</ele>
</trkpt>
<trkpt lat="-35.633136000" lon="138.276011000">
<ele>149</ele>
</trkpt>
<trkpt lat="-35.633169000" lon="138.276001000">
<ele>148</ele>
</trkpt>
<trkpt lat="-35.633184000" lon="138.275976000">
<ele>147</ele>
</trkpt>
<trkpt lat="-35.633204000" lon="138.275965000">
<ele>146</ele>
</trkpt>
<trkpt lat="-35.633226000" lon="138.275966000">
<ele>146</ele>
</trkpt>
<trkpt lat="-35.633241000" lon="138.275950000">
<ele>145</ele>
</trkpt>
<trkpt lat="-35.633233000" lon="138.275933000">
<ele>144</ele>
</trkpt>
<trkpt lat="-35.633213000" lon="138.275924000">
<ele>144</ele>
</trkpt>
<trkpt lat="-35.633192000" lon="138.275908000">
<ele>144</ele>
</trkpt>
<trkpt lat="-35.633193000" lon="138.275898000">
<ele>143</ele>
</trkpt>
<trkpt lat="-35.633206000" lon="138.275887000">
<ele>143</ele>
</trkpt>
<trkpt lat="-35.633231000" lon="138.275887000">
<ele>142</ele>
</trkpt>
<trkpt lat="-35.633266000" lon="138.275893000">
<ele>142</ele>
</trkpt>
<trkpt lat="-35.633293000" lon="138.275906000">
<ele>142</ele>
</trkpt>
<trkpt lat="-35.633316000" lon="138.275911000">
<ele>142</ele>
</trkpt>
<trkpt lat="-35.633352000" lon="138.275913000">
<ele>142</ele>
</trkpt>
<trkpt lat="-35.633402000" lon="138.275913000">
<ele>141</ele>
</trkpt>
<trkpt lat="-35.633449000" lon="138.275919000">
<ele>141</ele>
</trkpt>
<trkpt lat="-35.633494000" lon="138.275919000">
<ele>140</ele>
</trkpt>
<trkpt lat="-35.633543000" lon="138.275927000">
<ele>140</ele>
</trkpt>
<trkpt lat="-35.633593000" lon="138.275935000">
<ele>139</ele>
</trkpt>
<trkpt lat="-35.633639000" lon="138.275926000">
<ele>138</ele>
</trkpt>
<trkpt lat="-35.633689000" lon="138.275950000">
<ele>138</ele>
</trkpt>
<trkpt lat="-35.633733000" lon="138.275956000">
<ele>138</ele>
</trkpt>
<trkpt lat="-35.633773000" lon="138.275985000">
<ele>138</ele>
</trkpt>
<trkpt lat="-35.633823000" lon="138.276016000">
<ele>138</ele>
</trkpt>
<trkpt lat="-35.633857000" lon="138.276013000">
<ele>138</ele>
</trkpt>
<trkpt lat="-35.633916000" lon="138.276013000">
<ele>136</ele>
</trkpt>
<trkpt lat="-35.633952000" lon="138.276013000">
<ele>136</ele>
</trkpt>
<trkpt lat="-35.633986000" lon="138.276054000">
<ele>136</ele>
</trkpt>
<trkpt lat="-35.634044000" lon="138.276069000">
<ele>136</ele>
</trkpt>
<trkpt lat="-35.634094000" lon="138.276108000">
<ele>136</ele>
</trkpt>
<trkpt lat="-35.634131000" lon="138.276172000">
<ele>137</ele>
</trkpt>
<trkpt lat="-35.634167000" lon="138.276190000">
<ele>136</ele>
</trkpt>
<trkpt lat="-35.634202000" lon="138.276211000">
<ele>136</ele>
</trkpt>
<trkpt lat="-35.634230000" lon="138.276241000">
<ele>136</ele>
</trkpt>
<trkpt lat="-35.634253000" lon="138.276291000">
<ele>137</ele>
</trkpt>
<trkpt lat="-35.634282000" lon="138.276333000">
<ele>138</ele>
</trkpt>
<trkpt lat="-35.634307000" lon="138.276359000">
<ele>138</ele>
</trkpt>
<trkpt lat="-35.634335000" lon="138.276362000">
<ele>137</ele>
</trkpt>
<trkpt lat="-35.634346000" lon="138.276347000">
<ele>136</ele>
</trkpt>
<trkpt lat="-35.634341000" lon="138.276319000">
<ele>136</ele>
</trkpt>
<trkpt lat="-35.634315000" lon="138.276272000">
<ele>135</ele>
</trkpt>
<trkpt lat="-35.634288000" lon="138.276228000">
<ele>135</ele>
</trkpt>
<trkpt lat="-35.634265000" lon="138.276163000">
<ele>134</ele>
</trkpt>
<trkpt lat="-35.634261000" lon="138.276116000">
<ele>132</ele>
</trkpt>
<trkpt lat="-35.634268000" lon="138.276095000">
<ele>132</ele>
</trkpt>
<trkpt lat="-35.634284000" lon="138.276115000">
<ele>132</ele>
</trkpt>
<trkpt lat="-35.634301000" lon="138.276161000">
<ele>133</ele>
</trkpt>
<trkpt lat="-35.634320000" lon="138.276190000">
<ele>133</ele>
</trkpt>
<trkpt lat="-35.634358000" lon="138.276209000">
<ele>133</ele>
</trkpt>
<trkpt lat="-35.634394000" lon="138.276255000">
<ele>133</ele>
</trkpt>
<trkpt lat="-35.634417000" lon="138.276282000">
<ele>133</ele>
</trkpt>
<trkpt lat="-35.634431000" lon="138.276270000">
<ele>133</ele>
</trkpt>
<trkpt lat="-35.634431000" lon="138.276249000">
<ele>132</ele>
</trkpt>
<trkpt lat="-35.634408000" lon="138.276200000">
<ele>132</ele>
</trkpt>
<trkpt lat="-35.634392000" lon="138.276146000">
<ele>131</ele>
</trkpt>
<trkpt lat="-35.634372000" lon="138.276112000">
<ele>130</ele>
</trkpt>
<trkpt lat="-35.634342000" lon="138.276064000">
<ele>129</ele>
</trkpt>
<trkpt lat="-35.634341000" lon="138.276041000">
<ele>128</ele>
</trkpt>
<trkpt lat="-35.634356000" lon="138.276043000">
<ele>128</ele>
</trkpt>
<trkpt lat="-35.634390000" lon="138.276080000">
<ele>129</ele>
</trkpt>
<trkpt lat="-35.634451000" lon="138.276126000">
<ele>129</ele>
</trkpt>
<trkpt lat="-35.634493000" lon="138.276161000">
<ele>128</ele>
</trkpt>
<trkpt lat="-35.634531000" lon="138.276197000">
<ele>128</ele>
</trkpt>
<trkpt lat="-35.634581000" lon="138.276255000">
<ele>127</ele>
</trkpt>
<trkpt lat="-35.634650000" lon="138.276324000">
<ele>127</ele>
</trkpt>
<trkpt lat="-35.634680000" lon="138.276342000">
<ele>126</ele>
</trkpt>
<trkpt lat="-35.634710000" lon="138.276355000">
<ele>126</ele>
</trkpt>
<trkpt lat="-35.634739000" lon="138.276355000">
<ele>125</ele>
</trkpt>
<trkpt lat="-35.634796000" lon="138.276375000">
<ele>123</ele>
</trkpt>
<trkpt lat="-35.634857000" lon="138.276392000">
<ele>122</ele>
</trkpt>
<trkpt lat="-35.634893000" lon="138.276412000">
<ele>121</ele>
</trkpt>
<trkpt lat="-35.634954000" lon="138.276434000">
<ele>120</ele>
</trkpt>
<trkpt lat="-35.635003000" lon="138.276463000">
<ele>119</ele>
</trkpt>
<trkpt lat="-35.635030000" lon="138.276480000">
<ele>119</ele>
</trkpt>
<trkpt lat="-35.635047000" lon="138.276478000">
<ele>119</ele>
</trkpt>
<trkpt lat="-35.635067000" lon="138.276459000">
<ele>118</ele>
</trkpt>
<trkpt lat="-35.635098000" lon="138.276459000">
<ele>118</ele>
</trkpt>
<trkpt lat="-35.635160000" lon="138.276463000">
<ele>117</ele>
</trkpt>
<trkpt lat="-35.635190000" lon="138.276472000">
<ele>116</ele>
</trkpt>
<trkpt lat="-35.635261000" lon="138.276495000">
<ele>116</ele>
</trkpt>
<trkpt lat="-35.635311000" lon="138.276501000">
<ele>115</ele>
</trkpt>
<trkpt lat="-35.635345000" lon="138.276509000">
<ele>115</ele>
</trkpt>
<trkpt lat="-35.635365000" lon="138.276532000">
<ele>115</ele>
</trkpt>
<trkpt lat="-35.635402000" lon="138.276537000">
<ele>115</ele>
</trkpt>
<trkpt lat="-35.635418000" lon="138.276564000">
<ele>116</ele>
</trkpt>
<trkpt lat="-35.635461000" lon="138.276569000">
<ele>115</ele>
</trkpt>
<trkpt lat="-35.635488000" lon="138.276576000">
<ele>115</ele>
</trkpt>
<trkpt lat="-35.635516000" lon="138.276594000">
<ele>115</ele>
</trkpt>
<trkpt lat="-35.635598000" lon="138.276641000">
<ele>116</ele>
</trkpt>
<trkpt lat="-35.635657000" lon="138.276676000">
<ele>116</ele>
</trkpt>
<trkpt lat="-35.635688000" lon="138.276699000">
<ele>115</ele>
</trkpt>
<trkpt lat="-35.635719000" lon="138.276724000">
<ele>115</ele>
</trkpt>
<trkpt lat="-35.635756000" lon="138.276738000">
<ele>114</ele>
</trkpt>
<trkpt lat="-35.635785000" lon="138.276747000">
<ele>114</ele>
</trkpt>
<trkpt lat="-35.635836000" lon="138.276756000">
<ele>113</ele>
</trkpt>
<trkpt lat="-35.635867000" lon="138.276760000">
<ele>112</ele>
</trkpt>
<trkpt lat="-35.635898000" lon="138.276781000">
<ele>112</ele>
</trkpt>
<trkpt lat="-35.635971000" lon="138.276820000">
<ele>112</ele>
</trkpt>
<trkpt lat="-35.636017000" lon="138.276838000">
<ele>111</ele>
</trkpt>
<trkpt lat="-35.636062000" lon="138.276847000">
<ele>111</ele>
</trkpt>
<trkpt lat="-35.636108000" lon="138.276872000">
<ele>110</ele>
</trkpt>
<trkpt lat="-35.636136000" lon="138.276909000">
<ele>111</ele>
</trkpt>
<trkpt lat="-35.636166000" lon="138.276913000">
<ele>110</ele>
</trkpt>
<trkpt lat="-35.636197000" lon="138.276921000">
<ele>110</ele>
</trkpt>
<trkpt lat="-35.636231000" lon="138.276956000">
<ele>110</ele>
</trkpt>
<trkpt lat="-35.636266000" lon="138.276998000">
<ele>110</ele>
</trkpt>
<trkpt lat="-35.636309000" lon="138.277092000">
<ele>110</ele>
</trkpt>
<trkpt lat="-35.636324000" lon="138.277125000">
<ele>110</ele>
</trkpt>
<trkpt lat="-35.636348000" lon="138.277234000">
<ele>110</ele>
</trkpt>
<trkpt lat="-35.636346000" lon="138.277262000">
<ele>110</ele>
</trkpt>
<trkpt lat="-35.636337000" lon="138.277296000">
<ele>111</ele>
</trkpt>
<trkpt lat="-35.636323000" lon="138.277341000">
<ele>111</ele>
</trkpt>
<trkpt lat="-35.636288000" lon="138.277375000">
<ele>111</ele>
</trkpt>
<trkpt lat="-35.636242000" lon="138.277418000">
<ele>112</ele>
</trkpt>
<trkpt lat="-35.636207000" lon="138.277468000">
<ele>113</ele>
</trkpt>
<trkpt lat="-35.636169000" lon="138.277509000">
<ele>113</ele>
</trkpt>
<trkpt lat="-35.636154000" lon="138.277529000">
<ele>114</ele>
</trkpt>
<trkpt lat="-35.636159000" lon="138.277556000">
<ele>114</ele>
</trkpt>
<trkpt lat="-35.636180000" lon="138.277572000">
<ele>113</ele>
</trkpt>
<trkpt lat="-35.636211000" lon="138.277588000">
<ele>113</ele>
</trkpt>
<trkpt lat="-35.636253000" lon="138.277597000">
<ele>113</ele>
</trkpt>
<trkpt lat="-35.636308000" lon="138.277596000">
<ele>112</ele>
</trkpt>
<trkpt lat="-35.636350000" lon="138.277592000">
<ele>111</ele>
</trkpt>
<trkpt lat="-35.636396000" lon="138.277576000">
<ele>111</ele>
</trkpt>
<trkpt lat="-35.636441000" lon="138.277561000">
<ele>110</ele>
</trkpt>
<trkpt lat="-35.636503000" lon="138.277589000">
<ele>109</ele>
</trkpt>
<trkpt lat="-35.636555000" lon="138.277597000">
<ele>108</ele>
</trkpt>
<trkpt lat="-35.636611000" lon="138.277599000">
<ele>108</ele>
</trkpt>
<trkpt lat="-35.636651000" lon="138.277611000">
<ele>107</ele>
</trkpt>
<trkpt lat="-35.636680000" lon="138.277613000">
<ele>107</ele>
</trkpt>
<trkpt lat="-35.636729000" lon="138.277596000">
<ele>105</ele>
</trkpt>
<trkpt lat="-35.636801000" lon="138.277568000">
<ele>104</ele>
</trkpt>
<trkpt lat="-35.636871000" lon="138.277556000">
<ele>102</ele>
</trkpt>
<trkpt lat="-35.636937000" lon="138.277554000">
<ele>101</ele>
</trkpt>
<trkpt lat="-35.636989000" lon="138.277555000">
<ele>100</ele>
</trkpt>
<trkpt lat="-35.637039000" lon="138.277565000">
<ele>99</ele>
</trkpt>
<trkpt lat="-35.637095000" lon="138.277583000">
<ele>98</ele>
</trkpt>
<trkpt lat="-35.637154000" lon="138.277638000">
<ele>97</ele>
</trkpt>
<trkpt lat="-35.637206000" lon="138.277681000">
<ele>96</ele>
</trkpt>
<trkpt lat="-35.637245000" lon="138.277721000">
<ele>95</ele>
</trkpt>
<trkpt lat="-35.637251000" lon="138.277759000">
<ele>95</ele>
</trkpt>
<trkpt lat="-35.637247000" lon="138.277789000">
<ele>95</ele>
</trkpt>
<trkpt lat="-35.637260000" lon="138.277809000">
<ele>95</ele>
</trkpt>
<trkpt lat="-35.637287000" lon="138.277833000">
<ele>95</ele>
</trkpt>
<trkpt lat="-35.637295000" lon="138.277873000">
<ele>94</ele>
</trkpt>
<trkpt lat="-35.637285000" lon="138.277911000">
<ele>95</ele>
</trkpt>
<trkpt lat="-35.637273000" lon="138.277957000">
<ele>95</ele>
</trkpt>
<trkpt lat="-35.637279000" lon="138.277999000">
<ele>95</ele>
</trkpt>
<trkpt lat="-35.637287000" lon="138.278031000">
<ele>95</ele>
</trkpt>
<trkpt lat="-35.637284000" lon="138.278075000">
<ele>95</ele>
</trkpt>
<trkpt lat="-35.637276000" lon="138.278178000">
<ele>95</ele>
</trkpt>
<trkpt lat="-35.637263000" lon="138.278217000">
<ele>95</ele>
</trkpt>
<trkpt lat="-35.637262000" lon="138.278308000">
<ele>95</ele>
</trkpt>
<trkpt lat="-35.637243000" lon="138.278365000">
<ele>95</ele>
</trkpt>
<trkpt lat="-35.637235000" lon="138.278422000">
<ele>95</ele>
</trkpt>
<trkpt lat="-35.637236000" lon="138.278464000">
<ele>95</ele>
</trkpt>
<trkpt lat="-35.637230000" lon="138.278530000">
<ele>95</ele>
</trkpt>
<trkpt lat="-35.637227000" lon="138.278607000">
<ele>95</ele>
</trkpt>
<trkpt lat="-35.637233000" lon="138.278663000">
<ele>95</ele>
</trkpt>
<trkpt lat="-35.637228000" lon="138.278707000">
<ele>95</ele>
</trkpt>
<trkpt lat="-35.637229000" lon="138.278732000">
<ele>95</ele>
</trkpt>
<trkpt lat="-35.637242000" lon="138.278753000">
<ele>95</ele>
</trkpt>
<trkpt lat="-35.637241000" lon="138.278797000">
<ele>95</ele>
</trkpt>
<trkpt lat="-35.637231000" lon="138.278848000">
<ele>96</ele>
</trkpt>
<trkpt lat="-35.637204000" lon="138.278903000">
<ele>96</ele>
</trkpt>
<trkpt lat="-35.637196000" lon="138.278959000">
<ele>96</ele>
</trkpt>
<trkpt lat="-35.637195000" lon="138.279017000">
<ele>96</ele>
</trkpt>
<trkpt lat="-35.637209000" lon="138.279042000">
<ele>96</ele>
</trkpt>
<trkpt lat="-35.637211000" lon="138.279073000">
<ele>96</ele>
</trkpt>
<trkpt lat="-35.637231000" lon="138.279115000">
<ele>96</ele>
</trkpt>
<trkpt lat="-35.637237000" lon="138.279164000">
<ele>96</ele>
</trkpt>
<trkpt lat="-35.637236000" lon="138.279208000">
<ele>95</ele>
</trkpt>
<trkpt lat="-35.637226000" lon="138.279242000">
<ele>96</ele>
</trkpt>
<trkpt lat="-35.637201000" lon="138.279273000">
<ele>96</ele>
</trkpt>
<trkpt lat="-35.637192000" lon="138.279312000">
<ele>96</ele>
</trkpt>
<trkpt lat="-35.637178000" lon="138.279345000">
<ele>96</ele>
</trkpt>
<trkpt lat="-35.637151000" lon="138.279407000">
<ele>96</ele>
</trkpt>
<trkpt lat="-35.637148000" lon="138.279457000">
<ele>96</ele>
</trkpt>
<trkpt lat="-35.637141000" lon="138.279512000">
<ele>96</ele>
</trkpt>
<trkpt lat="-35.637129000" lon="138.279546000">
<ele>96</ele>
</trkpt>
<trkpt lat="-35.637102000" lon="138.279588000">
<ele>96</ele>
</trkpt>
<trkpt lat="-35.637200000" lon="138.279761000">
<ele>93</ele>
</trkpt>
<trkpt lat="-35.637384000" lon="138.280028000">
<ele>86</ele>
</trkpt>
<trkpt lat="-35.637463000" lon="138.280147000">
<ele>82</ele>
</trkpt>
<trkpt lat="-35.637533000" lon="138.280264000">
<ele>79</ele>
</trkpt>
<trkpt lat="-35.637570000" lon="138.280373000">
<ele>77</ele>
</trkpt>
<trkpt lat="-35.637581000" lon="138.280395000">
<ele>76</ele>
</trkpt>
<trkpt lat="-35.637616000" lon="138.280450000">
<ele>74</ele>
</trkpt>
<trkpt lat="-35.637680000" lon="138.280531000">
<ele>70</ele>
</trkpt>
<trkpt lat="-35.637738000" lon="138.280582000">
<ele>67</ele>
</trkpt>
<trkpt lat="-35.637774000" lon="138.280611000">
<ele>66</ele>
</trkpt>
<trkpt lat="-35.637824000" lon="138.280674000">
<ele>62</ele>
</trkpt>
<trkpt lat="-35.637851000" lon="138.280721000">
<ele>59</ele>
</trkpt>
<trkpt lat="-35.637893000" lon="138.280783000">
<ele>56</ele>
</trkpt>
<trkpt lat="-35.637961000" lon="138.280865000">
<ele>51</ele>
</trkpt>
<trkpt lat="-35.637988000" lon="138.280908000">
<ele>49</ele>
</trkpt>
<trkpt lat="-35.638006000" lon="138.280955000">
<ele>47</ele>
</trkpt>
<trkpt lat="-35.638027000" lon="138.281036000">
<ele>45</ele>
</trkpt>
<trkpt lat="-35.638049000" lon="138.281154000">
<ele>43</ele>
</trkpt>
<trkpt lat="-35.638108000" lon="138.281282000">
<ele>40</ele>
</trkpt>
<trkpt lat="-35.638139000" lon="138.281346000">
<ele>38</ele>
</trkpt>
<trkpt lat="-35.638152000" lon="138.281375000">
<ele>38</ele>
</trkpt>
<trkpt lat="-35.638162000" lon="138.281396000">
<ele>37</ele>
</trkpt>
<trkpt lat="-35.638171000" lon="138.281415000">
<ele>37</ele>
</trkpt>
<trkpt lat="-35.638181000" lon="138.281435000">
<ele>36</ele>
</trkpt>
<trkpt lat="-35.638193000" lon="138.281456000">
<ele>36</ele>
</trkpt>
<trkpt lat="-35.638206000" lon="138.281477000">
<ele>35</ele>
</trkpt>
<trkpt lat="-35.638218000" lon="138.281494000">
<ele>35</ele>
</trkpt>
<trkpt lat="-35.638232000" lon="138.281512000">
<ele>34</ele>
</trkpt>
<trkpt lat="-35.638245000" lon="138.281533000">
<ele>34</ele>
</trkpt>
<trkpt lat="-35.638260000" lon="138.281555000">
<ele>33</ele>
</trkpt>
<trkpt lat="-35.638271000" lon="138.281570000">
<ele>33</ele>
</trkpt>
<trkpt lat="-35.638283000" lon="138.281589000">
<ele>32</ele>
</trkpt>
<trkpt lat="-35.638296000" lon="138.281611000">
<ele>32</ele>
</trkpt>
<trkpt lat="-35.638310000" lon="138.281636000">
<ele>32</ele>
</trkpt>
<trkpt lat="-35.638322000" lon="138.281652000">
<ele>31</ele>
</trkpt>
<trkpt lat="-35.638334000" lon="138.281673000">
<ele>31</ele>
</trkpt>
<trkpt lat="-35.638337000" lon="138.281693000">
<ele>30</ele>
</trkpt>
<trkpt lat="-35.638342000" lon="138.281716000">
<ele>29</ele>
</trkpt>
<trkpt lat="-35.638347000" lon="138.281738000">
<ele>29</ele>
</trkpt>
<trkpt lat="-35.638354000" lon="138.281761000">
<ele>28</ele>
</trkpt>
<trkpt lat="-35.638357000" lon="138.281780000">
<ele>27</ele>
</trkpt>
<trkpt lat="-35.638361000" lon="138.281792000">
<ele>27</ele>
</trkpt>
<trkpt lat="-35.638369000" lon="138.281816000">
<ele>26</ele>
</trkpt>
<trkpt lat="-35.638379000" lon="138.281831000">
<ele>25</ele>
</trkpt>
<trkpt lat="-35.638387000" lon="138.281854000">
<ele>24</ele>
</trkpt>
<trkpt lat="-35.638398000" lon="138.281877000">
<ele>23</ele>
</trkpt>
<trkpt lat="-35.638406000" lon="138.281893000">
<ele>23</ele>
</trkpt>
<trkpt lat="-35.638412000" lon="138.281911000">
<ele>22</ele>
</trkpt>
<trkpt lat="-35.638417000" lon="138.281932000">
<ele>22</ele>
</trkpt>
<trkpt lat="-35.638425000" lon="138.281952000">
<ele>21</ele>
</trkpt>
<trkpt lat="-35.638434000" lon="138.281972000">
<ele>21</ele>
</trkpt>
<trkpt lat="-35.638441000" lon="138.281996000">
<ele>20</ele>
</trkpt>
<trkpt lat="-35.638454000" lon="138.282022000">
<ele>19</ele>
</trkpt>
<trkpt lat="-35.638467000" lon="138.282048000">
<ele>19</ele>
</trkpt>
<trkpt lat="-35.638479000" lon="138.282072000">
<ele>18</ele>
</trkpt>
<trkpt lat="-35.638486000" lon="138.282098000">
<ele>18</ele>
</trkpt>
<trkpt lat="-35.638489000" lon="138.282118000">
<ele>17</ele>
</trkpt>
<trkpt lat="-35.638496000" lon="138.282140000">
<ele>17</ele>
</trkpt>
<trkpt lat="-35.638503000" lon="138.282157000">
<ele>17</ele>
</trkpt>
<trkpt lat="-35.638508000" lon="138.282174000">
<ele>16</ele>
</trkpt>
<trkpt lat="-35.638512000" lon="138.282192000">
<ele>16</ele>
</trkpt>
<trkpt lat="-35.638518000" lon="138.282208000">
<ele>16</ele>
</trkpt>
<trkpt lat="-35.638528000" lon="138.282221000">
<ele>16</ele>
</trkpt>
<trkpt lat="-35.638535000" lon="138.282238000">
<ele>15</ele>
</trkpt>
<trkpt lat="-35.638548000" lon="138.282253000">
<ele>15</ele>
</trkpt>
<trkpt lat="-35.638552000" lon="138.282272000">
<ele>15</ele>
</trkpt>
<trkpt lat="-35.638561000" lon="138.282292000">
<ele>14</ele>
</trkpt>
<trkpt lat="-35.638564000" lon="138.282304000">
<ele>14</ele>
</trkpt>
<trkpt lat="-35.638572000" lon="138.282313000">
<ele>14</ele>
</trkpt>
<trkpt lat="-35.638580000" lon="138.282327000">
<ele>14</ele>
</trkpt>
<trkpt lat="-35.638582000" lon="138.282345000">
<ele>13</ele>
</trkpt>
<trkpt lat="-35.638577000" lon="138.282363000">
<ele>13</ele>
</trkpt>
<trkpt lat="-35.638572000" lon="138.282376000">
<ele>13</ele>
</trkpt>
<trkpt lat="-35.638576000" lon="138.282389000">
<ele>13</ele>
</trkpt>
<trkpt lat="-35.638583000" lon="138.282402000">
<ele>13</ele>
</trkpt>
<trkpt lat="-35.638588000" lon="138.282415000">
<ele>13</ele>
</trkpt>
<trkpt lat="-35.638592000" lon="138.282425000">
<ele>13</ele>
</trkpt>
<trkpt lat="-35.638598000" lon="138.282434000">
<ele>13</ele>
</trkpt>
<trkpt lat="-35.638603000" lon="138.282449000">
<ele>12</ele>
</trkpt>
<trkpt lat="-35.638602000" lon="138.282457000">
<ele>12</ele>
</trkpt>
<trkpt lat="-35.638601000" lon="138.282476000">
<ele>12</ele>
</trkpt>
<trkpt lat="-35.638599000" lon="138.282494000">
<ele>12</ele>
</trkpt>
<trkpt lat="-35.638593000" lon="138.282511000">
<ele>12</ele>
</trkpt>
<trkpt lat="-35.638588000" lon="138.282531000">
<ele>12</ele>
</trkpt>
<trkpt lat="-35.638591000" lon="138.282552000">
<ele>12</ele>
</trkpt>
<trkpt lat="-35.638589000" lon="138.282577000">
<ele>11</ele>
</trkpt>
<trkpt lat="-35.638587000" lon="138.282604000">
<ele>11</ele>
</trkpt>
<trkpt lat="-35.638590000" lon="138.282629000">
<ele>11</ele>
</trkpt>
<trkpt lat="-35.638592000" lon="138.282647000">
<ele>11</ele>
</trkpt>
<trkpt lat="-35.638602000" lon="138.282660000">
<ele>11</ele>
</trkpt>
<trkpt lat="-35.638609000" lon="138.282669000">
<ele>11</ele>
</trkpt>
<trkpt lat="-35.638611000" lon="138.282679000">
<ele>11</ele>
</trkpt>
<trkpt lat="-35.638611000" lon="138.282684000">
<ele>11</ele>
</trkpt>
<trkpt lat="-35.638603000" lon="138.282686000">
<ele>11</ele>
</trkpt>
<trkpt lat="-35.638590000" lon="138.282683000">
<ele>11</ele>
</trkpt>
<trkpt lat="-35.638593000" lon="138.282695000">
<ele>11</ele>
</trkpt>
<trkpt lat="-35.638604000" lon="138.282711000">
<ele>10</ele>
</trkpt>
<trkpt lat="-35.638615000" lon="138.282719000">
<ele>10</ele>
</trkpt>
<trkpt lat="-35.638619000" lon="138.282732000">
<ele>10</ele>
</trkpt>
<trkpt lat="-35.638626000" lon="138.282736000">
<ele>10</ele>
</trkpt>
<trkpt lat="-35.638637000" lon="138.282742000">
<ele>10</ele>
</trkpt>
<trkpt lat="-35.638637000" lon="138.282747000">
<ele>10</ele>
</trkpt>
<trkpt lat="-35.638638000" lon="138.282753000">
<ele>10</ele>
</trkpt>
<trkpt lat="-35.638637000" lon="138.282769000">
<ele>10</ele>
</trkpt>
<trkpt lat="-35.638630000" lon="138.282776000">
<ele>10</ele>
</trkpt>
<trkpt lat="-35.638629000" lon="138.282791000">
<ele>10</ele>
</trkpt>
<trkpt lat="-35.638615000" lon="138.282802000">
<ele>10</ele>
</trkpt>
<trkpt lat="-35.638606000" lon="138.282813000">
<ele>10</ele>
</trkpt>
<trkpt lat="-35.638596000" lon="138.282807000">
<ele>10</ele>
</trkpt>
<trkpt lat="-35.638592000" lon="138.282800000">
<ele>10</ele>
</trkpt>
<trkpt lat="-35.638580000" lon="138.282799000">
<ele>10</ele>
</trkpt>
<trkpt lat="-35.638563000" lon="138.282796000">
<ele>10</ele>
</trkpt>
<trkpt lat="-35.638549000" lon="138.282785000">
<ele>10</ele>
</trkpt>
<trkpt lat="-35.638529000" lon="138.282772000">
<ele>10</ele>
</trkpt>
<trkpt lat="-35.638516000" lon="138.282759000">
<ele>10</ele>
</trkpt>
<trkpt lat="-35.638506000" lon="138.282742000">
<ele>10</ele>
</trkpt>
<trkpt lat="-35.638507000" lon="138.282721000">
<ele>10</ele>
</trkpt>
<trkpt lat="-35.638503000" lon="138.282700000">
<ele>10</ele>
</trkpt>
<trkpt lat="-35.638496000" lon="138.282684000">
<ele>11</ele>
</trkpt>
<trkpt lat="-35.638487000" lon="138.282678000">
<ele>11</ele>
</trkpt>
<trkpt lat="-35.638476000" lon="138.282667000">
<ele>11</ele>
</trkpt>
<trkpt lat="-35.638469000" lon="138.282650000">
<ele>11</ele>
</trkpt>
<trkpt lat="-35.638463000" lon="138.282642000">
<ele>11</ele>
</trkpt>
<trkpt lat="-35.638460000" lon="138.282634000">
<ele>11</ele>
</trkpt>
<trkpt lat="-35.638450000" lon="138.282633000">
<ele>11</ele>
</trkpt>
<trkpt lat="-35.638437000" lon="138.282629000">
<ele>11</ele>
</trkpt>
<trkpt lat="-35.638428000" lon="138.282637000">
<ele>11</ele>
</trkpt>
<trkpt lat="-35.638427000" lon="138.282650000">
<ele>11</ele>
</trkpt>
<trkpt lat="-35.638429000" lon="138.282666000">
<ele>11</ele>
</trkpt>
<trkpt lat="-35.638433000" lon="138.282680000">
<ele>11</ele>
</trkpt>
<trkpt lat="-35.638436000" lon="138.282702000">
<ele>10</ele>
</trkpt>
<trkpt lat="-35.638427000" lon="138.282723000">
<ele>10</ele>
</trkpt>
<trkpt lat="-35.638419000" lon="138.282747000">
<ele>10</ele>
</trkpt>
<trkpt lat="-35.638414000" lon="138.282772000">
<ele>9</ele>
</trkpt>
<trkpt lat="-35.638409000" lon="138.282796000">
<ele>9</ele>
</trkpt>
<trkpt lat="-35.638413000" lon="138.282822000">
<ele>9</ele>
</trkpt>
<trkpt lat="-35.638420000" lon="138.282842000">
<ele>9</ele>
</trkpt>
<trkpt lat="-35.638427000" lon="138.282859000">
<ele>9</ele>
</trkpt>
<trkpt lat="-35.638442000" lon="138.282881000">
<ele>9</ele>
</trkpt>
<trkpt lat="-35.638459000" lon="138.282895000">
<ele>8</ele>
</trkpt>
<trkpt lat="-35.638466000" lon="138.282912000">
<ele>8</ele>
</trkpt>
<trkpt lat="-35.638474000" lon="138.282927000">
<ele>8</ele>
</trkpt>
<trkpt lat="-35.638477000" lon="138.282939000">
<ele>8</ele>
</trkpt>
<trkpt lat="-35.638475000" lon="138.282950000">
<ele>8</ele>
</trkpt>
<trkpt lat="-35.638477000" lon="138.282960000">
<ele>8</ele>
</trkpt>
<trkpt lat="-35.638477000" lon="138.282978000">
<ele>8</ele>
</trkpt>
<trkpt lat="-35.638479000" lon="138.283002000">
<ele>7</ele>
</trkpt>
<trkpt lat="-35.638492000" lon="138.283024000">
<ele>7</ele>
</trkpt>
<trkpt lat="-35.638506000" lon="138.283043000">
<ele>7</ele>
</trkpt>
<trkpt lat="-35.638521000" lon="138.283061000">
<ele>7</ele>
</trkpt>
<trkpt lat="-35.638540000" lon="138.283085000">
<ele>7</ele>
</trkpt>
<trkpt lat="-35.638552000" lon="138.283109000">
<ele>7</ele>
</trkpt>
<trkpt lat="-35.638560000" lon="138.283133000">
<ele>7</ele>
</trkpt>
<trkpt lat="-35.638566000" lon="138.283158000">
<ele>7</ele>
</trkpt>
<trkpt lat="-35.638565000" lon="138.283178000">
<ele>7</ele>
</trkpt>
<trkpt lat="-35.638565000" lon="138.283199000">
<ele>7</ele>
</trkpt>
<trkpt lat="-35.638567000" lon="138.283224000">
<ele>7</ele>
</trkpt>
<trkpt lat="-35.638569000" lon="138.283251000">
<ele>7</ele>
</trkpt>
<trkpt lat="-35.638563000" lon="138.283278000">
<ele>7</ele>
</trkpt>
<trkpt lat="-35.638566000" lon="138.283305000">
<ele>7</ele>
</trkpt>
<trkpt lat="-35.638565000" lon="138.283329000">
<ele>7</ele>
</trkpt>
<trkpt lat="-35.638571000" lon="138.283356000">
<ele>7</ele>
</trkpt>
<trkpt lat="-35.638568000" lon="138.283381000">
<ele>7</ele>
</trkpt>
<trkpt lat="-35.638570000" lon="138.283404000">
<ele>7</ele>
</trkpt>
<trkpt lat="-35.638566000" lon="138.283426000">
<ele>7</ele>
</trkpt>
<trkpt lat="-35.638562000" lon="138.283446000">
<ele>7</ele>
</trkpt>
<trkpt lat="-35.638563000" lon="138.283464000">
<ele>7</ele>
</trkpt>
<trkpt lat="-35.638560000" lon="138.283482000">
<ele>8</ele>
</trkpt>
<trkpt lat="-35.638557000" lon="138.283498000">
<ele>8</ele>
</trkpt>
<trkpt lat="-35.638556000" lon="138.283520000">
<ele>8</ele>
</trkpt>
<trkpt lat="-35.638554000" lon="138.283544000">
<ele>8</ele>
</trkpt>
<trkpt lat="-35.638556000" lon="138.283566000">
<ele>8</ele>
</trkpt>
<trkpt lat="-35.638557000" lon="138.283586000">
<ele>8</ele>
</trkpt>
<trkpt lat="-35.638558000" lon="138.283609000">
<ele>8</ele>
</trkpt>
<trkpt lat="-35.638560000" lon="138.283635000">
<ele>8</ele>
</trkpt>
<trkpt lat="-35.638563000" lon="138.283659000">
<ele>8</ele>
</trkpt>
<trkpt lat="-35.638565000" lon="138.283685000">
<ele>8</ele>
</trkpt>
<trkpt lat="-35.638567000" lon="138.283715000">
<ele>8</ele>
</trkpt>
<trkpt lat="-35.638571000" lon="138.283741000">
<ele>8</ele>
</trkpt>
<trkpt lat="-35.638568000" lon="138.283770000">
<ele>8</ele>
</trkpt>
<trkpt lat="-35.638570000" lon="138.283793000">
<ele>8</ele>
</trkpt>
<trkpt lat="-35.638572000" lon="138.283819000">
<ele>8</ele>
</trkpt>
<trkpt lat="-35.638573000" lon="138.283845000">
<ele>8</ele>
</trkpt>
<trkpt lat="-35.638578000" lon="138.283869000">
<ele>8</ele>
</trkpt>
<trkpt lat="-35.638582000" lon="138.283893000">
<ele>8</ele>
</trkpt>
<trkpt lat="-35.638584000" lon="138.283917000">
<ele>8</ele>
</trkpt>
<trkpt lat="-35.638590000" lon="138.283941000">
<ele>8</ele>
</trkpt>
<trkpt lat="-35.638593000" lon="138.283964000">
<ele>8</ele>
</trkpt>
<trkpt lat="-35.638599000" lon="138.283986000">
<ele>8</ele>
</trkpt>
<trkpt lat="-35.638604000" lon="138.284009000">
<ele>8</ele>
</trkpt>
<trkpt lat="-35.638607000" lon="138.284030000">
<ele>8</ele>
</trkpt>
<trkpt lat="-35.638615000" lon="138.284053000">
<ele>8</ele>
</trkpt>
<trkpt lat="-35.638616000" lon="138.284076000">
<ele>8</ele>
</trkpt>
<trkpt lat="-35.638614000" lon="138.284098000">
<ele>8</ele>
</trkpt>
<trkpt lat="-35.638610000" lon="138.284118000">
<ele>8</ele>
</trkpt>
<trkpt lat="-35.638619000" lon="138.284142000">
<ele>8</ele>
</trkpt>
<trkpt lat="-35.638621000" lon="138.284153000">
<ele>8</ele>
</trkpt>
<trkpt lat="-35.638600000" lon="138.284159000">
<ele>8</ele>
</trkpt>
<trkpt lat="-35.638586000" lon="138.284168000">
<ele>9</ele>
</trkpt>
<trkpt lat="-35.638572000" lon="138.284179000">
<ele>9</ele>
</trkpt>
<trkpt lat="-35.638555000" lon="138.284191000">
<ele>10</ele>
</trkpt>
<trkpt lat="-35.638540000" lon="138.284203000">
<ele>10</ele>
</trkpt>
<trkpt lat="-35.638528000" lon="138.284216000">
<ele>11</ele>
</trkpt>
<trkpt lat="-35.638520000" lon="138.284232000">
<ele>11</ele>
</trkpt>
<trkpt lat="-35.638511000" lon="138.284245000">
<ele>12</ele>
</trkpt>
<trkpt lat="-35.638501000" lon="138.284258000">
<ele>12</ele>
</trkpt>
<trkpt lat="-35.638489000" lon="138.284274000">
<ele>13</ele>
</trkpt>
<trkpt lat="-35.638491000" lon="138.284291000">
<ele>13</ele>
</trkpt>
<trkpt lat="-35.638503000" lon="138.284289000">
<ele>13</ele>
</trkpt>
<trkpt lat="-35.638519000" lon="138.284292000">
<ele>13</ele>
</trkpt>
<trkpt lat="-35.638534000" lon="138.284306000">
<ele>12</ele>
</trkpt>
<trkpt lat="-35.638539000" lon="138.284312000">
<ele>12</ele>
</trkpt>
<trkpt lat="-35.638546000" lon="138.284325000">
<ele>13</ele>
</trkpt>
<trkpt lat="-35.638547000" lon="138.284335000">
<ele>13</ele>
</trkpt>
<trkpt lat="-35.638536000" lon="138.284347000">
<ele>13</ele>
</trkpt>
<trkpt lat="-35.638525000" lon="138.284357000">
<ele>14</ele>
</trkpt>
<trkpt lat="-35.638516000" lon="138.284363000">
<ele>14</ele>
</trkpt>
<trkpt lat="-35.638498000" lon="138.284373000">
<ele>15</ele>
</trkpt>
<trkpt lat="-35.638482000" lon="138.284390000">
<ele>16</ele>
</trkpt>
<trkpt lat="-35.638473000" lon="138.284392000">
<ele>16</ele>
</trkpt>
<trkpt lat="-35.638470000" lon="138.284397000">
<ele>16</ele>
</trkpt>
<trkpt lat="-35.638466000" lon="138.284404000">
<ele>16</ele>
</trkpt>
<trkpt lat="-35.638465000" lon="138.284416000">
<ele>17</ele>
</trkpt>
<trkpt lat="-35.638462000" lon="138.284424000">
<ele>17</ele>
</trkpt>
<trkpt lat="-35.638458000" lon="138.284430000">
<ele>17</ele>
</trkpt>
<trkpt lat="-35.638455000" lon="138.284435000">
<ele>17</ele>
</trkpt>
<trkpt lat="-35.638448000" lon="138.284441000">
<ele>18</ele>
</trkpt>
<trkpt lat="-35.638445000" lon="138.284449000">
<ele>18</ele>
</trkpt>
<trkpt lat="-35.638441000" lon="138.284455000">
<ele>18</ele>
</trkpt>
<trkpt lat="-35.638436000" lon="138.284462000">
<ele>18</ele>
</trkpt>
<trkpt lat="-35.638429000" lon="138.284474000">
<ele>19</ele>
</trkpt>
<trkpt lat="-35.638427000" lon="138.284480000">
<ele>19</ele>
</trkpt>
<trkpt lat="-35.638424000" lon="138.284484000">
<ele>19</ele>
</trkpt>
<trkpt lat="-35.638418000" lon="138.284492000">
<ele>20</ele>
</trkpt>
<trkpt lat="-35.638416000" lon="138.284499000">
<ele>20</ele>
</trkpt>
<trkpt lat="-35.638413000" lon="138.284505000">
<ele>20</ele>
</trkpt>
<trkpt lat="-35.638410000" lon="138.284513000">
<ele>20</ele>
</trkpt>
<trkpt lat="-35.638411000" lon="138.284518000">
<ele>20</ele>
</trkpt>
<trkpt lat="-35.638412000" lon="138.284523000">
<ele>20</ele>
</trkpt>
<trkpt lat="-35.638421000" lon="138.284529000">
<ele>20</ele>
</trkpt>
<trkpt lat="-35.638426000" lon="138.284529000">
<ele>20</ele>
</trkpt>
<trkpt lat="-35.638427000" lon="138.284534000">
<ele>20</ele>
</trkpt>
<trkpt lat="-35.638431000" lon="138.284540000">
<ele>20</ele>
</trkpt>
<trkpt lat="-35.638432000" lon="138.284551000">
<ele>20</ele>
</trkpt>
<trkpt lat="-35.638435000" lon="138.284556000">
<ele>20</ele>
</trkpt>
<trkpt lat="-35.638438000" lon="138.284558000">
<ele>20</ele>
</trkpt>
<trkpt lat="-35.638441000" lon="138.284563000">
<ele>20</ele>
</trkpt>
<trkpt lat="-35.638446000" lon="138.284566000">
<ele>20</ele>
</trkpt>
<trkpt lat="-35.638449000" lon="138.284570000">
<ele>20</ele>
</trkpt>
<trkpt lat="-35.638451000" lon="138.284577000">
<ele>20</ele>
</trkpt>
<trkpt lat="-35.638459000" lon="138.284587000">
<ele>20</ele>
</trkpt>
<trkpt lat="-35.638463000" lon="138.284595000">
<ele>21</ele>
</trkpt>
<trkpt lat="-35.638458000" lon="138.284599000">
<ele>21</ele>
</trkpt>
<trkpt lat="-35.638454000" lon="138.284607000">
<ele>21</ele>
</trkpt>
<trkpt lat="-35.638452000" lon="138.284616000">
<ele>21</ele>
</trkpt>
<trkpt lat="-35.638448000" lon="138.284625000">
<ele>22</ele>
</trkpt>
<trkpt lat="-35.638451000" lon="138.284633000">
<ele>22</ele>
</trkpt>
<trkpt lat="-35.638457000" lon="138.284640000">
<ele>22</ele>
</trkpt>
<trkpt lat="-35.638459000" lon="138.284643000">
<ele>22</ele>
</trkpt>
<trkpt lat="-35.638463000" lon="138.284643000">
<ele>22</ele>
</trkpt>
<trkpt lat="-35.638469000" lon="138.284652000">
<ele>22</ele>
</trkpt>
<trkpt lat="-35.638478000" lon="138.284659000">
<ele>21</ele>
</trkpt>
<trkpt lat="-35.638484000" lon="138.284663000">
<ele>21</ele>
</trkpt>
<trkpt lat="-35.638482000" lon="138.284672000">
<ele>22</ele>
</trkpt>
<trkpt lat="-35.638474000" lon="138.284679000">
<ele>22</ele>
</trkpt>
<trkpt lat="-35.638471000" lon="138.284686000">
<ele>22</ele>
</trkpt>
<trkpt lat="-35.638469000" lon="138.284703000">
<ele>23</ele>
</trkpt>
<trkpt lat="-35.638460000" lon="138.284713000">
<ele>23</ele>
</trkpt>
<trkpt lat="-35.638452000" lon="138.284722000">
<ele>24</ele>
</trkpt>
<trkpt lat="-35.638444000" lon="138.284726000">
<ele>24</ele>
</trkpt>
<trkpt lat="-35.638440000" lon="138.284735000">
<ele>24</ele>
</trkpt>
<trkpt lat="-35.638437000" lon="138.284741000">
<ele>24</ele>
</trkpt>
<trkpt lat="-35.638432000" lon="138.284750000">
<ele>25</ele>
</trkpt>
<trkpt lat="-35.638433000" lon="138.284758000">
<ele>25</ele>
</trkpt>
<trkpt lat="-35.638425000" lon="138.284782000">
<ele>26</ele>
</trkpt>
<trkpt lat="-35.638412000" lon="138.284806000">
<ele>27</ele>
</trkpt>
<trkpt lat="-35.638398000" lon="138.284825000">
<ele>28</ele>
</trkpt>
<trkpt lat="-35.638390000" lon="138.284842000">
<ele>29</ele>
</trkpt>
<trkpt lat="-35.638389000" lon="138.284865000">
<ele>29</ele>
</trkpt>
<trkpt lat="-35.638385000" lon="138.284888000">
<ele>30</ele>
</trkpt>
<trkpt lat="-35.638384000" lon="138.284916000">
<ele>31</ele>
</trkpt>
<trkpt lat="-35.638387000" lon="138.284941000">
<ele>31</ele>
</trkpt>
<trkpt lat="-35.638393000" lon="138.284963000">
<ele>32</ele>
</trkpt>
<trkpt lat="-35.638396000" lon="138.284983000">
<ele>32</ele>
</trkpt>
<trkpt lat="-35.638395000" lon="138.285002000">
<ele>33</ele>
</trkpt>
<trkpt lat="-35.638400000" lon="138.285017000">
<ele>33</ele>
</trkpt>
<trkpt lat="-35.638400000" lon="138.285034000">
<ele>33</ele>
</trkpt>
<trkpt lat="-35.638403000" lon="138.285054000">
<ele>34</ele>
</trkpt>
<trkpt lat="-35.638405000" lon="138.285072000">
<ele>34</ele>
</trkpt>
<trkpt lat="-35.638405000" lon="138.285089000">
<ele>34</ele>
</trkpt>
<trkpt lat="-35.638405000" lon="138.285105000">
<ele>35</ele>
</trkpt>
<trkpt lat="-35.638408000" lon="138.285125000">
<ele>35</ele>
</trkpt>
<trkpt lat="-35.638411000" lon="138.285146000">
<ele>36</ele>
</trkpt>
<trkpt lat="-35.638414000" lon="138.285165000">
<ele>36</ele>
</trkpt>
<trkpt lat="-35.638422000" lon="138.285191000">
<ele>36</ele>
</trkpt>
<trkpt lat="-35.638425000" lon="138.285219000">
<ele>37</ele>
</trkpt>
<trkpt lat="-35.638433000" lon="138.285238000">
<ele>37</ele>
</trkpt>
<trkpt lat="-35.638445000" lon="138.285257000">
<ele>37</ele>
</trkpt>
<trkpt lat="-35.638453000" lon="138.285272000">
<ele>37</ele>
</trkpt>
<trkpt lat="-35.638455000" lon="138.285293000">
<ele>37</ele>
</trkpt>
<trkpt lat="-35.638465000" lon="138.285311000">
<ele>37</ele>
</trkpt>
<trkpt lat="-35.638469000" lon="138.285331000">
<ele>37</ele>
</trkpt>
<trkpt lat="-35.638471000" lon="138.285349000">
<ele>38</ele>
</trkpt>
<trkpt lat="-35.638475000" lon="138.285362000">
<ele>38</ele>
</trkpt>
<trkpt lat="-35.638482000" lon="138.285380000">
<ele>38</ele>
</trkpt>
<trkpt lat="-35.638482000" lon="138.285397000">
<ele>38</ele>
</trkpt>
<trkpt lat="-35.638477000" lon="138.285404000">
<ele>38</ele>
</trkpt>
<trkpt lat="-35.638477000" lon="138.285413000">
<ele>39</ele>
</trkpt>
<trkpt lat="-35.638479000" lon="138.285422000">
<ele>39</ele>
</trkpt>
<trkpt lat="-35.638481000" lon="138.285441000">
<ele>39</ele>
</trkpt>
<trkpt lat="-35.638482000" lon="138.285468000">
<ele>39</ele>
</trkpt>
<trkpt lat="-35.638481000" lon="138.285495000">
<ele>40</ele>
</trkpt>
<trkpt lat="-35.638480000" lon="138.285524000">
<ele>40</ele>
</trkpt>
<trkpt lat="-35.638483000" lon="138.285552000">
<ele>41</ele>
</trkpt>
<trkpt lat="-35.638480000" lon="138.285580000">
<ele>41</ele>
</trkpt>
<trkpt lat="-35.638479000" lon="138.285607000">
<ele>41</ele>
</trkpt>
<trkpt lat="-35.638476000" lon="138.285635000">
<ele>41</ele>
</trkpt>
<trkpt lat="-35.638476000" lon="138.285661000">
<ele>42</ele>
</trkpt>
<trkpt lat="-35.638478000" lon="138.285691000">
<ele>42</ele>
</trkpt>
<trkpt lat="-35.638481000" lon="138.285720000">
<ele>42</ele>
</trkpt>
<trkpt lat="-35.638480000" lon="138.285745000">
<ele>42</ele>
</trkpt>
<trkpt lat="-35.638483000" lon="138.285770000">
<ele>42</ele>
</trkpt>
<trkpt lat="-35.638492000" lon="138.285797000">
<ele>42</ele>
</trkpt>
<trkpt lat="-35.638502000" lon="138.285823000">
<ele>42</ele>
</trkpt>
<trkpt lat="-35.638511000" lon="138.285847000">
<ele>41</ele>
</trkpt>
<trkpt lat="-35.638519000" lon="138.285873000">
<ele>41</ele>
</trkpt>
<trkpt lat="-35.638529000" lon="138.285898000">
<ele>40</ele>
</trkpt>
<trkpt lat="-35.638535000" lon="138.285924000">
<ele>40</ele>
</trkpt>
<trkpt lat="-35.638544000" lon="138.285950000">
<ele>40</ele>
</trkpt>
<trkpt lat="-35.638551000" lon="138.285976000">
<ele>39</ele>
</trkpt>
<trkpt lat="-35.638559000" lon="138.286001000">
<ele>39</ele>
</trkpt>
<trkpt lat="-35.638573000" lon="138.286016000">
<ele>39</ele>
</trkpt>
<trkpt lat="-35.638590000" lon="138.286035000">
<ele>38</ele>
</trkpt>
<trkpt lat="-35.638609000" lon="138.286051000">
<ele>37</ele>
</trkpt>
<trkpt lat="-35.638619000" lon="138.286070000">
<ele>37</ele>
</trkpt>
<trkpt lat="-35.638635000" lon="138.286088000">
<ele>36</ele>
</trkpt>
<trkpt lat="-35.638648000" lon="138.286108000">
<ele>35</ele>
</trkpt>
<trkpt lat="-35.638662000" lon="138.286123000">
<ele>34</ele>
</trkpt>
<trkpt lat="-35.638674000" lon="138.286133000">
<ele>34</ele>
</trkpt>
<trkpt lat="-35.638681000" lon="138.286135000">
<ele>34</ele>
</trkpt>
<trkpt lat="-35.638685000" lon="138.286141000">
<ele>33</ele>
</trkpt>
<trkpt lat="-35.638691000" lon="138.286148000">
<ele>33</ele>
</trkpt>
<trkpt lat="-35.638695000" lon="138.286151000">
<ele>33</ele>
</trkpt>
<trkpt lat="-35.638706000" lon="138.286170000">
<ele>33</ele>
</trkpt>
<trkpt lat="-35.638710000" lon="138.286191000">
<ele>32</ele>
</trkpt>
<trkpt lat="-35.638713000" lon="138.286212000">
<ele>32</ele>
</trkpt>
<trkpt lat="-35.638715000" lon="138.286239000">
<ele>32</ele>
</trkpt>
<trkpt lat="-35.638718000" lon="138.286267000">
<ele>32</ele>
</trkpt>
<trkpt lat="-35.638724000" lon="138.286290000">
<ele>32</ele>
</trkpt>
<trkpt lat="-35.638730000" lon="138.286317000">
<ele>32</ele>
</trkpt>
<trkpt lat="-35.638732000" lon="138.286344000">
<ele>32</ele>
</trkpt>
<trkpt lat="-35.638733000" lon="138.286373000">
<ele>32</ele>
</trkpt>
<trkpt lat="-35.638729000" lon="138.286401000">
<ele>33</ele>
</trkpt>
<trkpt lat="-35.638729000" lon="138.286424000">
<ele>33</ele>
</trkpt>
<trkpt lat="-35.638727000" lon="138.286452000">
<ele>33</ele>
</trkpt>
<trkpt lat="-35.638726000" lon="138.286477000">
<ele>34</ele>
</trkpt>
<trkpt lat="-35.638727000" lon="138.286505000">
<ele>34</ele>
</trkpt>
<trkpt lat="-35.638727000" lon="138.286533000">
<ele>34</ele>
</trkpt>
<trkpt lat="-35.638729000" lon="138.286562000">
<ele>34</ele>
</trkpt>
<trkpt lat="-35.638732000" lon="138.286589000">
<ele>35</ele>
</trkpt>
<trkpt lat="-35.638735000" lon="138.286614000">
<ele>35</ele>
</trkpt>
<trkpt lat="-35.638737000" lon="138.286639000">
<ele>35</ele>
</trkpt>
<trkpt lat="-35.638742000" lon="138.286662000">
<ele>35</ele>
</trkpt>
<trkpt lat="-35.638747000" lon="138.286687000">
<ele>35</ele>
</trkpt>
<trkpt lat="-35.638748000" lon="138.286715000">
<ele>35</ele>
</trkpt>
<trkpt lat="-35.638749000" lon="138.286739000">
<ele>35</ele>
</trkpt>
<trkpt lat="-35.638750000" lon="138.286764000">
<ele>35</ele>
</trkpt>
<trkpt lat="-35.638754000" lon="138.286794000">
<ele>35</ele>
</trkpt>
<trkpt lat="-35.638766000" lon="138.286818000">
<ele>35</ele>
</trkpt>
<trkpt lat="-35.638816000" lon="138.286921000">
<ele>33</ele>
</trkpt>
<trkpt lat="-35.638862000" lon="138.286975000">
<ele>32</ele>
</trkpt>
<trkpt lat="-35.638908000" lon="138.287028000">
<ele>30</ele>
</trkpt>
<trkpt lat="-35.638910000" lon="138.287083000">
<ele>31</ele>
</trkpt>
<trkpt lat="-35.638957000" lon="138.287192000">
<ele>30</ele>
</trkpt>
<trkpt lat="-35.639003000" lon="138.287246000">
<ele>30</ele>
</trkpt>
<trkpt lat="-35.639051000" lon="138.287355000">
<ele>29</ele>
</trkpt>
<trkpt lat="-35.639098000" lon="138.287463000">
<ele>29</ele>
</trkpt>
<trkpt lat="-35.639146000" lon="138.287572000">
<ele>28</ele>
</trkpt>
<trkpt lat="-35.639193000" lon="138.287681000">
<ele>26</ele>
</trkpt>
<trkpt lat="-35.639286000" lon="138.287788000">
<ele>22</ele>
</trkpt>
<trkpt lat="-35.639287000" lon="138.287843000">
<ele>21</ele>
</trkpt>
<trkpt lat="-35.639288000" lon="138.287899000">
<ele>21</ele>
</trkpt>
<trkpt lat="-35.639290000" lon="138.287954000">
<ele>21</ele>
</trkpt>
<trkpt lat="-35.639291000" lon="138.288009000">
<ele>20</ele>
</trkpt>
<trkpt lat="-35.639202000" lon="138.288067000">
<ele>23</ele>
</trkpt>
<trkpt lat="-35.639115000" lon="138.288180000">
<ele>24</ele>
</trkpt>
<trkpt lat="-35.639071000" lon="138.288237000">
<ele>25</ele>
</trkpt>
<trkpt lat="-35.639027000" lon="138.288294000">
<ele>25</ele>
</trkpt>
<trkpt lat="-35.638937000" lon="138.288297000">
<ele>27</ele>
</trkpt>
<trkpt lat="-35.638892000" lon="138.288298000">
<ele>27</ele>
</trkpt>
<trkpt lat="-35.638848000" lon="138.288355000">
<ele>28</ele>
</trkpt>
<trkpt lat="-35.638851000" lon="138.288465000">
<ele>27</ele>
</trkpt>
<trkpt lat="-35.638898000" lon="138.288574000">
<ele>26</ele>
</trkpt>
<trkpt lat="-35.638989000" lon="138.288626000">
<ele>24</ele>
</trkpt>
<trkpt lat="-35.638992000" lon="138.288737000">
<ele>23</ele>
</trkpt>
<trkpt lat="-35.638993000" lon="138.288792000">
<ele>22</ele>
</trkpt>
<trkpt lat="-35.638994000" lon="138.288847000">
<ele>22</ele>
</trkpt>
<trkpt lat="-35.638999000" lon="138.288971000">
<ele>21</ele>
</trkpt>
<trkpt lat="-35.638993000" lon="138.288995000">
<ele>21</ele>
</trkpt>
<trkpt lat="-35.638987000" lon="138.289021000">
<ele>21</ele>
</trkpt>
<trkpt lat="-35.638980000" lon="138.289046000">
<ele>21</ele>
</trkpt>
<trkpt lat="-35.638969000" lon="138.289077000">
<ele>21</ele>
</trkpt>
<trkpt lat="-35.638960000" lon="138.289103000">
<ele>21</ele>
</trkpt>
<trkpt lat="-35.638953000" lon="138.289113000">
<ele>21</ele>
</trkpt>
<trkpt lat="-35.638944000" lon="138.289131000">
<ele>21</ele>
</trkpt>
<trkpt lat="-35.638930000" lon="138.289157000">
<ele>21</ele>
</trkpt>
<trkpt lat="-35.638917000" lon="138.289181000">
<ele>21</ele>
</trkpt>
<trkpt lat="-35.638901000" lon="138.289215000">
<ele>21</ele>
</trkpt>
<trkpt lat="-35.638878000" lon="138.289270000">
<ele>22</ele>
</trkpt>
<trkpt lat="-35.638871000" lon="138.289296000">
<ele>22</ele>
</trkpt>
<trkpt lat="-35.638841000" lon="138.289331000">
<ele>22</ele>
</trkpt>
<trkpt lat="-35.638840000" lon="138.289354000">
<ele>22</ele>
</trkpt>
<trkpt lat="-35.638837000" lon="138.289377000">
<ele>22</ele>
</trkpt>
<trkpt lat="-35.638836000" lon="138.289405000">
<ele>22</ele>
</trkpt>
<trkpt lat="-35.638835000" lon="138.289431000">
<ele>21</ele>
</trkpt>
<trkpt lat="-35.638834000" lon="138.289459000">
<ele>21</ele>
</trkpt>
<trkpt lat="-35.638831000" lon="138.289486000">
<ele>21</ele>
</trkpt>
<trkpt lat="-35.638831000" lon="138.289517000">
<ele>21</ele>
</trkpt>
<trkpt lat="-35.638833000" lon="138.289547000">
<ele>21</ele>
</trkpt>
<trkpt lat="-35.638835000" lon="138.289578000">
<ele>20</ele>
</trkpt>
<trkpt lat="-35.638836000" lon="138.289610000">
<ele>20</ele>
</trkpt>
<trkpt lat="-35.638839000" lon="138.289639000">
<ele>20</ele>
</trkpt>
<trkpt lat="-35.638840000" lon="138.289665000">
<ele>20</ele>
</trkpt>
<trkpt lat="-35.638839000" lon="138.289695000">
<ele>19</ele>
</trkpt>
<trkpt lat="-35.638853000" lon="138.289727000">
<ele>19</ele>
</trkpt>
<trkpt lat="-35.638856000" lon="138.289747000">
<ele>19</ele>
</trkpt>
<trkpt lat="-35.638849000" lon="138.289758000">
<ele>19</ele>
</trkpt>
<trkpt lat="-35.638850000" lon="138.289769000">
<ele>19</ele>
</trkpt>
<trkpt lat="-35.638845000" lon="138.289787000">
<ele>19</ele>
</trkpt>
<trkpt lat="-35.638846000" lon="138.289801000">
<ele>19</ele>
</trkpt>
<trkpt lat="-35.638839000" lon="138.289815000">
<ele>19</ele>
</trkpt>
<trkpt lat="-35.638833000" lon="138.289826000">
<ele>19</ele>
</trkpt>
<trkpt lat="-35.638823000" lon="138.289849000">
<ele>19</ele>
</trkpt>
<trkpt lat="-35.638820000" lon="138.289876000">
<ele>19</ele>
</trkpt>
<trkpt lat="-35.638811000" lon="138.289897000">
<ele>19</ele>
</trkpt>
<trkpt lat="-35.638806000" lon="138.289910000">
<ele>19</ele>
</trkpt>
<trkpt lat="-35.638803000" lon="138.289921000">
<ele>19</ele>
</trkpt>
<trkpt lat="-35.638800000" lon="138.289932000">
<ele>19</ele>
</trkpt>
<trkpt lat="-35.638796000" lon="138.289947000">
<ele>19</ele>
</trkpt>
<trkpt lat="-35.638792000" lon="138.289959000">
<ele>20</ele>
</trkpt>
<trkpt lat="-35.638785000" lon="138.289975000">
<ele>20</ele>
</trkpt>
<trkpt lat="-35.638780000" lon="138.289989000">
<ele>20</ele>
</trkpt>
<trkpt lat="-35.638776000" lon="138.289998000">
<ele>20</ele>
</trkpt>
<trkpt lat="-35.638767000" lon="138.290011000">
<ele>20</ele>
</trkpt>
<trkpt lat="-35.638762000" lon="138.290021000">
<ele>20</ele>
</trkpt>
<trkpt lat="-35.638755000" lon="138.290033000">
<ele>20</ele>
</trkpt>
<trkpt lat="-35.638755000" lon="138.290043000">
<ele>20</ele>
</trkpt>
<trkpt lat="-35.638748000" lon="138.290056000">
<ele>21</ele>
</trkpt>
<trkpt lat="-35.638742000" lon="138.290074000">
<ele>21</ele>
</trkpt>
<trkpt lat="-35.638742000" lon="138.290085000">
<ele>21</ele>
</trkpt>
<trkpt lat="-35.638735000" lon="138.290099000">
<ele>21</ele>
</trkpt>
<trkpt lat="-35.638732000" lon="138.290104000">
<ele>21</ele>
</trkpt>
<trkpt lat="-35.638736000" lon="138.290130000">
<ele>21</ele>
</trkpt>
<trkpt lat="-35.638730000" lon="138.290140000">
<ele>21</ele>
</trkpt>
<trkpt lat="-35.638718000" lon="138.290147000">
<ele>21</ele>
</trkpt>
<trkpt lat="-35.638704000" lon="138.290157000">
<ele>22</ele>
</trkpt>
<trkpt lat="-35.638695000" lon="138.290169000">
<ele>22</ele>
</trkpt>
<trkpt lat="-35.638683000" lon="138.290179000">
<ele>22</ele>
</trkpt>
<trkpt lat="-35.638677000" lon="138.290196000">
<ele>23</ele>
</trkpt>
<trkpt lat="-35.638666000" lon="138.290202000">
<ele>23</ele>
</trkpt>
<trkpt lat="-35.638660000" lon="138.290221000">
<ele>23</ele>
</trkpt>
<trkpt lat="-35.638657000" lon="138.290240000">
<ele>23</ele>
</trkpt>
<trkpt lat="-35.638657000" lon="138.290259000">
<ele>23</ele>
</trkpt>
<trkpt lat="-35.638661000" lon="138.290279000">
<ele>23</ele>
</trkpt>
<trkpt lat="-35.638665000" lon="138.290300000">
<ele>23</ele>
</trkpt>
<trkpt lat="-35.638669000" lon="138.290404000">
<ele>23</ele>
</trkpt>
<trkpt lat="-35.638716000" lon="138.290512000">
<ele>21</ele>
</trkpt>
<trkpt lat="-35.638758000" lon="138.290592000">
<ele>19</ele>
</trkpt>
<trkpt lat="-35.638756000" lon="138.290598000">
<ele>19</ele>
</trkpt>
<trkpt lat="-35.638756000" lon="138.290610000">
<ele>19</ele>
</trkpt>
<trkpt lat="-35.638757000" lon="138.290627000">
<ele>19</ele>
</trkpt>
<trkpt lat="-35.638756000" lon="138.290640000">
<ele>19</ele>
</trkpt>
<trkpt lat="-35.638759000" lon="138.290654000">
<ele>19</ele>
</trkpt>
<trkpt lat="-35.638753000" lon="138.290673000">
<ele>19</ele>
</trkpt>
<trkpt lat="-35.638747000" lon="138.290692000">
<ele>19</ele>
</trkpt>
<trkpt lat="-35.638738000" lon="138.290705000">
<ele>19</ele>
</trkpt>
<trkpt lat="-35.638727000" lon="138.290721000">
<ele>20</ele>
</trkpt>
<trkpt lat="-35.638718000" lon="138.290736000">
<ele>20</ele>
</trkpt>
<trkpt lat="-35.638711000" lon="138.290746000">
<ele>20</ele>
</trkpt>
<trkpt lat="-35.638704000" lon="138.290762000">
<ele>20</ele>
</trkpt>
<trkpt lat="-35.638699000" lon="138.290781000">
<ele>20</ele>
</trkpt>
<trkpt lat="-35.638698000" lon="138.290805000">
<ele>20</ele>
</trkpt>
<trkpt lat="-35.638697000" lon="138.290820000">
<ele>20</ele>
</trkpt>
<trkpt lat="-35.638694000" lon="138.290838000">
<ele>20</ele>
</trkpt>
<trkpt lat="-35.638692000" lon="138.290852000">
<ele>20</ele>
</trkpt>
<trkpt lat="-35.638691000" lon="138.290870000">
<ele>20</ele>
</trkpt>
<trkpt lat="-35.638691000" lon="138.290884000">
<ele>20</ele>
</trkpt>
<trkpt lat="-35.638693000" lon="138.290908000">
<ele>20</ele>
</trkpt>
<trkpt lat="-35.638694000" lon="138.290924000">
<ele>20</ele>
</trkpt>
<trkpt lat="-35.638692000" lon="138.290943000">
<ele>20</ele>
</trkpt>
<trkpt lat="-35.638691000" lon="138.290966000">
<ele>19</ele>
</trkpt>
<trkpt lat="-35.638686000" lon="138.290988000">
<ele>19</ele>
</trkpt>
<trkpt lat="-35.638686000" lon="138.291009000">
<ele>19</ele>
</trkpt>
<trkpt lat="-35.638691000" lon="138.291036000">
<ele>19</ele>
</trkpt>
<trkpt lat="-35.638694000" lon="138.291060000">
<ele>19</ele>
</trkpt>
<trkpt lat="-35.638703000" lon="138.291083000">
<ele>18</ele>
</trkpt>
<trkpt lat="-35.638708000" lon="138.291101000">
<ele>18</ele>
</trkpt>
<trkpt lat="-35.638713000" lon="138.291120000">
<ele>18</ele>
</trkpt>
<trkpt lat="-35.638717000" lon="138.291137000">
<ele>17</ele>
</trkpt>
<trkpt lat="-35.638716000" lon="138.291148000">
<ele>17</ele>
</trkpt>
<trkpt lat="-35.638721000" lon="138.291162000">
<ele>17</ele>
</trkpt>
<trkpt lat="-35.638724000" lon="138.291174000">
<ele>17</ele>
</trkpt>
<trkpt lat="-35.638726000" lon="138.291187000">
<ele>17</ele>
</trkpt>
<trkpt lat="-35.638724000" lon="138.291208000">
<ele>17</ele>
</trkpt>
<trkpt lat="-35.638720000" lon="138.291230000">
<ele>17</ele>
</trkpt>
<trkpt lat="-35.638713000" lon="138.291259000">
<ele>17</ele>
</trkpt>
<trkpt lat="-35.638705000" lon="138.291283000">
<ele>17</ele>
</trkpt>
<trkpt lat="-35.638699000" lon="138.291312000">
<ele>17</ele>
</trkpt>
<trkpt lat="-35.638694000" lon="138.291344000">
<ele>17</ele>
</trkpt>
<trkpt lat="-35.638693000" lon="138.291375000">
<ele>17</ele>
</trkpt>
<trkpt lat="-35.638687000" lon="138.291399000">
<ele>17</ele>
</trkpt>
<trkpt lat="-35.638680000" lon="138.291414000">
<ele>17</ele>
</trkpt>
<trkpt lat="-35.638679000" lon="138.291425000">
<ele>17</ele>
</trkpt>
<trkpt lat="-35.638675000" lon="138.291441000">
<ele>17</ele>
</trkpt>
<trkpt lat="-35.638678000" lon="138.291471000">
<ele>17</ele>
</trkpt>
<trkpt lat="-35.638679000" lon="138.291486000">
<ele>16</ele>
</trkpt>
<trkpt lat="-35.638680000" lon="138.291501000">
<ele>16</ele>
</trkpt>
<trkpt lat="-35.638677000" lon="138.291521000">
<ele>16</ele>
</trkpt>
<trkpt lat="-35.638675000" lon="138.291541000">
<ele>16</ele>
</trkpt>
<trkpt lat="-35.638671000" lon="138.291562000">
<ele>16</ele>
</trkpt>
<trkpt lat="-35.638669000" lon="138.291588000">
<ele>16</ele>
</trkpt>
<trkpt lat="-35.638665000" lon="138.291613000">
<ele>16</ele>
</trkpt>
<trkpt lat="-35.638657000" lon="138.291632000">
<ele>16</ele>
</trkpt>
<trkpt lat="-35.638648000" lon="138.291653000">
<ele>16</ele>
</trkpt>
<trkpt lat="-35.638641000" lon="138.291675000">
<ele>16</ele>
</trkpt>
<trkpt lat="-35.638629000" lon="138.291695000">
<ele>16</ele>
</trkpt>
<trkpt lat="-35.638623000" lon="138.291714000">
<ele>16</ele>
</trkpt>
<trkpt lat="-35.638615000" lon="138.291732000">
<ele>16</ele>
</trkpt>
<trkpt lat="-35.638606000" lon="138.291746000">
<ele>17</ele>
</trkpt>
<trkpt lat="-35.638601000" lon="138.291764000">
<ele>17</ele>
</trkpt>
<trkpt lat="-35.638597000" lon="138.291789000">
<ele>17</ele>
</trkpt>
<trkpt lat="-35.638587000" lon="138.291815000">
<ele>17</ele>
</trkpt>
<trkpt lat="-35.638577000" lon="138.291834000">
<ele>17</ele>
</trkpt>
<trkpt lat="-35.638571000" lon="138.291856000">
<ele>17</ele>
</trkpt>
<trkpt lat="-35.638563000" lon="138.291881000">
<ele>17</ele>
</trkpt>
<trkpt lat="-35.638551000" lon="138.291907000">
<ele>17</ele>
</trkpt>
<trkpt lat="-35.638537000" lon="138.291932000">
<ele>18</ele>
</trkpt>
<trkpt lat="-35.638516000" lon="138.291940000">
<ele>18</ele>
</trkpt>
<trkpt lat="-35.638503000" lon="138.291945000">
<ele>19</ele>
</trkpt>
<trkpt lat="-35.638493000" lon="138.291944000">
<ele>19</ele>
</trkpt>
<trkpt lat="-35.638483000" lon="138.291945000">
<ele>20</ele>
</trkpt>
<trkpt lat="-35.638478000" lon="138.291948000">
<ele>20</ele>
</trkpt>
<trkpt lat="-35.638465000" lon="138.291950000">
<ele>20</ele>
</trkpt>
<trkpt lat="-35.638456000" lon="138.291949000">
<ele>21</ele>
</trkpt>
<trkpt lat="-35.638442000" lon="138.291953000">
<ele>21</ele>
</trkpt>
<trkpt lat="-35.638435000" lon="138.291967000">
<ele>21</ele>
</trkpt>
<trkpt lat="-35.638425000" lon="138.291974000">
<ele>22</ele>
</trkpt>
<trkpt lat="-35.638423000" lon="138.291980000">
<ele>22</ele>
</trkpt>
<trkpt lat="-35.638424000" lon="138.291990000">
<ele>22</ele>
</trkpt>
<trkpt lat="-35.638424000" lon="138.292001000">
<ele>22</ele>
</trkpt>
<trkpt lat="-35.638430000" lon="138.292006000">
<ele>21</ele>
</trkpt>
<trkpt lat="-35.638437000" lon="138.292012000">
<ele>21</ele>
</trkpt>
<trkpt lat="-35.638446000" lon="138.292020000">
<ele>21</ele>
</trkpt>
<trkpt lat="-35.638454000" lon="138.292032000">
<ele>20</ele>
</trkpt>
<trkpt lat="-35.638457000" lon="138.292046000">
<ele>20</ele>
</trkpt>
<trkpt lat="-35.638459000" lon="138.292053000">
<ele>20</ele>
</trkpt>
<trkpt lat="-35.638464000" lon="138.292065000">
<ele>20</ele>
</trkpt>
<trkpt lat="-35.638467000" lon="138.292071000">
<ele>20</ele>
</trkpt>
<trkpt lat="-35.638470000" lon="138.292078000">
<ele>20</ele>
</trkpt>
<trkpt lat="-35.638477000" lon="138.292092000">
<ele>20</ele>
</trkpt>
<trkpt lat="-35.638483000" lon="138.292100000">
<ele>19</ele>
</trkpt>
<trkpt lat="-35.638492000" lon="138.292107000">
<ele>19</ele>
</trkpt>
<trkpt lat="-35.638511000" lon="138.292122000">
<ele>18</ele>
</trkpt>
<trkpt lat="-35.638517000" lon="138.292135000">
<ele>18</ele>
</trkpt>
<trkpt lat="-35.638530000" lon="138.292151000">
<ele>18</ele>
</trkpt>
<trkpt lat="-35.638540000" lon="138.292176000">
<ele>17</ele>
</trkpt>
<trkpt lat="-35.638550000" lon="138.292197000">
<ele>17</ele>
</trkpt>
<trkpt lat="-35.638561000" lon="138.292221000">
<ele>17</ele>
</trkpt>
<trkpt lat="-35.638570000" lon="138.292248000">
<ele>17</ele>
</trkpt>
<trkpt lat="-35.638582000" lon="138.292274000">
<ele>16</ele>
</trkpt>
<trkpt lat="-35.638592000" lon="138.292299000">
<ele>16</ele>
</trkpt>
<trkpt lat="-35.638602000" lon="138.292321000">
<ele>16</ele>
</trkpt>
<trkpt lat="-35.638613000" lon="138.292345000">
<ele>16</ele>
</trkpt>
<trkpt lat="-35.638622000" lon="138.292370000">
<ele>16</ele>
</trkpt>
<trkpt lat="-35.638634000" lon="138.292395000">
<ele>16</ele>
</trkpt>
<trkpt lat="-35.638646000" lon="138.292421000">
<ele>16</ele>
</trkpt>
<trkpt lat="-35.638655000" lon="138.292447000">
<ele>16</ele>
</trkpt>
<trkpt lat="-35.638665000" lon="138.292468000">
<ele>15</ele>
</trkpt>
<trkpt lat="-35.638674000" lon="138.292482000">
<ele>15</ele>
</trkpt>
<trkpt lat="-35.638679000" lon="138.292493000">
<ele>15</ele>
</trkpt>
<trkpt lat="-35.638688000" lon="138.292504000">
<ele>15</ele>
</trkpt>
<trkpt lat="-35.638693000" lon="138.292520000">
<ele>15</ele>
</trkpt>
<trkpt lat="-35.638702000" lon="138.292535000">
<ele>15</ele>
</trkpt>
<trkpt lat="-35.638710000" lon="138.292558000">
<ele>15</ele>
</trkpt>
<trkpt lat="-35.638714000" lon="138.292584000">
<ele>15</ele>
</trkpt>
<trkpt lat="-35.638720000" lon="138.292610000">
<ele>15</ele>
</trkpt>
<trkpt lat="-35.638724000" lon="138.292637000">
<ele>15</ele>
</trkpt>
<trkpt lat="-35.638726000" lon="138.292660000">
<ele>15</ele>
</trkpt>
<trkpt lat="-35.638728000" lon="138.292683000">
<ele>15</ele>
</trkpt>
<trkpt lat="-35.638727000" lon="138.292707000">
<ele>16</ele>
</trkpt>
<trkpt lat="-35.638731000" lon="138.292730000">
<ele>16</ele>
</trkpt>
<trkpt lat="-35.638737000" lon="138.292747000">
<ele>16</ele>
</trkpt>
<trkpt lat="-35.638742000" lon="138.292759000">
<ele>16</ele>
</trkpt>
<trkpt lat="-35.638743000" lon="138.292771000">
<ele>16</ele>
</trkpt>
<trkpt lat="-35.638746000" lon="138.292782000">
<ele>16</ele>
</trkpt>
<trkpt lat="-35.638751000" lon="138.292795000">
<ele>16</ele>
</trkpt>
<trkpt lat="-35.638754000" lon="138.292818000">
<ele>16</ele>
</trkpt>
<trkpt lat="-35.638756000" lon="138.292828000">
<ele>15</ele>
</trkpt>
<trkpt lat="-35.638764000" lon="138.292846000">
<ele>15</ele>
</trkpt>
<trkpt lat="-35.638766000" lon="138.292858000">
<ele>15</ele>
</trkpt>
<trkpt lat="-35.638769000" lon="138.292867000">
<ele>15</ele>
</trkpt>
<trkpt lat="-35.638771000" lon="138.292872000">
<ele>15</ele>
</trkpt>
<trkpt lat="-35.638777000" lon="138.292888000">
<ele>15</ele>
</trkpt>
<trkpt lat="-35.638779000" lon="138.292904000">
<ele>15</ele>
</trkpt>
<trkpt lat="-35.638783000" lon="138.292913000">
<ele>15</ele>
</trkpt>
<trkpt lat="-35.638783000" lon="138.292925000">
<ele>15</ele>
</trkpt>
<trkpt lat="-35.638778000" lon="138.292931000">
<ele>15</ele>
</trkpt>
<trkpt lat="-35.638775000" lon="138.292941000">
<ele>15</ele>
</trkpt>
<trkpt lat="-35.638773000" lon="138.292952000">
<ele>15</ele>
</trkpt>
<trkpt lat="-35.638768000" lon="138.292958000">
<ele>15</ele>
</trkpt>
<trkpt lat="-35.638762000" lon="138.292965000">
<ele>16</ele>
</trkpt>
<trkpt lat="-35.638755000" lon="138.292980000">
<ele>16</ele>
</trkpt>
<trkpt lat="-35.638748000" lon="138.292994000">
<ele>16</ele>
</trkpt>
<trkpt lat="-35.638742000" lon="138.293016000">
<ele>17</ele>
</trkpt>
<trkpt lat="-35.638737000" lon="138.293039000">
<ele>17</ele>
</trkpt>
<trkpt lat="-35.638730000" lon="138.293064000">
<ele>17</ele>
</trkpt>
<trkpt lat="-35.638719000" lon="138.293088000">
<ele>18</ele>
</trkpt>
<trkpt lat="-35.638710000" lon="138.293106000">
<ele>18</ele>
</trkpt>
<trkpt lat="-35.638706000" lon="138.293122000">
<ele>18</ele>
</trkpt>
<trkpt lat="-35.638700000" lon="138.293134000">
<ele>18</ele>
</trkpt>
<trkpt lat="-35.638693000" lon="138.293149000">
<ele>18</ele>
</trkpt>
<trkpt lat="-35.638687000" lon="138.293166000">
<ele>18</ele>
</trkpt>
<trkpt lat="-35.638678000" lon="138.293178000">
<ele>19</ele>
</trkpt>
<trkpt lat="-35.638667000" lon="138.293195000">
<ele>19</ele>
</trkpt>
<trkpt lat="-35.638654000" lon="138.293214000">
<ele>19</ele>
</trkpt>
<trkpt lat="-35.638645000" lon="138.293231000">
<ele>20</ele>
</trkpt>
<trkpt lat="-35.638638000" lon="138.293252000">
<ele>20</ele>
</trkpt>
<trkpt lat="-35.638633000" lon="138.293276000">
<ele>20</ele>
</trkpt>
<trkpt lat="-35.638629000" lon="138.293300000">
<ele>20</ele>
</trkpt>
<trkpt lat="-35.638628000" lon="138.293325000">
<ele>20</ele>
</trkpt>
<trkpt lat="-35.638627000" lon="138.293348000">
<ele>19</ele>
</trkpt>
<trkpt lat="-35.638628000" lon="138.293372000">
<ele>19</ele>
</trkpt>
<trkpt lat="-35.638631000" lon="138.293397000">
<ele>19</ele>
</trkpt>
<trkpt lat="-35.638629000" lon="138.293422000">
<ele>19</ele>
</trkpt>
<trkpt lat="-35.638629000" lon="138.293447000">
<ele>19</ele>
</trkpt>
<trkpt lat="-35.638629000" lon="138.293471000">
<ele>19</ele>
</trkpt>
<trkpt lat="-35.638633000" lon="138.293496000">
<ele>19</ele>
</trkpt>
<trkpt lat="-35.638635000" lon="138.293506000">
<ele>19</ele>
</trkpt>
<trkpt lat="-35.638636000" lon="138.293519000">
<ele>19</ele>
</trkpt>
<trkpt lat="-35.638637000" lon="138.293543000">
<ele>18</ele>
</trkpt>
<trkpt lat="-35.638636000" lon="138.293562000">
<ele>18</ele>
</trkpt>
<trkpt lat="-35.638638000" lon="138.293578000">
<ele>18</ele>
</trkpt>
<trkpt lat="-35.638641000" lon="138.293587000">
<ele>18</ele>
</trkpt>
<trkpt lat="-35.638640000" lon="138.293598000">
<ele>18</ele>
</trkpt>
<trkpt lat="-35.638637000" lon="138.293606000">
<ele>18</ele>
</trkpt>
<trkpt lat="-35.638635000" lon="138.293618000">
<ele>18</ele>
</trkpt>
<trkpt lat="-35.638631000" lon="138.293643000">
<ele>18</ele>
</trkpt>
<trkpt lat="-35.638634000" lon="138.293660000">
<ele>18</ele>
</trkpt>
<trkpt lat="-35.638639000" lon="138.293680000">
<ele>18</ele>
</trkpt>
<trkpt lat="-35.638646000" lon="138.293699000">
<ele>18</ele>
</trkpt>
<trkpt lat="-35.638653000" lon="138.293721000">
<ele>18</ele>
</trkpt>
<trkpt lat="-35.638652000" lon="138.293740000">
<ele>18</ele>
</trkpt>
<trkpt lat="-35.638637000" lon="138.293753000">
<ele>18</ele>
</trkpt>
<trkpt lat="-35.638633000" lon="138.293772000">
<ele>18</ele>
</trkpt>
<trkpt lat="-35.638634000" lon="138.293787000">
<ele>18</ele>
</trkpt>
<trkpt lat="-35.638631000" lon="138.293802000">
<ele>18</ele>
</trkpt>
<trkpt lat="-35.638630000" lon="138.293818000">
<ele>19</ele>
</trkpt>
<trkpt lat="-35.638628000" lon="138.293829000">
<ele>19</ele>
</trkpt>
<trkpt lat="-35.638627000" lon="138.293838000">
<ele>19</ele>
</trkpt>
<trkpt lat="-35.638631000" lon="138.293845000">
<ele>18</ele>
</trkpt>
<trkpt lat="-35.638646000" lon="138.293858000">
<ele>18</ele>
</trkpt>
<trkpt lat="-35.638649000" lon="138.293868000">
<ele>18</ele>
</trkpt>
<trkpt lat="-35.638650000" lon="138.293880000">
<ele>18</ele>
</trkpt>
<trkpt lat="-35.638653000" lon="138.293907000">
<ele>18</ele>
</trkpt>
<trkpt lat="-35.638659000" lon="138.293913000">
<ele>18</ele>
</trkpt>
<trkpt lat="-35.638659000" lon="138.293929000">
<ele>18</ele>
</trkpt>
<trkpt lat="-35.638663000" lon="138.293944000">
<ele>18</ele>
</trkpt>
<trkpt lat="-35.638665000" lon="138.293955000">
<ele>18</ele>
</trkpt>
<trkpt lat="-35.638662000" lon="138.293964000">
<ele>18</ele>
</trkpt>
<trkpt lat="-35.638661000" lon="138.293975000">
<ele>18</ele>
</trkpt>
<trkpt lat="-35.638658000" lon="138.293983000">
<ele>18</ele>
</trkpt>
<trkpt lat="-35.638652000" lon="138.293992000">
<ele>19</ele>
</trkpt>
<trkpt lat="-35.638651000" lon="138.294000000">
<ele>19</ele>
</trkpt>
<trkpt lat="-35.638641000" lon="138.294011000">
<ele>19</ele>
</trkpt>
<trkpt lat="-35.638640000" lon="138.294033000">
<ele>19</ele>
</trkpt>
<trkpt lat="-35.638637000" lon="138.294039000">
<ele>19</ele>
</trkpt>
<trkpt lat="-35.638618000" lon="138.294037000">
<ele>20</ele>
</trkpt>
<trkpt lat="-35.638611000" lon="138.294048000">
<ele>20</ele>
</trkpt>
<trkpt lat="-35.638600000" lon="138.294063000">
<ele>21</ele>
</trkpt>
<trkpt lat="-35.638590000" lon="138.294079000">
<ele>22</ele>
</trkpt>
<trkpt lat="-35.638598000" lon="138.294095000">
<ele>21</ele>
</trkpt>
<trkpt lat="-35.638597000" lon="138.294124000">
<ele>22</ele>
</trkpt>
<trkpt lat="-35.638630000" lon="138.294135000">
<ele>20</ele>
</trkpt>
<trkpt lat="-35.638636000" lon="138.294154000">
<ele>20</ele>
</trkpt>
<trkpt lat="-35.638606000" lon="138.294178000">
<ele>21</ele>
</trkpt>
<trkpt lat="-35.638607000" lon="138.294191000">
<ele>22</ele>
</trkpt>
<trkpt lat="-35.638615000" lon="138.294202000">
<ele>21</ele>
</trkpt>
<trkpt lat="-35.638619000" lon="138.294218000">
<ele>21</ele>
</trkpt>
<trkpt lat="-35.638621000" lon="138.294233000">
<ele>22</ele>
</trkpt>
<trkpt lat="-35.638624000" lon="138.294245000">
<ele>22</ele>
</trkpt>
<trkpt lat="-35.638630000" lon="138.294261000">
<ele>22</ele>
</trkpt>
<trkpt lat="-35.638635000" lon="138.294276000">
<ele>22</ele>
</trkpt>
<trkpt lat="-35.638643000" lon="138.294294000">
<ele>22</ele>
</trkpt>
<trkpt lat="-35.638650000" lon="138.294314000">
<ele>22</ele>
</trkpt>
<trkpt lat="-35.638657000" lon="138.294327000">
<ele>22</ele>
</trkpt>
<trkpt lat="-35.638656000" lon="138.294342000">
<ele>22</ele>
</trkpt>
<trkpt lat="-35.638654000" lon="138.294351000">
<ele>22</ele>
</trkpt>
<trkpt lat="-35.638664000" lon="138.294369000">
<ele>22</ele>
</trkpt>
<trkpt lat="-35.638668000" lon="138.294381000">
<ele>22</ele>
</trkpt>
<trkpt lat="-35.638668000" lon="138.294394000">
<ele>22</ele>
</trkpt>
<trkpt lat="-35.638664000" lon="138.294403000">
<ele>22</ele>
</trkpt>
<trkpt lat="-35.638662000" lon="138.294413000">
<ele>22</ele>
</trkpt>
<trkpt lat="-35.638661000" lon="138.294421000">
<ele>23</ele>
</trkpt>
<trkpt lat="-35.638666000" lon="138.294436000">
<ele>23</ele>
</trkpt>
<trkpt lat="-35.638667000" lon="138.294449000">
<ele>23</ele>
</trkpt>
<trkpt lat="-35.638666000" lon="138.294465000">
<ele>23</ele>
</trkpt>
<trkpt lat="-35.638664000" lon="138.294476000">
<ele>23</ele>
</trkpt>
<trkpt lat="-35.638664000" lon="138.294489000">
<ele>24</ele>
</trkpt>
<trkpt lat="-35.638666000" lon="138.294503000">
<ele>24</ele>
</trkpt>
<trkpt lat="-35.638668000" lon="138.294516000">
<ele>24</ele>
</trkpt>
<trkpt lat="-35.638669000" lon="138.294533000">
<ele>24</ele>
</trkpt>
<trkpt lat="-35.638670000" lon="138.294548000">
<ele>24</ele>
</trkpt>
<trkpt lat="-35.638671000" lon="138.294564000">
<ele>25</ele>
</trkpt>
<trkpt lat="-35.638669000" lon="138.294579000">
<ele>25</ele>
</trkpt>
<trkpt lat="-35.638671000" lon="138.294593000">
<ele>25</ele>
</trkpt>
<trkpt lat="-35.638678000" lon="138.294613000">
<ele>25</ele>
</trkpt>
<trkpt lat="-35.638685000" lon="138.294635000">
<ele>25</ele>
</trkpt>
<trkpt lat="-35.638693000" lon="138.294654000">
<ele>25</ele>
</trkpt>
<trkpt lat="-35.638701000" lon="138.294671000">
<ele>25</ele>
</trkpt>
<trkpt lat="-35.638714000" lon="138.294687000">
<ele>25</ele>
</trkpt>
<trkpt lat="-35.638725000" lon="138.294698000">
<ele>25</ele>
</trkpt>
<trkpt lat="-35.638736000" lon="138.294712000">
<ele>25</ele>
</trkpt>
<trkpt lat="-35.638749000" lon="138.294722000">
<ele>25</ele>
</trkpt>
<trkpt lat="-35.638760000" lon="138.294733000">
<ele>24</ele>
</trkpt>
<trkpt lat="-35.638772000" lon="138.294748000">
<ele>24</ele>
</trkpt>
<trkpt lat="-35.638784000" lon="138.294762000">
<ele>24</ele>
</trkpt>
<trkpt lat="-35.638799000" lon="138.294769000">
<ele>23</ele>
</trkpt>
<trkpt lat="-35.638811000" lon="138.294784000">
<ele>23</ele>
</trkpt>
<trkpt lat="-35.638823000" lon="138.294793000">
<ele>23</ele>
</trkpt>
<trkpt lat="-35.638837000" lon="138.294804000">
<ele>22</ele>
</trkpt>
<trkpt lat="-35.638844000" lon="138.294810000">
<ele>22</ele>
</trkpt>
<trkpt lat="-35.638849000" lon="138.294816000">
<ele>22</ele>
</trkpt>
<trkpt lat="-35.638857000" lon="138.294823000">
<ele>21</ele>
</trkpt>
<trkpt lat="-35.638867000" lon="138.294835000">
<ele>21</ele>
</trkpt>
<trkpt lat="-35.638875000" lon="138.294854000">
<ele>21</ele>
</trkpt>
<trkpt lat="-35.638877000" lon="138.294864000">
<ele>21</ele>
</trkpt>
<trkpt lat="-35.638879000" lon="138.294871000">
<ele>21</ele>
</trkpt>
<trkpt lat="-35.638880000" lon="138.294877000">
<ele>21</ele>
</trkpt>
<trkpt lat="-35.638880000" lon="138.294887000">
<ele>21</ele>
</trkpt>
<trkpt lat="-35.638876000" lon="138.294913000">
<ele>22</ele>
</trkpt>
<trkpt lat="-35.638884000" lon="138.294928000">
<ele>21</ele>
</trkpt>
<trkpt lat="-35.638889000" lon="138.294945000">
<ele>21</ele>
</trkpt>
<trkpt lat="-35.638890000" lon="138.294957000">
<ele>21</ele>
</trkpt>
<trkpt lat="-35.638891000" lon="138.294971000">
<ele>22</ele>
</trkpt>
<trkpt lat="-35.638894000" lon="138.294995000">
<ele>22</ele>
</trkpt>
<trkpt lat="-35.638897000" lon="138.295014000">
<ele>22</ele>
</trkpt>
<trkpt lat="-35.638896000" lon="138.295029000">
<ele>22</ele>
</trkpt>
<trkpt lat="-35.638897000" lon="138.295044000">
<ele>22</ele>
</trkpt>
<trkpt lat="-35.638901000" lon="138.295060000">
<ele>22</ele>
</trkpt>
<trkpt lat="-35.638903000" lon="138.295070000">
<ele>22</ele>
</trkpt>
<trkpt lat="-35.638906000" lon="138.295084000">
<ele>22</ele>
</trkpt>
<trkpt lat="-35.638911000" lon="138.295095000">
<ele>22</ele>
</trkpt>
<trkpt lat="-35.638914000" lon="138.295110000">
<ele>22</ele>
</trkpt>
<trkpt lat="-35.638918000" lon="138.295116000">
<ele>22</ele>
</trkpt>
<trkpt lat="-35.638923000" lon="138.295119000">
<ele>21</ele>
</trkpt>
<trkpt lat="-35.638915000" lon="138.295127000">
<ele>22</ele>
</trkpt>
<trkpt lat="-35.638906000" lon="138.295131000">
<ele>22</ele>
</trkpt>
<trkpt lat="-35.638891000" lon="138.295151000">
<ele>23</ele>
</trkpt>
<trkpt lat="-35.638897000" lon="138.295166000">
<ele>23</ele>
</trkpt>
<trkpt lat="-35.638908000" lon="138.295191000">
<ele>23</ele>
</trkpt>
<trkpt lat="-35.638895000" lon="138.295214000">
<ele>23</ele>
</trkpt>
<trkpt lat="-35.638890000" lon="138.295232000">
<ele>24</ele>
</trkpt>
<trkpt lat="-35.638886000" lon="138.295250000">
<ele>24</ele>
</trkpt>
<trkpt lat="-35.638875000" lon="138.295264000">
<ele>25</ele>
</trkpt>
<trkpt lat="-35.638864000" lon="138.295274000">
<ele>25</ele>
</trkpt>
<trkpt lat="-35.638854000" lon="138.295282000">
<ele>25</ele>
</trkpt>
<trkpt lat="-35.638843000" lon="138.295289000">
<ele>26</ele>
</trkpt>
<trkpt lat="-35.638835000" lon="138.295299000">
<ele>26</ele>
</trkpt>
<trkpt lat="-35.638823000" lon="138.295307000">
<ele>27</ele>
</trkpt>
<trkpt lat="-35.638815000" lon="138.295317000">
<ele>27</ele>
</trkpt>
<trkpt lat="-35.638813000" lon="138.295340000">
<ele>27</ele>
</trkpt>
<trkpt lat="-35.638816000" lon="138.295364000">
<ele>27</ele>
</trkpt>
<trkpt lat="-35.638814000" lon="138.295375000">
<ele>27</ele>
</trkpt>
<trkpt lat="-35.638816000" lon="138.295379000">
<ele>27</ele>
</trkpt>
<trkpt lat="-35.638821000" lon="138.295382000">
<ele>27</ele>
</trkpt>
<trkpt lat="-35.638823000" lon="138.295395000">
<ele>26</ele>
</trkpt>
<trkpt lat="-35.638825000" lon="138.295405000">
<ele>26</ele>
</trkpt>
<trkpt lat="-35.638823000" lon="138.295411000">
<ele>26</ele>
</trkpt>
<trkpt lat="-35.638817000" lon="138.295409000">
<ele>27</ele>
</trkpt>
<trkpt lat="-35.638810000" lon="138.295420000">
<ele>27</ele>
</trkpt>
<trkpt lat="-35.638808000" lon="138.295428000">
<ele>27</ele>
</trkpt>
<trkpt lat="-35.638805000" lon="138.295442000">
<ele>27</ele>
</trkpt>
<trkpt lat="-35.638802000" lon="138.295452000">
<ele>27</ele>
</trkpt>
<trkpt lat="-35.638795000" lon="138.295470000">
<ele>27</ele>
</trkpt>
<trkpt lat="-35.638793000" lon="138.295481000">
<ele>27</ele>
</trkpt>
<trkpt lat="-35.638790000" lon="138.295487000">
<ele>28</ele>
</trkpt>
<trkpt lat="-35.638789000" lon="138.295497000">
<ele>28</ele>
</trkpt>
<trkpt lat="-35.638792000" lon="138.295515000">
<ele>27</ele>
</trkpt>
<trkpt lat="-35.638795000" lon="138.295537000">
<ele>27</ele>
</trkpt>
<trkpt lat="-35.638793000" lon="138.295560000">
<ele>27</ele>
</trkpt>
<trkpt lat="-35.638786000" lon="138.295572000">
<ele>27</ele>
</trkpt>
<trkpt lat="-35.638786000" lon="138.295579000">
<ele>27</ele>
</trkpt>
<trkpt lat="-35.638786000" lon="138.295591000">
<ele>27</ele>
</trkpt>
<trkpt lat="-35.638784000" lon="138.295607000">
<ele>27</ele>
</trkpt>
<trkpt lat="-35.638782000" lon="138.295611000">
<ele>27</ele>
</trkpt>
<trkpt lat="-35.638779000" lon="138.295619000">
<ele>28</ele>
</trkpt>
<trkpt lat="-35.638777000" lon="138.295629000">
<ele>28</ele>
</trkpt>
<trkpt lat="-35.638772000" lon="138.295641000">
<ele>28</ele>
</trkpt>
<trkpt lat="-35.638779000" lon="138.295657000">
<ele>28</ele>
</trkpt>
<trkpt lat="-35.638779000" lon="138.295669000">
<ele>28</ele>
</trkpt>
<trkpt lat="-35.638776000" lon="138.295679000">
<ele>28</ele>
</trkpt>
<trkpt lat="-35.638769000" lon="138.295691000">
<ele>28</ele>
</trkpt>
<trkpt lat="-35.638760000" lon="138.295713000">
<ele>28</ele>
</trkpt>
<trkpt lat="-35.638755000" lon="138.295735000">
<ele>28</ele>
</trkpt>
<trkpt lat="-35.638750000" lon="138.295752000">
<ele>29</ele>
</trkpt>
<trkpt lat="-35.638745000" lon="138.295766000">
<ele>29</ele>
</trkpt>
<trkpt lat="-35.638750000" lon="138.295788000">
<ele>29</ele>
</trkpt>
<trkpt lat="-35.638752000" lon="138.295802000">
<ele>28</ele>
</trkpt>
<trkpt lat="-35.638753000" lon="138.295819000">
<ele>28</ele>
</trkpt>
<trkpt lat="-35.638751000" lon="138.295826000">
<ele>28</ele>
</trkpt>
<trkpt lat="-35.638751000" lon="138.295840000">
<ele>28</ele>
</trkpt>
<trkpt lat="-35.638751000" lon="138.295854000">
<ele>28</ele>
</trkpt>
<trkpt lat="-35.638753000" lon="138.295867000">
<ele>28</ele>
</trkpt>
<trkpt lat="-35.638756000" lon="138.295877000">
<ele>28</ele>
</trkpt>
<trkpt lat="-35.638756000" lon="138.295886000">
<ele>28</ele>
</trkpt>
<trkpt lat="-35.638755000" lon="138.295899000">
<ele>28</ele>
</trkpt>
<trkpt lat="-35.638758000" lon="138.295918000">
<ele>28</ele>
</trkpt>
<trkpt lat="-35.638760000" lon="138.295934000">
<ele>28</ele>
</trkpt>
<trkpt lat="-35.638761000" lon="138.295954000">
<ele>28</ele>
</trkpt>
<trkpt lat="-35.638756000" lon="138.295969000">
<ele>28</ele>
</trkpt>
<trkpt lat="-35.638754000" lon="138.295978000">
<ele>28</ele>
</trkpt>
<trkpt lat="-35.638756000" lon="138.295992000">
<ele>28</ele>
</trkpt>
<trkpt lat="-35.638758000" lon="138.296013000">
<ele>28</ele>
</trkpt>
<trkpt lat="-35.638757000" lon="138.296027000">
<ele>28</ele>
</trkpt>
<trkpt lat="-35.638754000" lon="138.296034000">
<ele>28</ele>
</trkpt>
<trkpt lat="-35.638750000" lon="138.296044000">
<ele>29</ele>
</trkpt>
<trkpt lat="-35.638748000" lon="138.296052000">
<ele>29</ele>
</trkpt>
<trkpt lat="-35.638739000" lon="138.296071000">
<ele>29</ele>
</trkpt>
<trkpt lat="-35.638737000" lon="138.296082000">
<ele>29</ele>
</trkpt>
<trkpt lat="-35.638751000" lon="138.296099000">
<ele>28</ele>
</trkpt>
<trkpt lat="-35.638763000" lon="138.296122000">
<ele>28</ele>
</trkpt>
<trkpt lat="-35.638778000" lon="138.296160000">
<ele>27</ele>
</trkpt>
<trkpt lat="-35.638776000" lon="138.296184000">
<ele>27</ele>
</trkpt>
<trkpt lat="-35.638775000" lon="138.296198000">
<ele>27</ele>
</trkpt>
<trkpt lat="-35.638774000" lon="138.296206000">
<ele>27</ele>
</trkpt>
<trkpt lat="-35.638774000" lon="138.296216000">
<ele>27</ele>
</trkpt>
<trkpt lat="-35.638771000" lon="138.296231000">
<ele>27</ele>
</trkpt>
<trkpt lat="-35.638767000" lon="138.296258000">
<ele>27</ele>
</trkpt>
<trkpt lat="-35.638765000" lon="138.296278000">
<ele>27</ele>
</trkpt>
<trkpt lat="-35.638761000" lon="138.296291000">
<ele>27</ele>
</trkpt>
<trkpt lat="-35.638760000" lon="138.296308000">
<ele>27</ele>
</trkpt>
<trkpt lat="-35.638758000" lon="138.296318000">
<ele>27</ele>
</trkpt>
<trkpt lat="-35.638754000" lon="138.296333000">
<ele>27</ele>
</trkpt>
<trkpt lat="-35.638746000" lon="138.296347000">
<ele>27</ele>
</trkpt>
<trkpt lat="-35.638738000" lon="138.296352000">
<ele>27</ele>
</trkpt>
<trkpt lat="-35.638731000" lon="138.296369000">
<ele>28</ele>
</trkpt>
<trkpt lat="-35.638735000" lon="138.296377000">
<ele>27</ele>
</trkpt>
<trkpt lat="-35.638745000" lon="138.296387000">
<ele>27</ele>
</trkpt>
<trkpt lat="-35.638756000" lon="138.296391000">
<ele>26</ele>
</trkpt>
<trkpt lat="-35.638762000" lon="138.296399000">
<ele>26</ele>
</trkpt>
<trkpt lat="-35.638753000" lon="138.296415000">
<ele>26</ele>
</trkpt>
<trkpt lat="-35.638760000" lon="138.296425000">
<ele>25</ele>
</trkpt>
<trkpt lat="-35.638771000" lon="138.296435000">
<ele>24</ele>
</trkpt>
<trkpt lat="-35.638773000" lon="138.296444000">
<ele>24</ele>
</trkpt>
<trkpt lat="-35.638767000" lon="138.296451000">
<ele>24</ele>
</trkpt>
<trkpt lat="-35.638760000" lon="138.296453000">
<ele>25</ele>
</trkpt>
<trkpt lat="-35.638755000" lon="138.296466000">
<ele>24</ele>
</trkpt>
<trkpt lat="-35.638755000" lon="138.296485000">
<ele>24</ele>
</trkpt>
<trkpt lat="-35.638747000" lon="138.296500000">
<ele>24</ele>
</trkpt>
<trkpt lat="-35.638749000" lon="138.296513000">
<ele>24</ele>
</trkpt>
<trkpt lat="-35.638752000" lon="138.296527000">
<ele>23</ele>
</trkpt>
<trkpt lat="-35.638758000" lon="138.296539000">
<ele>23</ele>
</trkpt>
<trkpt lat="-35.638763000" lon="138.296550000">
<ele>22</ele>
</trkpt>
<trkpt lat="-35.638763000" lon="138.296558000">
<ele>22</ele>
</trkpt>
<trkpt lat="-35.638766000" lon="138.296564000">
<ele>22</ele>
</trkpt>
<trkpt lat="-35.638767000" lon="138.296572000">
<ele>21</ele>
</trkpt>
<trkpt lat="-35.638772000" lon="138.296595000">
<ele>21</ele>
</trkpt>
<trkpt lat="-35.638778000" lon="138.296606000">
<ele>20</ele>
</trkpt>
<trkpt lat="-35.638779000" lon="138.296619000">
<ele>20</ele>
</trkpt>
<trkpt lat="-35.638784000" lon="138.296630000">
<ele>19</ele>
</trkpt>
<trkpt lat="-35.638801000" lon="138.296652000">
<ele>18</ele>
</trkpt>
<trkpt lat="-35.638808000" lon="138.296661000">
<ele>18</ele>
</trkpt>
<trkpt lat="-35.638813000" lon="138.296676000">
<ele>17</ele>
</trkpt>
<trkpt lat="-35.638815000" lon="138.296683000">
<ele>17</ele>
</trkpt>
<trkpt lat="-35.638813000" lon="138.296691000">
<ele>17</ele>
</trkpt>
<trkpt lat="-35.638810000" lon="138.296705000">
<ele>17</ele>
</trkpt>
<trkpt lat="-35.638807000" lon="138.296725000">
<ele>16</ele>
</trkpt>
<trkpt lat="-35.638800000" lon="138.296739000">
<ele>17</ele>
</trkpt>
<trkpt lat="-35.638780000" lon="138.296754000">
<ele>17</ele>
</trkpt>
<trkpt lat="-35.638766000" lon="138.296765000">
<ele>18</ele>
</trkpt>
<trkpt lat="-35.638763000" lon="138.296782000">
<ele>17</ele>
</trkpt>
<trkpt lat="-35.638752000" lon="138.296795000">
<ele>18</ele>
</trkpt>
<trkpt lat="-35.638738000" lon="138.296803000">
<ele>18</ele>
</trkpt>
<trkpt lat="-35.638729000" lon="138.296811000">
<ele>18</ele>
</trkpt>
<trkpt lat="-35.638719000" lon="138.296833000">
<ele>18</ele>
</trkpt>
<trkpt lat="-35.638717000" lon="138.296847000">
<ele>18</ele>
</trkpt>
<trkpt lat="-35.638716000" lon="138.296864000">
<ele>18</ele>
</trkpt>
<trkpt lat="-35.638711000" lon="138.296886000">
<ele>18</ele>
</trkpt>
<trkpt lat="-35.638710000" lon="138.296903000">
<ele>17</ele>
</trkpt>
<trkpt lat="-35.638706000" lon="138.296927000">
<ele>17</ele>
</trkpt>
<trkpt lat="-35.638703000" lon="138.296948000">
<ele>17</ele>
</trkpt>
<trkpt lat="-35.638699000" lon="138.296969000">
<ele>17</ele>
</trkpt>
<trkpt lat="-35.638693000" lon="138.296994000">
<ele>17</ele>
</trkpt>
<trkpt lat="-35.638681000" lon="138.297018000">
<ele>17</ele>
</trkpt>
<trkpt lat="-35.638665000" lon="138.297039000">
<ele>17</ele>
</trkpt>
<trkpt lat="-35.638645000" lon="138.297055000">
<ele>17</ele>
</trkpt>
<trkpt lat="-35.638627000" lon="138.297070000">
<ele>18</ele>
</trkpt>
<trkpt lat="-35.638608000" lon="138.297085000">
<ele>18</ele>
</trkpt>
<trkpt lat="-35.638588000" lon="138.297096000">
<ele>19</ele>
</trkpt>
<trkpt lat="-35.638571000" lon="138.297113000">
<ele>19</ele>
</trkpt>
<trkpt lat="-35.638554000" lon="138.297127000">
<ele>19</ele>
</trkpt>
<trkpt lat="-35.638539000" lon="138.297145000">
<ele>19</ele>
</trkpt>
<trkpt lat="-35.638524000" lon="138.297163000">
<ele>19</ele>
</trkpt>
<trkpt lat="-35.638511000" lon="138.297182000">
<ele>19</ele>
</trkpt>
<trkpt lat="-35.638497000" lon="138.297203000">
<ele>19</ele>
</trkpt>
<trkpt lat="-35.638481000" lon="138.297224000">
<ele>19</ele>
</trkpt>
<trkpt lat="-35.638464000" lon="138.297240000">
<ele>19</ele>
</trkpt>
<trkpt lat="-35.638446000" lon="138.297260000">
<ele>20</ele>
</trkpt>
<trkpt lat="-35.638431000" lon="138.297275000">
<ele>20</ele>
</trkpt>
<trkpt lat="-35.638417000" lon="138.297292000">
<ele>20</ele>
</trkpt>
<trkpt lat="-35.638407000" lon="138.297304000">
<ele>20</ele>
</trkpt>
<trkpt lat="-35.638399000" lon="138.297314000">
<ele>20</ele>
</trkpt>
<trkpt lat="-35.638385000" lon="138.297327000">
<ele>21</ele>
</trkpt>
<trkpt lat="-35.638369000" lon="138.297341000">
<ele>21</ele>
</trkpt>
<trkpt lat="-35.638356000" lon="138.297353000">
<ele>21</ele>
</trkpt>
<trkpt lat="-35.638341000" lon="138.297367000">
<ele>21</ele>
</trkpt>
<trkpt lat="-35.638326000" lon="138.297367000">
<ele>22</ele>
</trkpt>
<trkpt lat="-35.638315000" lon="138.297370000">
<ele>22</ele>
</trkpt>
<trkpt lat="-35.638298000" lon="138.297374000">
<ele>22</ele>
</trkpt>
<trkpt lat="-35.638285000" lon="138.297381000">
<ele>22</ele>
</trkpt>
<trkpt lat="-35.638284000" lon="138.297389000">
<ele>22</ele>
</trkpt>
<trkpt lat="-35.638284000" lon="138.297402000">
<ele>22</ele>
</trkpt>
<trkpt lat="-35.638278000" lon="138.297417000">
<ele>22</ele>
</trkpt>
<trkpt lat="-35.638270000" lon="138.297443000">
<ele>21</ele>
</trkpt>
<trkpt lat="-35.638266000" lon="138.297463000">
<ele>21</ele>
</trkpt>
<trkpt lat="-35.638273000" lon="138.297482000">
<ele>21</ele>
</trkpt>
<trkpt lat="-35.638288000" lon="138.297494000">
<ele>20</ele>
</trkpt>
<trkpt lat="-35.638304000" lon="138.297512000">
<ele>20</ele>
</trkpt>
<trkpt lat="-35.638307000" lon="138.297541000">
<ele>19</ele>
</trkpt>
<trkpt lat="-35.638311000" lon="138.297570000">
<ele>19</ele>
</trkpt>
<trkpt lat="-35.638316000" lon="138.297602000">
<ele>18</ele>
</trkpt>
<trkpt lat="-35.638318000" lon="138.297634000">
<ele>18</ele>
</trkpt>
<trkpt lat="-35.638322000" lon="138.297667000">
<ele>17</ele>
</trkpt>
<trkpt lat="-35.638326000" lon="138.297696000">
<ele>17</ele>
</trkpt>
<trkpt lat="-35.638327000" lon="138.297727000">
<ele>17</ele>
</trkpt>
<trkpt lat="-35.638327000" lon="138.297756000">
<ele>16</ele>
</trkpt>
<trkpt lat="-35.638320000" lon="138.297786000">
<ele>16</ele>
</trkpt>
<trkpt lat="-35.638315000" lon="138.297805000">
<ele>16</ele>
</trkpt>
<trkpt lat="-35.638313000" lon="138.297819000">
<ele>16</ele>
</trkpt>
<trkpt lat="-35.638313000" lon="138.297832000">
<ele>16</ele>
</trkpt>
<trkpt lat="-35.638306000" lon="138.297847000">
<ele>17</ele>
</trkpt>
<trkpt lat="-35.638305000" lon="138.297867000">
<ele>17</ele>
</trkpt>
<trkpt lat="-35.638302000" lon="138.297884000">
<ele>17</ele>
</trkpt>
<trkpt lat="-35.638298000" lon="138.297903000">
<ele>17</ele>
</trkpt>
<trkpt lat="-35.638293000" lon="138.297944000">
<ele>17</ele>
</trkpt>
<trkpt lat="-35.638291000" lon="138.297964000">
<ele>17</ele>
</trkpt>
<trkpt lat="-35.638286000" lon="138.297980000">
<ele>17</ele>
</trkpt>
<trkpt lat="-35.638282000" lon="138.297998000">
<ele>17</ele>
</trkpt>
<trkpt lat="-35.638278000" lon="138.298017000">
<ele>17</ele>
</trkpt>
<trkpt lat="-35.638270000" lon="138.298036000">
<ele>17</ele>
</trkpt>
<trkpt lat="-35.638260000" lon="138.298057000">
<ele>18</ele>
</trkpt>
<trkpt lat="-35.638259000" lon="138.298077000">
<ele>18</ele>
</trkpt>
<trkpt lat="-35.638265000" lon="138.298099000">
<ele>17</ele>
</trkpt>
<trkpt lat="-35.638261000" lon="138.298124000">
<ele>18</ele>
</trkpt>
<trkpt lat="-35.638254000" lon="138.298145000">
<ele>18</ele>
</trkpt>
<trkpt lat="-35.638250000" lon="138.298168000">
<ele>18</ele>
</trkpt>
<trkpt lat="-35.638248000" lon="138.298190000">
<ele>18</ele>
</trkpt>
<trkpt lat="-35.638249000" lon="138.298204000">
<ele>18</ele>
</trkpt>
<trkpt lat="-35.638245000" lon="138.298217000">
<ele>18</ele>
</trkpt>
<trkpt lat="-35.638244000" lon="138.298232000">
<ele>18</ele>
</trkpt>
<trkpt lat="-35.638244000" lon="138.298249000">
<ele>18</ele>
</trkpt>
<trkpt lat="-35.638244000" lon="138.298268000">
<ele>18</ele>
</trkpt>
<trkpt lat="-35.638246000" lon="138.298287000">
<ele>18</ele>
</trkpt>
<trkpt lat="-35.638244000" lon="138.298309000">
<ele>19</ele>
</trkpt>
<trkpt lat="-35.638243000" lon="138.298333000">
<ele>19</ele>
</trkpt>
<trkpt lat="-35.638243000" lon="138.298355000">
<ele>18</ele>
</trkpt>
<trkpt lat="-35.638241000" lon="138.298376000">
<ele>18</ele>
</trkpt>
<trkpt lat="-35.638231000" lon="138.298398000">
<ele>19</ele>
</trkpt>
<trkpt lat="-35.638224000" lon="138.298417000">
<ele>19</ele>
</trkpt>
<trkpt lat="-35.638217000" lon="138.298435000">
<ele>19</ele>
</trkpt>
<trkpt lat="-35.638211000" lon="138.298453000">
<ele>19</ele>
</trkpt>
<trkpt lat="-35.638202000" lon="138.298472000">
<ele>19</ele>
</trkpt>
<trkpt lat="-35.638191000" lon="138.298490000">
<ele>20</ele>
</trkpt>
<trkpt lat="-35.638186000" lon="138.298510000">
<ele>20</ele>
</trkpt>
<trkpt lat="-35.638178000" lon="138.298527000">
<ele>20</ele>
</trkpt>
<trkpt lat="-35.638171000" lon="138.298545000">
<ele>20</ele>
</trkpt>
<trkpt lat="-35.638163000" lon="138.298564000">
<ele>20</ele>
</trkpt>
<trkpt lat="-35.638155000" lon="138.298586000">
<ele>21</ele>
</trkpt>
<trkpt lat="-35.638145000" lon="138.298608000">
<ele>21</ele>
</trkpt>
<trkpt lat="-35.638141000" lon="138.298620000">
<ele>21</ele>
</trkpt>
<trkpt lat="-35.638134000" lon="138.298638000">
<ele>21</ele>
</trkpt>
<trkpt lat="-35.638126000" lon="138.298653000">
<ele>21</ele>
</trkpt>
<trkpt lat="-35.638120000" lon="138.298671000">
<ele>21</ele>
</trkpt>
<trkpt lat="-35.638115000" lon="138.298686000">
<ele>21</ele>
</trkpt>
<trkpt lat="-35.638107000" lon="138.298697000">
<ele>21</ele>
</trkpt>
<trkpt lat="-35.638105000" lon="138.298718000">
<ele>21</ele>
</trkpt>
<trkpt lat="-35.638106000" lon="138.298743000">
<ele>20</ele>
</trkpt>
<trkpt lat="-35.638102000" lon="138.298777000">
<ele>20</ele>
</trkpt>
<trkpt lat="-35.638098000" lon="138.298795000">
<ele>20</ele>
</trkpt>
<trkpt lat="-35.638097000" lon="138.298813000">
<ele>20</ele>
</trkpt>
<trkpt lat="-35.638102000" lon="138.298835000">
<ele>19</ele>
</trkpt>
<trkpt lat="-35.638105000" lon="138.298856000">
<ele>19</ele>
</trkpt>
<trkpt lat="-35.638104000" lon="138.298874000">
<ele>19</ele>
</trkpt>
<trkpt lat="-35.638107000" lon="138.298892000">
<ele>18</ele>
</trkpt>
<trkpt lat="-35.638050000" lon="138.298981000">
<ele>19</ele>
</trkpt>
<trkpt lat="-35.638007000" lon="138.299037000">
<ele>20</ele>
</trkpt>
<trkpt lat="-35.637963000" lon="138.299094000">
<ele>21</ele>
</trkpt>
<trkpt lat="-35.637920000" lon="138.299206000">
<ele>21</ele>
</trkpt>
<trkpt lat="-35.637878000" lon="138.299318000">
<ele>22</ele>
</trkpt>
<trkpt lat="-35.637834000" lon="138.299374000">
<ele>23</ele>
</trkpt>
<trkpt lat="-35.637835000" lon="138.299430000">
<ele>23</ele>
</trkpt>
<trkpt lat="-35.637836000" lon="138.299485000">
<ele>22</ele>
</trkpt>
<trkpt lat="-35.637838000" lon="138.299540000">
<ele>21</ele>
</trkpt>
<trkpt lat="-35.637840000" lon="138.299650000">
<ele>20</ele>
</trkpt>
<trkpt lat="-35.637843000" lon="138.299761000">
<ele>18</ele>
</trkpt>
<trkpt lat="-35.637844000" lon="138.299816000">
<ele>17</ele>
</trkpt>
<trkpt lat="-35.637845000" lon="138.299871000">
<ele>16</ele>
</trkpt>
<trkpt lat="-35.637846000" lon="138.299926000">
<ele>15</ele>
</trkpt>
<trkpt lat="-35.637848000" lon="138.299981000">
<ele>14</ele>
</trkpt>
<trkpt lat="-35.637849000" lon="138.300036000">
<ele>13</ele>
</trkpt>
<trkpt lat="-35.637850000" lon="138.300091000">
<ele>13</ele>
</trkpt>
<trkpt lat="-35.637851000" lon="138.300147000">
<ele>13</ele>
</trkpt>
<trkpt lat="-35.637853000" lon="138.300202000">
<ele>13</ele>
</trkpt>
<trkpt lat="-35.637855000" lon="138.300312000">
<ele>13</ele>
</trkpt>
<trkpt lat="-35.637856000" lon="138.300367000">
<ele>13</ele>
</trkpt>
<trkpt lat="-35.637903000" lon="138.300421000">
<ele>13</ele>
</trkpt>
<trkpt lat="-35.637904000" lon="138.300476000">
<ele>13</ele>
</trkpt>
<trkpt lat="-35.637906000" lon="138.300586000">
<ele>13</ele>
</trkpt>
<trkpt lat="-35.638043000" lon="138.300637000">
<ele>12</ele>
</trkpt>
<trkpt lat="-35.638107000" lon="138.300717000">
<ele>10</ele>
</trkpt>
<trkpt lat="-35.638117000" lon="138.300744000">
<ele>9</ele>
</trkpt>
<trkpt lat="-35.638132000" lon="138.300775000">
<ele>9</ele>
</trkpt>
<trkpt lat="-35.638146000" lon="138.300812000">
<ele>8</ele>
</trkpt>
<trkpt lat="-35.638163000" lon="138.300845000">
<ele>7</ele>
</trkpt>
<trkpt lat="-35.638169000" lon="138.300874000">
<ele>8</ele>
</trkpt>
<trkpt lat="-35.638182000" lon="138.300891000">
<ele>7</ele>
</trkpt>
<trkpt lat="-35.638191000" lon="138.300920000">
<ele>8</ele>
</trkpt>
<trkpt lat="-35.638206000" lon="138.300947000">
<ele>8</ele>
</trkpt>
<trkpt lat="-35.638229000" lon="138.300999000">
<ele>8</ele>
</trkpt>
<trkpt lat="-35.638245000" lon="138.301041000">
<ele>9</ele>
</trkpt>
<trkpt lat="-35.638264000" lon="138.301090000">
<ele>10</ele>
</trkpt>
<trkpt lat="-35.638278000" lon="138.301138000">
<ele>10</ele>
</trkpt>
<trkpt lat="-35.638296000" lon="138.301169000">
<ele>10</ele>
</trkpt>
<trkpt lat="-35.638307000" lon="138.301224000">
<ele>10</ele>
</trkpt>
<trkpt lat="-35.638315000" lon="138.301278000">
<ele>9</ele>
</trkpt>
<trkpt lat="-35.638316000" lon="138.301316000">
<ele>9</ele>
</trkpt>
<trkpt lat="-35.638313000" lon="138.301359000">
<ele>9</ele>
</trkpt>
<trkpt lat="-35.638318000" lon="138.301411000">
<ele>9</ele>
</trkpt>
<trkpt lat="-35.638320000" lon="138.301445000">
<ele>9</ele>
</trkpt>
<trkpt lat="-35.638321000" lon="138.301472000">
<ele>9</ele>
</trkpt>
<trkpt lat="-35.638331000" lon="138.301525000">
<ele>9</ele>
</trkpt>
<trkpt lat="-35.638332000" lon="138.301552000">
<ele>8</ele>
</trkpt>
<trkpt lat="-35.638334000" lon="138.301590000">
<ele>8</ele>
</trkpt>
<trkpt lat="-35.638335000" lon="138.301617000">
<ele>8</ele>
</trkpt>
<trkpt lat="-35.638348000" lon="138.301659000">
<ele>8</ele>
</trkpt>
<trkpt lat="-35.638353000" lon="138.301695000">
<ele>7</ele>
</trkpt>
<trkpt lat="-35.638361000" lon="138.301733000">
<ele>7</ele>
</trkpt>
<trkpt lat="-35.638362000" lon="138.301779000">
<ele>7</ele>
</trkpt>
<trkpt lat="-35.638359000" lon="138.301819000">
<ele>7</ele>
</trkpt>
<trkpt lat="-35.638357000" lon="138.301857000">
<ele>7</ele>
</trkpt>
<trkpt lat="-35.638346000" lon="138.301891000">
<ele>8</ele>
</trkpt>
<trkpt lat="-35.638343000" lon="138.301939000">
<ele>8</ele>
</trkpt>
<trkpt lat="-35.638341000" lon="138.302017000">
<ele>8</ele>
</trkpt>
<trkpt lat="-35.638354000" lon="138.302078000">
<ele>7</ele>
</trkpt>
<trkpt lat="-35.638352000" lon="138.302144000">
<ele>7</ele>
</trkpt>
<trkpt lat="-35.638352000" lon="138.302219000">
<ele>7</ele>
</trkpt>
<trkpt lat="-35.638350000" lon="138.302290000">
<ele>8</ele>
</trkpt>
<trkpt lat="-35.638340000" lon="138.302365000">
<ele>8</ele>
</trkpt>
<trkpt lat="-35.638339000" lon="138.302431000">
<ele>8</ele>
</trkpt>
<trkpt lat="-35.638341000" lon="138.302516000">
<ele>8</ele>
</trkpt>
<trkpt lat="-35.638341000" lon="138.302587000">
<ele>8</ele>
</trkpt>
<trkpt lat="-35.638339000" lon="138.302678000">
<ele>8</ele>
</trkpt>
<trkpt lat="-35.638345000" lon="138.302769000">
<ele>9</ele>
</trkpt>
<trkpt lat="-35.638349000" lon="138.302850000">
<ele>9</ele>
</trkpt>
<trkpt lat="-35.638347000" lon="138.302933000">
<ele>9</ele>
</trkpt>
<trkpt lat="-35.638349000" lon="138.303013000">
<ele>9</ele>
</trkpt>
<trkpt lat="-35.638351000" lon="138.303107000">
<ele>10</ele>
</trkpt>
<trkpt lat="-35.638357000" lon="138.303191000">
<ele>10</ele>
</trkpt>
<trkpt lat="-35.638356000" lon="138.303276000">
<ele>11</ele>
</trkpt>
<trkpt lat="-35.638358000" lon="138.303363000">
<ele>11</ele>
</trkpt>
<trkpt lat="-35.638362000" lon="138.303462000">
<ele>11</ele>
</trkpt>
<trkpt lat="-35.638365000" lon="138.303572000">
<ele>11</ele>
</trkpt>
<trkpt lat="-35.638369000" lon="138.303659000">
<ele>11</ele>
</trkpt>
<trkpt lat="-35.638373000" lon="138.303771000">
<ele>11</ele>
</trkpt>
<trkpt lat="-35.638372000" lon="138.303902000">
<ele>11</ele>
</trkpt>
<trkpt lat="-35.638374000" lon="138.304003000">
<ele>10</ele>
</trkpt>
<trkpt lat="-35.638374000" lon="138.304103000">
<ele>10</ele>
</trkpt>
<trkpt lat="-35.638375000" lon="138.304173000">
<ele>9</ele>
</trkpt>
<trkpt lat="-35.638381000" lon="138.304247000">
<ele>9</ele>
</trkpt>
<trkpt lat="-35.638392000" lon="138.304344000">
<ele>8</ele>
</trkpt>
<trkpt lat="-35.638403000" lon="138.304457000">
<ele>7</ele>
</trkpt>
<trkpt lat="-35.638414000" lon="138.304561000">
<ele>7</ele>
</trkpt>
<trkpt lat="-35.638422000" lon="138.304655000">
<ele>7</ele>
</trkpt>
<trkpt lat="-35.638436000" lon="138.304767000">
<ele>6</ele>
</trkpt>
<trkpt lat="-35.638472000" lon="138.304888000">
<ele>5</ele>
</trkpt>
<trkpt lat="-35.638505000" lon="138.304965000">
<ele>3</ele>
</trkpt>
<trkpt lat="-35.638514000" lon="138.305019000">
<ele>3</ele>
</trkpt>
<trkpt lat="-35.638515000" lon="138.305091000">
<ele>3</ele>
</trkpt>
<trkpt lat="-35.638500000" lon="138.305183000">
<ele>3</ele>
</trkpt>
<trkpt lat="-35.638486000" lon="138.305250000">
<ele>4</ele>
</trkpt>
<trkpt lat="-35.638483000" lon="138.305300000">
<ele>4</ele>
</trkpt>
<trkpt lat="-35.638491000" lon="138.305352000">
<ele>4</ele>
</trkpt>
<trkpt lat="-35.638501000" lon="138.305434000">
<ele>3</ele>
</trkpt>
<trkpt lat="-35.638506000" lon="138.305550000">
<ele>3</ele>
</trkpt>
<trkpt lat="-35.638514000" lon="138.305659000">
<ele>3</ele>
</trkpt>
<trkpt lat="-35.638520000" lon="138.305764000">
<ele>3</ele>
</trkpt>
<trkpt lat="-35.638520000" lon="138.305847000">
<ele>3</ele>
</trkpt>
<trkpt lat="-35.638527000" lon="138.305896000">
<ele>3</ele>
</trkpt>
<trkpt lat="-35.638546000" lon="138.305964000">
<ele>4</ele>
</trkpt>
<trkpt lat="-35.638574000" lon="138.306055000">
<ele>4</ele>
</trkpt>
<trkpt lat="-35.638599000" lon="138.306130000">
<ele>4</ele>
</trkpt>
<trkpt lat="-35.638630000" lon="138.306230000">
<ele>5</ele>
</trkpt>
<trkpt lat="-35.638649000" lon="138.306300000">
<ele>5</ele>
</trkpt>
<trkpt lat="-35.638671000" lon="138.306370000">
<ele>5</ele>
</trkpt>
<trkpt lat="-35.638684000" lon="138.306450000">
<ele>5</ele>
</trkpt>
<trkpt lat="-35.638698000" lon="138.306554000">
<ele>6</ele>
</trkpt>
<trkpt lat="-35.638706000" lon="138.306649000">
<ele>6</ele>
</trkpt>
<trkpt lat="-35.638716000" lon="138.306748000">
<ele>6</ele>
</trkpt>
<trkpt lat="-35.638726000" lon="138.306851000">
<ele>5</ele>
</trkpt>
<trkpt lat="-35.638733000" lon="138.306923000">
<ele>5</ele>
</trkpt>
<trkpt lat="-35.638735000" lon="138.307008000">
<ele>5</ele>
</trkpt>
<trkpt lat="-35.638737000" lon="138.307070000">
<ele>5</ele>
</trkpt>
<trkpt lat="-35.638738000" lon="138.307143000">
<ele>5</ele>
</trkpt>
<trkpt lat="-35.638741000" lon="138.307215000">
<ele>5</ele>
</trkpt>
<trkpt lat="-35.638742000" lon="138.307326000">
<ele>5</ele>
</trkpt>
<trkpt lat="-35.638743000" lon="138.307447000">
<ele>5</ele>
</trkpt>
<trkpt lat="-35.638746000" lon="138.307554000">
<ele>6</ele>
</trkpt>
<trkpt lat="-35.638748000" lon="138.307641000">
<ele>7</ele>
</trkpt>
<trkpt lat="-35.638750000" lon="138.307709000">
<ele>8</ele>
</trkpt>
<trkpt lat="-35.638744000" lon="138.307796000">
<ele>9</ele>
</trkpt>
<trkpt lat="-35.638736000" lon="138.307891000">
<ele>9</ele>
</trkpt>
<trkpt lat="-35.638731000" lon="138.307980000">
<ele>9</ele>
</trkpt>
<trkpt lat="-35.638727000" lon="138.308067000">
<ele>9</ele>
</trkpt>
<trkpt lat="-35.638727000" lon="138.308154000">
<ele>9</ele>
</trkpt>
<trkpt lat="-35.638729000" lon="138.308242000">
<ele>10</ele>
</trkpt>
<trkpt lat="-35.638728000" lon="138.308348000">
<ele>10</ele>
</trkpt>
<trkpt lat="-35.638730000" lon="138.308436000">
<ele>10</ele>
</trkpt>
<trkpt lat="-35.638732000" lon="138.308518000">
<ele>10</ele>
</trkpt>
<trkpt lat="-35.638738000" lon="138.308601000">
<ele>10</ele>
</trkpt>
<trkpt lat="-35.638742000" lon="138.308679000">
<ele>10</ele>
</trkpt>
<trkpt lat="-35.638747000" lon="138.308781000">
<ele>10</ele>
</trkpt>
<trkpt lat="-35.638755000" lon="138.308858000">
<ele>10</ele>
</trkpt>
<trkpt lat="-35.638764000" lon="138.308926000">
<ele>10</ele>
</trkpt>
<trkpt lat="-35.638772000" lon="138.309014000">
<ele>9</ele>
</trkpt>
<trkpt lat="-35.638778000" lon="138.309082000">
<ele>9</ele>
</trkpt>
<trkpt lat="-35.638784000" lon="138.309143000">
<ele>9</ele>
</trkpt>
<trkpt lat="-35.638788000" lon="138.309176000">
<ele>8</ele>
</trkpt>
<trkpt lat="-35.638798000" lon="138.309237000">
<ele>8</ele>
</trkpt>
<trkpt lat="-35.638809000" lon="138.309305000">
<ele>8</ele>
</trkpt>
<trkpt lat="-35.638820000" lon="138.309366000">
<ele>7</ele>
</trkpt>
<trkpt lat="-35.638831000" lon="138.309440000">
<ele>7</ele>
</trkpt>
<trkpt lat="-35.638839000" lon="138.309495000">
<ele>7</ele>
</trkpt>
<trkpt lat="-35.638842000" lon="138.309553000">
<ele>7</ele>
</trkpt>
<trkpt lat="-35.638846000" lon="138.309641000">
<ele>6</ele>
</trkpt>
<trkpt lat="-35.638851000" lon="138.309717000">
<ele>6</ele>
</trkpt>
<trkpt lat="-35.638854000" lon="138.309785000">
<ele>7</ele>
</trkpt>
<trkpt lat="-35.638852000" lon="138.309880000">
<ele>7</ele>
</trkpt>
<trkpt lat="-35.638851000" lon="138.309972000">
<ele>7</ele>
</trkpt>
<trkpt lat="-35.638848000" lon="138.310048000">
<ele>8</ele>
</trkpt>
<trkpt lat="-35.638846000" lon="138.310122000">
<ele>8</ele>
</trkpt>
<trkpt lat="-35.638843000" lon="138.310193000">
<ele>8</ele>
</trkpt>
<trkpt lat="-35.638844000" lon="138.310269000">
<ele>9</ele>
</trkpt>
<trkpt lat="-35.638844000" lon="138.310358000">
<ele>9</ele>
</trkpt>
<trkpt lat="-35.638844000" lon="138.310448000">
<ele>8</ele>
</trkpt>
<trkpt lat="-35.638848000" lon="138.310508000">
<ele>8</ele>
</trkpt>
<trkpt lat="-35.638847000" lon="138.310558000">
<ele>8</ele>
</trkpt>
<trkpt lat="-35.638832000" lon="138.310625000">
<ele>7</ele>
</trkpt>
<trkpt lat="-35.638818000" lon="138.310711000">
<ele>7</ele>
</trkpt>
<trkpt lat="-35.638801000" lon="138.310798000">
<ele>6</ele>
</trkpt>
<trkpt lat="-35.638792000" lon="138.310871000">
<ele>6</ele>
</trkpt>
<trkpt lat="-35.638789000" lon="138.310975000">
<ele>5</ele>
</trkpt>
<trkpt lat="-35.638785000" lon="138.311060000">
<ele>5</ele>
</trkpt>
<trkpt lat="-35.638776000" lon="138.311144000">
<ele>5</ele>
</trkpt>
<trkpt lat="-35.638766000" lon="138.311238000">
<ele>5</ele>
</trkpt>
<trkpt lat="-35.638758000" lon="138.311328000">
<ele>5</ele>
</trkpt>
<trkpt lat="-35.638747000" lon="138.311401000">
<ele>5</ele>
</trkpt>
<trkpt lat="-35.638728000" lon="138.311478000">
<ele>5</ele>
</trkpt>
<trkpt lat="-35.638718000" lon="138.311528000">
<ele>5</ele>
</trkpt>
<trkpt lat="-35.638705000" lon="138.311552000">
<ele>5</ele>
</trkpt>
<trkpt lat="-35.638683000" lon="138.311582000">
<ele>5</ele>
</trkpt>
<trkpt lat="-35.638658000" lon="138.311612000">
<ele>5</ele>
</trkpt>
<trkpt lat="-35.638640000" lon="138.311639000">
<ele>5</ele>
</trkpt>
<trkpt lat="-35.638624000" lon="138.311664000">
<ele>5</ele>
</trkpt>
<trkpt lat="-35.638610000" lon="138.311692000">
<ele>5</ele>
</trkpt>
<trkpt lat="-35.638597000" lon="138.311720000">
<ele>5</ele>
</trkpt>
<trkpt lat="-35.638590000" lon="138.311747000">
<ele>5</ele>
</trkpt>
<trkpt lat="-35.638589000" lon="138.311777000">
<ele>5</ele>
</trkpt>
<trkpt lat="-35.638594000" lon="138.311818000">
<ele>5</ele>
</trkpt>
<trkpt lat="-35.638604000" lon="138.311857000">
<ele>5</ele>
</trkpt>
<trkpt lat="-35.638576000" lon="138.312157000">
<ele>6</ele>
</trkpt>
<trkpt lat="-35.638562000" lon="138.312657000">
<ele>6</ele>
</trkpt>
<trkpt lat="-35.638543000" lon="138.312970000">
<ele>8</ele>
</trkpt>
<trkpt lat="-35.638606000" lon="138.313499000">
<ele>9</ele>
</trkpt>
<trkpt lat="-35.638565000" lon="138.313968000">
<ele>10</ele>
</trkpt>
<trkpt lat="-35.638580000" lon="138.314623000">
<ele>12</ele>
</trkpt>
<trkpt lat="-35.638569000" lon="138.315279000">
<ele>9</ele>
</trkpt>
<trkpt lat="-35.638623000" lon="138.315635000">
<ele>9</ele>
</trkpt>
<trkpt lat="-35.638671000" lon="138.315781000">
<ele>8</ele>
</trkpt>
<trkpt lat="-35.638700000" lon="138.315950000">
<ele>7</ele>
</trkpt>
<trkpt lat="-35.638703000" lon="138.316083000">
<ele>6</ele>
</trkpt>
<trkpt lat="-35.638721000" lon="138.316167000">
<ele>6</ele>
</trkpt>
<trkpt lat="-35.638733000" lon="138.316265000">
<ele>6</ele>
</trkpt>
<trkpt lat="-35.638742000" lon="138.316322000">
<ele>6</ele>
</trkpt>
<trkpt lat="-35.638736000" lon="138.316406000">
<ele>6</ele>
</trkpt>
<trkpt lat="-35.638732000" lon="138.316434000">
<ele>6</ele>
</trkpt>
<trkpt lat="-35.638721000" lon="138.316470000">
<ele>6</ele>
</trkpt>
<trkpt lat="-35.638711000" lon="138.316496000">
<ele>6</ele>
</trkpt>
<trkpt lat="-35.638710000" lon="138.316526000">
<ele>6</ele>
</trkpt>
<trkpt lat="-35.638708000" lon="138.316556000">
<ele>7</ele>
</trkpt>
<trkpt lat="-35.638705000" lon="138.316587000">
<ele>7</ele>
</trkpt>
<trkpt lat="-35.638703000" lon="138.316619000">
<ele>7</ele>
</trkpt>
<trkpt lat="-35.638696000" lon="138.316651000">
<ele>7</ele>
</trkpt>
<trkpt lat="-35.638687000" lon="138.316682000">
<ele>7</ele>
</trkpt>
<trkpt lat="-35.638677000" lon="138.316714000">
<ele>7</ele>
</trkpt>
<trkpt lat="-35.638669000" lon="138.316745000">
<ele>7</ele>
</trkpt>
<trkpt lat="-35.638663000" lon="138.316777000">
<ele>6</ele>
</trkpt>
<trkpt lat="-35.638658000" lon="138.316809000">
<ele>6</ele>
</trkpt>
<trkpt lat="-35.638651000" lon="138.316841000">
<ele>6</ele>
</trkpt>
<trkpt lat="-35.638668000" lon="138.316870000">
<ele>6</ele>
</trkpt>
<trkpt lat="-35.638693000" lon="138.316887000">
<ele>6</ele>
</trkpt>
<trkpt lat="-35.638695000" lon="138.316951000">
<ele>6</ele>
</trkpt>
<trkpt lat="-35.638692000" lon="138.317013000">
<ele>6</ele>
</trkpt>
<trkpt lat="-35.638695000" lon="138.317041000">
<ele>6</ele>
</trkpt>
<trkpt lat="-35.638698000" lon="138.317074000">
<ele>6</ele>
</trkpt>
<trkpt lat="-35.638703000" lon="138.317113000">
<ele>6</ele>
</trkpt>
<trkpt lat="-35.638703000" lon="138.317134000">
<ele>6</ele>
</trkpt>
<trkpt lat="-35.638706000" lon="138.317158000">
<ele>6</ele>
</trkpt>
<trkpt lat="-35.638710000" lon="138.317182000">
<ele>6</ele>
</trkpt>
<trkpt lat="-35.638707000" lon="138.317208000">
<ele>6</ele>
</trkpt>
<trkpt lat="-35.638707000" lon="138.317235000">
<ele>6</ele>
</trkpt>
<trkpt lat="-35.638709000" lon="138.317264000">
<ele>6</ele>
</trkpt>
<trkpt lat="-35.638711000" lon="138.317291000">
<ele>6</ele>
</trkpt>
<trkpt lat="-35.638713000" lon="138.317319000">
<ele>6</ele>
</trkpt>
<trkpt lat="-35.638716000" lon="138.317348000">
<ele>6</ele>
</trkpt>
<trkpt lat="-35.638716000" lon="138.317375000">
<ele>6</ele>
</trkpt>
<trkpt lat="-35.638715000" lon="138.317402000">
<ele>6</ele>
</trkpt>
<trkpt lat="-35.638718000" lon="138.317431000">
<ele>7</ele>
</trkpt>
<trkpt lat="-35.638723000" lon="138.317462000">
<ele>7</ele>
</trkpt>
<trkpt lat="-35.638726000" lon="138.317492000">
<ele>7</ele>
</trkpt>
<trkpt lat="-35.638727000" lon="138.317523000">
<ele>7</ele>
</trkpt>
<trkpt lat="-35.638727000" lon="138.317554000">
<ele>7</ele>
</trkpt>
<trkpt lat="-35.638730000" lon="138.317585000">
<ele>8</ele>
</trkpt>
<trkpt lat="-35.638733000" lon="138.317616000">
<ele>8</ele>
</trkpt>
<trkpt lat="-35.638733000" lon="138.317647000">
<ele>8</ele>
</trkpt>
<trkpt lat="-35.638732000" lon="138.317677000">
<ele>9</ele>
</trkpt>
<trkpt lat="-35.638733000" lon="138.317708000">
<ele>9</ele>
</trkpt>
<trkpt lat="-35.638734000" lon="138.317737000">
<ele>9</ele>
</trkpt>
<trkpt lat="-35.638737000" lon="138.317767000">
<ele>10</ele>
</trkpt>
<trkpt lat="-35.638737000" lon="138.317798000">
<ele>10</ele>
</trkpt>
<trkpt lat="-35.638735000" lon="138.317828000">
<ele>10</ele>
</trkpt>
<trkpt lat="-35.638734000" lon="138.317857000">
<ele>10</ele>
</trkpt>
<trkpt lat="-35.638734000" lon="138.317886000">
<ele>10</ele>
</trkpt>
<trkpt lat="-35.638732000" lon="138.317916000">
<ele>9</ele>
</trkpt>
<trkpt lat="-35.638730000" lon="138.317945000">
<ele>9</ele>
</trkpt>
<trkpt lat="-35.638736000" lon="138.318033000">
<ele>9</ele>
</trkpt>
<trkpt lat="-35.638739000" lon="138.318062000">
<ele>9</ele>
</trkpt>
<trkpt lat="-35.638739000" lon="138.318093000">
<ele>9</ele>
</trkpt>
<trkpt lat="-35.638738000" lon="138.318108000">
<ele>9</ele>
</trkpt>
<trkpt lat="-35.638746000" lon="138.318148000">
<ele>8</ele>
</trkpt>
<trkpt lat="-35.638741000" lon="138.318177000">
<ele>8</ele>
</trkpt>
<trkpt lat="-35.638740000" lon="138.318190000">
<ele>8</ele>
</trkpt>
<trkpt lat="-35.638738000" lon="138.318210000">
<ele>8</ele>
</trkpt>
<trkpt lat="-35.638734000" lon="138.318232000">
<ele>8</ele>
</trkpt>
<trkpt lat="-35.638733000" lon="138.318258000">
<ele>8</ele>
</trkpt>
<trkpt lat="-35.638734000" lon="138.318286000">
<ele>7</ele>
</trkpt>
<trkpt lat="-35.638733000" lon="138.318313000">
<ele>7</ele>
</trkpt>
<trkpt lat="-35.638731000" lon="138.318340000">
<ele>7</ele>
</trkpt>
<trkpt lat="-35.638729000" lon="138.318367000">
<ele>7</ele>
</trkpt>
<trkpt lat="-35.638726000" lon="138.318395000">
<ele>7</ele>
</trkpt>
<trkpt lat="-35.638726000" lon="138.318424000">
<ele>7</ele>
</trkpt>
<trkpt lat="-35.638724000" lon="138.318455000">
<ele>7</ele>
</trkpt>
<trkpt lat="-35.638721000" lon="138.318482000">
<ele>7</ele>
</trkpt>
<trkpt lat="-35.638720000" lon="138.318512000">
<ele>7</ele>
</trkpt>
<trkpt lat="-35.638717000" lon="138.318543000">
<ele>7</ele>
</trkpt>
<trkpt lat="-35.638712000" lon="138.318573000">
<ele>7</ele>
</trkpt>
<trkpt lat="-35.638709000" lon="138.318599000">
<ele>7</ele>
</trkpt>
<trkpt lat="-35.638705000" lon="138.318628000">
<ele>7</ele>
</trkpt>
<trkpt lat="-35.638701000" lon="138.318652000">
<ele>7</ele>
</trkpt>
<trkpt lat="-35.638699000" lon="138.318682000">
<ele>7</ele>
</trkpt>
<trkpt lat="-35.638696000" lon="138.318707000">
<ele>7</ele>
</trkpt>
<trkpt lat="-35.638691000" lon="138.318733000">
<ele>7</ele>
</trkpt>
<trkpt lat="-35.638689000" lon="138.318761000">
<ele>7</ele>
</trkpt>
<trkpt lat="-35.638689000" lon="138.318787000">
<ele>7</ele>
</trkpt>
<trkpt lat="-35.638689000" lon="138.318815000">
<ele>7</ele>
</trkpt>
<trkpt lat="-35.638690000" lon="138.318842000">
<ele>6</ele>
</trkpt>
<trkpt lat="-35.638689000" lon="138.318869000">
<ele>6</ele>
</trkpt>
<trkpt lat="-35.638688000" lon="138.318895000">
<ele>6</ele>
</trkpt>
<trkpt lat="-35.638685000" lon="138.318920000">
<ele>6</ele>
</trkpt>
<trkpt lat="-35.638680000" lon="138.318944000">
<ele>7</ele>
</trkpt>
<trkpt lat="-35.638679000" lon="138.318972000">
<ele>7</ele>
</trkpt>
<trkpt lat="-35.638679000" lon="138.318998000">
<ele>7</ele>
</trkpt>
<trkpt lat="-35.638679000" lon="138.319021000">
<ele>7</ele>
</trkpt>
<trkpt lat="-35.638682000" lon="138.319046000">
<ele>7</ele>
</trkpt>
<trkpt lat="-35.638683000" lon="138.319070000">
<ele>7</ele>
</trkpt>
<trkpt lat="-35.638683000" lon="138.319095000">
<ele>7</ele>
</trkpt>
<trkpt lat="-35.638681000" lon="138.319119000">
<ele>7</ele>
</trkpt>
<trkpt lat="-35.638678000" lon="138.319139000">
<ele>7</ele>
</trkpt>
<trkpt lat="-35.638676000" lon="138.319158000">
<ele>7</ele>
</trkpt>
<trkpt lat="-35.638676000" lon="138.319179000">
<ele>7</ele>
</trkpt>
<trkpt lat="-35.638675000" lon="138.319194000">
<ele>7</ele>
</trkpt>
<trkpt lat="-35.638675000" lon="138.319209000">
<ele>7</ele>
</trkpt>
<trkpt lat="-35.638674000" lon="138.319225000">
<ele>7</ele>
</trkpt>
<trkpt lat="-35.638671000" lon="138.319243000">
<ele>7</ele>
</trkpt>
<trkpt lat="-35.638673000" lon="138.319259000">
<ele>7</ele>
</trkpt>
<trkpt lat="-35.638675000" lon="138.319279000">
<ele>7</ele>
</trkpt>
<trkpt lat="-35.638672000" lon="138.319297000">
<ele>7</ele>
</trkpt>
<trkpt lat="-35.638667000" lon="138.319310000">
<ele>7</ele>
</trkpt>
<trkpt lat="-35.638669000" lon="138.319325000">
<ele>7</ele>
</trkpt>
<trkpt lat="-35.638672000" lon="138.319343000">
<ele>7</ele>
</trkpt>
<trkpt lat="-35.638668000" lon="138.319365000">
<ele>7</ele>
</trkpt>
<trkpt lat="-35.638668000" lon="138.319391000">
<ele>7</ele>
</trkpt>
<trkpt lat="-35.638665000" lon="138.319416000">
<ele>7</ele>
</trkpt>
<trkpt lat="-35.638661000" lon="138.319439000">
<ele>7</ele>
</trkpt>
<trkpt lat="-35.638657000" lon="138.319461000">
<ele>7</ele>
</trkpt>
<trkpt lat="-35.638653000" lon="138.319484000">
<ele>7</ele>
</trkpt>
<trkpt lat="-35.638653000" lon="138.319505000">
<ele>7</ele>
</trkpt>
<trkpt lat="-35.638654000" lon="138.319519000">
<ele>7</ele>
</trkpt>
<trkpt lat="-35.638667000" lon="138.319536000">
<ele>7</ele>
</trkpt>
<trkpt lat="-35.638688000" lon="138.319559000">
<ele>7</ele>
</trkpt>
<trkpt lat="-35.638698000" lon="138.319583000">
<ele>7</ele>
</trkpt>
<trkpt lat="-35.638699000" lon="138.319609000">
<ele>7</ele>
</trkpt>
<trkpt lat="-35.638697000" lon="138.319637000">
<ele>7</ele>
</trkpt>
<trkpt lat="-35.638696000" lon="138.319663000">
<ele>7</ele>
</trkpt>
<trkpt lat="-35.638697000" lon="138.319692000">
<ele>7</ele>
</trkpt>
<trkpt lat="-35.638699000" lon="138.319724000">
<ele>7</ele>
</trkpt>
<trkpt lat="-35.638698000" lon="138.319754000">
<ele>7</ele>
</trkpt>
<trkpt lat="-35.638698000" lon="138.319784000">
<ele>7</ele>
</trkpt>
<trkpt lat="-35.638696000" lon="138.319814000">
<ele>7</ele>
</trkpt>
<trkpt lat="-35.638696000" lon="138.319844000">
<ele>7</ele>
</trkpt>
<trkpt lat="-35.638696000" lon="138.319874000">
<ele>7</ele>
</trkpt>
<trkpt lat="-35.638695000" lon="138.319905000">
<ele>7</ele>
</trkpt>
<trkpt lat="-35.638694000" lon="138.319935000">
<ele>7</ele>
</trkpt>
<trkpt lat="-35.638692000" lon="138.319963000">
<ele>7</ele>
</trkpt>
<trkpt lat="-35.638688000" lon="138.319993000">
<ele>7</ele>
</trkpt>
<trkpt lat="-35.638690000" lon="138.320025000">
<ele>7</ele>
</trkpt>
<trkpt lat="-35.638690000" lon="138.320056000">
<ele>8</ele>
</trkpt>
<trkpt lat="-35.638689000" lon="138.320083000">
<ele>8</ele>
</trkpt>
<trkpt lat="-35.638684000" lon="138.320112000">
<ele>8</ele>
</trkpt>
<trkpt lat="-35.638682000" lon="138.320141000">
<ele>8</ele>
</trkpt>
<trkpt lat="-35.638684000" lon="138.320172000">
<ele>8</ele>
</trkpt>
<trkpt lat="-35.638688000" lon="138.320202000">
<ele>8</ele>
</trkpt>
<trkpt lat="-35.638686000" lon="138.320229000">
<ele>8</ele>
</trkpt>
<trkpt lat="-35.638689000" lon="138.320258000">
<ele>8</ele>
</trkpt>
<trkpt lat="-35.638688000" lon="138.320284000">
<ele>8</ele>
</trkpt>
<trkpt lat="-35.638685000" lon="138.320309000">
<ele>8</ele>
</trkpt>
<trkpt lat="-35.638686000" lon="138.320336000">
<ele>8</ele>
</trkpt>
<trkpt lat="-35.638686000" lon="138.320368000">
<ele>8</ele>
</trkpt>
<trkpt lat="-35.638683000" lon="138.320399000">
<ele>8</ele>
</trkpt>
<trkpt lat="-35.638680000" lon="138.320430000">
<ele>8</ele>
</trkpt>
<trkpt lat="-35.638677000" lon="138.320457000">
<ele>8</ele>
</trkpt>
<trkpt lat="-35.638677000" lon="138.320485000">
<ele>8</ele>
</trkpt>
<trkpt lat="-35.638686000" lon="138.320514000">
<ele>8</ele>
</trkpt>
<trkpt lat="-35.638691000" lon="138.320542000">
<ele>8</ele>
</trkpt>
<trkpt lat="-35.638693000" lon="138.320571000">
<ele>8</ele>
</trkpt>
<trkpt lat="-35.638696000" lon="138.320600000">
<ele>8</ele>
</trkpt>
<trkpt lat="-35.638698000" lon="138.320626000">
<ele>7</ele>
</trkpt>
<trkpt lat="-35.638698000" lon="138.320655000">
<ele>7</ele>
</trkpt>
<trkpt lat="-35.638698000" lon="138.320686000">
<ele>7</ele>
</trkpt>
<trkpt lat="-35.638696000" lon="138.320716000">
<ele>7</ele>
</trkpt>
<trkpt lat="-35.638697000" lon="138.320748000">
<ele>7</ele>
</trkpt>
<trkpt lat="-35.638696000" lon="138.320779000">
<ele>7</ele>
</trkpt>
<trkpt lat="-35.638697000" lon="138.320810000">
<ele>7</ele>
</trkpt>
<trkpt lat="-35.638700000" lon="138.320838000">
<ele>6</ele>
</trkpt>
<trkpt lat="-35.638702000" lon="138.320869000">
<ele>6</ele>
</trkpt>
<trkpt lat="-35.638703000" lon="138.320900000">
<ele>6</ele>
</trkpt>
<trkpt lat="-35.638704000" lon="138.320931000">
<ele>6</ele>
</trkpt>
<trkpt lat="-35.638706000" lon="138.320963000">
<ele>6</ele>
</trkpt>
<trkpt lat="-35.638708000" lon="138.320995000">
<ele>6</ele>
</trkpt>
<trkpt lat="-35.638709000" lon="138.321028000">
<ele>6</ele>
</trkpt>
<trkpt lat="-35.638710000" lon="138.321060000">
<ele>6</ele>
</trkpt>
<trkpt lat="-35.638712000" lon="138.321092000">
<ele>6</ele>
</trkpt>
<trkpt lat="-35.638715000" lon="138.321124000">
<ele>6</ele>
</trkpt>
<trkpt lat="-35.638717000" lon="138.321156000">
<ele>6</ele>
</trkpt>
<trkpt lat="-35.638717000" lon="138.321188000">
<ele>6</ele>
</trkpt>
<trkpt lat="-35.638720000" lon="138.321220000">
<ele>6</ele>
</trkpt>
<trkpt lat="-35.638720000" lon="138.321254000">
<ele>6</ele>
</trkpt>
<trkpt lat="-35.638717000" lon="138.321285000">
<ele>6</ele>
</trkpt>
<trkpt lat="-35.638719000" lon="138.321316000">
<ele>6</ele>
</trkpt>
<trkpt lat="-35.638720000" lon="138.321347000">
<ele>6</ele>
</trkpt>
<trkpt lat="-35.638722000" lon="138.321378000">
<ele>6</ele>
</trkpt>
<trkpt lat="-35.638725000" lon="138.321408000">
<ele>6</ele>
</trkpt>
<trkpt lat="-35.638730000" lon="138.321437000">
<ele>6</ele>
</trkpt>
<trkpt lat="-35.638735000" lon="138.321467000">
<ele>6</ele>
</trkpt>
<trkpt lat="-35.638738000" lon="138.321497000">
<ele>6</ele>
</trkpt>
<trkpt lat="-35.638739000" lon="138.321528000">
<ele>6</ele>
</trkpt>
<trkpt lat="-35.638740000" lon="138.321558000">
<ele>6</ele>
</trkpt>
<trkpt lat="-35.638741000" lon="138.321587000">
<ele>6</ele>
</trkpt>
<trkpt lat="-35.638744000" lon="138.321616000">
<ele>6</ele>
</trkpt>
<trkpt lat="-35.638746000" lon="138.321646000">
<ele>6</ele>
</trkpt>
<trkpt lat="-35.638749000" lon="138.321674000">
<ele>6</ele>
</trkpt>
<trkpt lat="-35.638750000" lon="138.321703000">
<ele>6</ele>
</trkpt>
<trkpt lat="-35.638752000" lon="138.321732000">
<ele>6</ele>
</trkpt>
<trkpt lat="-35.638756000" lon="138.321760000">
<ele>6</ele>
</trkpt>
<trkpt lat="-35.638758000" lon="138.321788000">
<ele>6</ele>
</trkpt>
<trkpt lat="-35.638755000" lon="138.321815000">
<ele>6</ele>
</trkpt>
<trkpt lat="-35.638753000" lon="138.321844000">
<ele>7</ele>
</trkpt>
<trkpt lat="-35.638750000" lon="138.321871000">
<ele>7</ele>
</trkpt>
<trkpt lat="-35.638748000" lon="138.321897000">
<ele>7</ele>
</trkpt>
<trkpt lat="-35.638749000" lon="138.321928000">
<ele>7</ele>
</trkpt>
<trkpt lat="-35.638750000" lon="138.321955000">
<ele>7</ele>
</trkpt>
<trkpt lat="-35.638747000" lon="138.321981000">
<ele>7</ele>
</trkpt>
<trkpt lat="-35.638748000" lon="138.322008000">
<ele>7</ele>
</trkpt>
<trkpt lat="-35.638749000" lon="138.322034000">
<ele>7</ele>
</trkpt>
<trkpt lat="-35.638749000" lon="138.322060000">
<ele>7</ele>
</trkpt>
<trkpt lat="-35.638748000" lon="138.322086000">
<ele>7</ele>
</trkpt>
<trkpt lat="-35.638746000" lon="138.322112000">
<ele>7</ele>
</trkpt>
<trkpt lat="-35.638743000" lon="138.322138000">
<ele>7</ele>
</trkpt>
<trkpt lat="-35.638739000" lon="138.322163000">
<ele>7</ele>
</trkpt>
<trkpt lat="-35.638736000" lon="138.322188000">
<ele>7</ele>
</trkpt>
<trkpt lat="-35.638737000" lon="138.322213000">
<ele>7</ele>
</trkpt>
<trkpt lat="-35.638735000" lon="138.322233000">
<ele>7</ele>
</trkpt>
<trkpt lat="-35.638730000" lon="138.322258000">
<ele>7</ele>
</trkpt>
<trkpt lat="-35.638731000" lon="138.322277000">
<ele>6</ele>
</trkpt>
<trkpt lat="-35.638731000" lon="138.322294000">
<ele>6</ele>
</trkpt>
<trkpt lat="-35.638730000" lon="138.322329000">
<ele>6</ele>
</trkpt>
<trkpt lat="-35.638729000" lon="138.322350000">
<ele>6</ele>
</trkpt>
<trkpt lat="-35.638734000" lon="138.322375000">
<ele>6</ele>
</trkpt>
<trkpt lat="-35.638743000" lon="138.322396000">
<ele>6</ele>
</trkpt>
<trkpt lat="-35.638753000" lon="138.322415000">
<ele>6</ele>
</trkpt>
<trkpt lat="-35.638764000" lon="138.322435000">
<ele>6</ele>
</trkpt>
<trkpt lat="-35.638776000" lon="138.322457000">
<ele>6</ele>
</trkpt>
<trkpt lat="-35.638785000" lon="138.322484000">
<ele>6</ele>
</trkpt>
<trkpt lat="-35.638791000" lon="138.322514000">
<ele>6</ele>
</trkpt>
<trkpt lat="-35.638795000" lon="138.322542000">
<ele>6</ele>
</trkpt>
<trkpt lat="-35.638796000" lon="138.322572000">
<ele>5</ele>
</trkpt>
<trkpt lat="-35.638793000" lon="138.322602000">
<ele>5</ele>
</trkpt>
<trkpt lat="-35.638793000" lon="138.322632000">
<ele>5</ele>
</trkpt>
<trkpt lat="-35.638796000" lon="138.322661000">
<ele>5</ele>
</trkpt>
<trkpt lat="-35.638806000" lon="138.322680000">
<ele>5</ele>
</trkpt>
<trkpt lat="-35.638823000" lon="138.322697000">
<ele>5</ele>
</trkpt>
<trkpt lat="-35.638836000" lon="138.322724000">
<ele>5</ele>
</trkpt>
<trkpt lat="-35.638845000" lon="138.322753000">
<ele>4</ele>
</trkpt>
<trkpt lat="-35.638853000" lon="138.322780000">
<ele>4</ele>
</trkpt>
<trkpt lat="-35.638858000" lon="138.322808000">
<ele>4</ele>
</trkpt>
<trkpt lat="-35.638866000" lon="138.322836000">
<ele>4</ele>
</trkpt>
<trkpt lat="-35.638873000" lon="138.322864000">
<ele>4</ele>
</trkpt>
<trkpt lat="-35.638879000" lon="138.322893000">
<ele>4</ele>
</trkpt>
<trkpt lat="-35.638889000" lon="138.322922000">
<ele>3</ele>
</trkpt>
<trkpt lat="-35.638900000" lon="138.322949000">
<ele>3</ele>
</trkpt>
<trkpt lat="-35.638908000" lon="138.322980000">
<ele>3</ele>
</trkpt>
<trkpt lat="-35.638918000" lon="138.323007000">
<ele>3</ele>
</trkpt>
<trkpt lat="-35.638933000" lon="138.323029000">
<ele>3</ele>
</trkpt>
<trkpt lat="-35.638937000" lon="138.323061000">
<ele>3</ele>
</trkpt>
<trkpt lat="-35.638935000" lon="138.323085000">
<ele>3</ele>
</trkpt>
<trkpt lat="-35.638938000" lon="138.323112000">
<ele>3</ele>
</trkpt>
<trkpt lat="-35.638933000" lon="138.323142000">
<ele>3</ele>
</trkpt>
<trkpt lat="-35.638924000" lon="138.323174000">
<ele>3</ele>
</trkpt>
<trkpt lat="-35.638921000" lon="138.323201000">
<ele>3</ele>
</trkpt>
<trkpt lat="-35.638922000" lon="138.323222000">
<ele>3</ele>
</trkpt>
<trkpt lat="-35.638927000" lon="138.323245000">
<ele>4</ele>
</trkpt>
<trkpt lat="-35.638936000" lon="138.323273000">
<ele>4</ele>
</trkpt>
<trkpt lat="-35.638944000" lon="138.323298000">
<ele>4</ele>
</trkpt>
<trkpt lat="-35.638939000" lon="138.323323000">
<ele>4</ele>
</trkpt>
<trkpt lat="-35.638937000" lon="138.323348000">
<ele>4</ele>
</trkpt>
<trkpt lat="-35.638940000" lon="138.323370000">
<ele>4</ele>
</trkpt>
<trkpt lat="-35.638945000" lon="138.323392000">
<ele>4</ele>
</trkpt>
<trkpt lat="-35.638945000" lon="138.323415000">
<ele>4</ele>
</trkpt>
<trkpt lat="-35.638946000" lon="138.323434000">
<ele>5</ele>
</trkpt>
<trkpt lat="-35.638954000" lon="138.323456000">
<ele>5</ele>
</trkpt>
<trkpt lat="-35.638959000" lon="138.323477000">
<ele>5</ele>
</trkpt>
<trkpt lat="-35.638965000" lon="138.323499000">
<ele>5</ele>
</trkpt>
<trkpt lat="-35.638966000" lon="138.323508000">
<ele>5</ele>
</trkpt>
<trkpt lat="-35.638970000" lon="138.323517000">
<ele>5</ele>
</trkpt>
<trkpt lat="-35.638985000" lon="138.323529000">
<ele>5</ele>
</trkpt>
<trkpt lat="-35.638999000" lon="138.323545000">
<ele>5</ele>
</trkpt>
<trkpt lat="-35.639009000" lon="138.323563000">
<ele>5</ele>
</trkpt>
<trkpt lat="-35.639020000" lon="138.323579000">
<ele>5</ele>
</trkpt>
<trkpt lat="-35.639028000" lon="138.323598000">
<ele>5</ele>
</trkpt>
<trkpt lat="-35.639037000" lon="138.323617000">
<ele>5</ele>
</trkpt>
<trkpt lat="-35.639042000" lon="138.323642000">
<ele>6</ele>
</trkpt>
<trkpt lat="-35.639052000" lon="138.323657000">
<ele>6</ele>
</trkpt>
<trkpt lat="-35.639058000" lon="138.323673000">
<ele>6</ele>
</trkpt>
<trkpt lat="-35.639056000" lon="138.323689000">
<ele>6</ele>
</trkpt>
<trkpt lat="-35.639055000" lon="138.323710000">
<ele>6</ele>
</trkpt>
<trkpt lat="-35.639056000" lon="138.323726000">
<ele>6</ele>
</trkpt>
<trkpt lat="-35.639059000" lon="138.323738000">
<ele>6</ele>
</trkpt>
<trkpt lat="-35.639070000" lon="138.323748000">
<ele>6</ele>
</trkpt>
<trkpt lat="-35.639077000" lon="138.323760000">
<ele>6</ele>
</trkpt>
<trkpt lat="-35.639088000" lon="138.323775000">
<ele>6</ele>
</trkpt>
<trkpt lat="-35.639099000" lon="138.323789000">
<ele>6</ele>
</trkpt>
<trkpt lat="-35.639099000" lon="138.323807000">
<ele>6</ele>
</trkpt>
<trkpt lat="-35.639091000" lon="138.323831000">
<ele>6</ele>
</trkpt>
<trkpt lat="-35.639090000" lon="138.323847000">
<ele>6</ele>
</trkpt>
<trkpt lat="-35.639096000" lon="138.323858000">
<ele>6</ele>
</trkpt>
<trkpt lat="-35.639105000" lon="138.323871000">
<ele>6</ele>
</trkpt>
<trkpt lat="-35.639103000" lon="138.323892000">
<ele>6</ele>
</trkpt>
<trkpt lat="-35.639109000" lon="138.323934000">
<ele>6</ele>
</trkpt>
<trkpt lat="-35.639110000" lon="138.323954000">
<ele>6</ele>
</trkpt>
<trkpt lat="-35.639113000" lon="138.323986000">
<ele>6</ele>
</trkpt>
<trkpt lat="-35.639114000" lon="138.324019000">
<ele>6</ele>
</trkpt>
<trkpt lat="-35.639119000" lon="138.324051000">
<ele>6</ele>
</trkpt>
<trkpt lat="-35.639122000" lon="138.324094000">
<ele>6</ele>
</trkpt>
<trkpt lat="-35.639127000" lon="138.324155000">
<ele>5</ele>
</trkpt>
<trkpt lat="-35.639131000" lon="138.324196000">
<ele>5</ele>
</trkpt>
<trkpt lat="-35.639136000" lon="138.324243000">
<ele>5</ele>
</trkpt>
<trkpt lat="-35.639139000" lon="138.324296000">
<ele>5</ele>
</trkpt>
<trkpt lat="-35.639144000" lon="138.324341000">
<ele>5</ele>
</trkpt>
<trkpt lat="-35.639153000" lon="138.324386000">
<ele>5</ele>
</trkpt>
<trkpt lat="-35.639162000" lon="138.324446000">
<ele>5</ele>
</trkpt>
<trkpt lat="-35.639171000" lon="138.324504000">
<ele>5</ele>
</trkpt>
<trkpt lat="-35.639182000" lon="138.324552000">
<ele>6</ele>
</trkpt>
<trkpt lat="-35.639189000" lon="138.324608000">
<ele>6</ele>
</trkpt>
<trkpt lat="-35.639197000" lon="138.324658000">
<ele>7</ele>
</trkpt>
<trkpt lat="-35.639208000" lon="138.324753000">
<ele>7</ele>
</trkpt>
<trkpt lat="-35.639214000" lon="138.324814000">
<ele>7</ele>
</trkpt>
<trkpt lat="-35.639226000" lon="138.324899000">
<ele>8</ele>
</trkpt>
<trkpt lat="-35.639234000" lon="138.324963000">
<ele>8</ele>
</trkpt>
<trkpt lat="-35.639241000" lon="138.325081000">
<ele>8</ele>
</trkpt>
<trkpt lat="-35.639248000" lon="138.325149000">
<ele>8</ele>
</trkpt>
<trkpt lat="-35.639254000" lon="138.325207000">
<ele>8</ele>
</trkpt>
<trkpt lat="-35.639257000" lon="138.325285000">
<ele>8</ele>
</trkpt>
<trkpt lat="-35.639263000" lon="138.325359000">
<ele>8</ele>
</trkpt>
<trkpt lat="-35.639269000" lon="138.325429000">
<ele>8</ele>
</trkpt>
<trkpt lat="-35.639275000" lon="138.325501000">
<ele>8</ele>
</trkpt>
<trkpt lat="-35.639279000" lon="138.325569000">
<ele>8</ele>
</trkpt>
<trkpt lat="-35.639283000" lon="138.325642000">
<ele>7</ele>
</trkpt>
<trkpt lat="-35.639289000" lon="138.325692000">
<ele>7</ele>
</trkpt>
<trkpt lat="-35.639297000" lon="138.325765000">
<ele>7</ele>
</trkpt>
<trkpt lat="-35.639303000" lon="138.325827000">
<ele>7</ele>
</trkpt>
<trkpt lat="-35.639313000" lon="138.325891000">
<ele>6</ele>
</trkpt>
<trkpt lat="-35.639320000" lon="138.325950000">
<ele>6</ele>
</trkpt>
<trkpt lat="-35.639326000" lon="138.326011000">
<ele>5</ele>
</trkpt>
<trkpt lat="-35.639335000" lon="138.326095000">
<ele>5</ele>
</trkpt>
<trkpt lat="-35.639339000" lon="138.326144000">
<ele>5</ele>
</trkpt>
<trkpt lat="-35.639339000" lon="138.326219000">
<ele>5</ele>
</trkpt>
<trkpt lat="-35.639343000" lon="138.326288000">
<ele>5</ele>
</trkpt>
<trkpt lat="-35.639343000" lon="138.326347000">
<ele>5</ele>
</trkpt>
<trkpt lat="-35.639347000" lon="138.326425000">
<ele>5</ele>
</trkpt>
<trkpt lat="-35.639349000" lon="138.326484000">
<ele>6</ele>
</trkpt>
<trkpt lat="-35.639353000" lon="138.326555000">
<ele>6</ele>
</trkpt>
<trkpt lat="-35.639356000" lon="138.326614000">
<ele>6</ele>
</trkpt>
<trkpt lat="-35.639360000" lon="138.326675000">
<ele>6</ele>
</trkpt>
<trkpt lat="-35.639362000" lon="138.326736000">
<ele>6</ele>
</trkpt>
<trkpt lat="-35.639361000" lon="138.326784000">
<ele>6</ele>
</trkpt>
<trkpt lat="-35.639364000" lon="138.326840000">
<ele>7</ele>
</trkpt>
<trkpt lat="-35.639365000" lon="138.326898000">
<ele>7</ele>
</trkpt>
<trkpt lat="-35.639364000" lon="138.326938000">
<ele>7</ele>
</trkpt>
<trkpt lat="-35.639362000" lon="138.326984000">
<ele>7</ele>
</trkpt>
<trkpt lat="-35.639357000" lon="138.327019000">
<ele>7</ele>
</trkpt>
<trkpt lat="-35.639044000" lon="138.330025000">
<ele>9</ele>
</trkpt>
<trkpt lat="-35.638992000" lon="138.331245000">
<ele>8</ele>
</trkpt>
<trkpt lat="-35.638955000" lon="138.332406000">
<ele>7</ele>
</trkpt>
<trkpt lat="-35.639003000" lon="138.333257000">
<ele>5</ele>
</trkpt>
<trkpt lat="-35.639000000" lon="138.333284000">
<ele>5</ele>
</trkpt>
<trkpt lat="-35.639000000" lon="138.333307000">
<ele>5</ele>
</trkpt>
<trkpt lat="-35.638997000" lon="138.333336000">
<ele>5</ele>
</trkpt>
<trkpt lat="-35.638998000" lon="138.333365000">
<ele>5</ele>
</trkpt>
<trkpt lat="-35.638997000" lon="138.333393000">
<ele>5</ele>
</trkpt>
<trkpt lat="-35.638996000" lon="138.333422000">
<ele>5</ele>
</trkpt>
<trkpt lat="-35.638994000" lon="138.333452000">
<ele>5</ele>
</trkpt>
<trkpt lat="-35.638997000" lon="138.333481000">
<ele>5</ele>
</trkpt>
<trkpt lat="-35.638996000" lon="138.333511000">
<ele>5</ele>
</trkpt>
<trkpt lat="-35.638994000" lon="138.333540000">
<ele>5</ele>
</trkpt>
<trkpt lat="-35.638993000" lon="138.333572000">
<ele>6</ele>
</trkpt>
<trkpt lat="-35.638995000" lon="138.333601000">
<ele>6</ele>
</trkpt>
<trkpt lat="-35.638994000" lon="138.333630000">
<ele>6</ele>
</trkpt>
<trkpt lat="-35.638995000" lon="138.333656000">
<ele>6</ele>
</trkpt>
<trkpt lat="-35.638995000" lon="138.333685000">
<ele>6</ele>
</trkpt>
<trkpt lat="-35.638996000" lon="138.333713000">
<ele>6</ele>
</trkpt>
<trkpt lat="-35.638996000" lon="138.333742000">
<ele>6</ele>
</trkpt>
<trkpt lat="-35.638995000" lon="138.333772000">
<ele>6</ele>
</trkpt>
<trkpt lat="-35.638996000" lon="138.333795000">
<ele>6</ele>
</trkpt>
<trkpt lat="-35.638995000" lon="138.333821000">
<ele>6</ele>
</trkpt>
<trkpt lat="-35.638992000" lon="138.333850000">
<ele>6</ele>
</trkpt>
<trkpt lat="-35.638991000" lon="138.333876000">
<ele>6</ele>
</trkpt>
<trkpt lat="-35.638992000" lon="138.333906000">
<ele>6</ele>
</trkpt>
<trkpt lat="-35.638991000" lon="138.333934000">
<ele>6</ele>
</trkpt>
<trkpt lat="-35.638987000" lon="138.333953000">
<ele>6</ele>
</trkpt>
<trkpt lat="-35.638988000" lon="138.333974000">
<ele>6</ele>
</trkpt>
<trkpt lat="-35.638987000" lon="138.333996000">
<ele>6</ele>
</trkpt>
<trkpt lat="-35.638989000" lon="138.334014000">
<ele>5</ele>
</trkpt>
<trkpt lat="-35.638986000" lon="138.334036000">
<ele>6</ele>
</trkpt>
<trkpt lat="-35.638983000" lon="138.334063000">
<ele>6</ele>
</trkpt>
<trkpt lat="-35.638979000" lon="138.334091000">
<ele>6</ele>
</trkpt>
<trkpt lat="-35.638979000" lon="138.334120000">
<ele>6</ele>
</trkpt>
<trkpt lat="-35.638977000" lon="138.334147000">
<ele>6</ele>
</trkpt>
<trkpt lat="-35.638975000" lon="138.334179000">
<ele>5</ele>
</trkpt>
<trkpt lat="-35.638975000" lon="138.334208000">
<ele>5</ele>
</trkpt>
<trkpt lat="-35.638973000" lon="138.334240000">
<ele>5</ele>
</trkpt>
<trkpt lat="-35.638970000" lon="138.334272000">
<ele>5</ele>
</trkpt>
<trkpt lat="-35.638972000" lon="138.334305000">
<ele>5</ele>
</trkpt>
<trkpt lat="-35.638970000" lon="138.334336000">
<ele>5</ele>
</trkpt>
<trkpt lat="-35.638970000" lon="138.334368000">
<ele>5</ele>
</trkpt>
<trkpt lat="-35.638972000" lon="138.334400000">
<ele>5</ele>
</trkpt>
<trkpt lat="-35.638973000" lon="138.334430000">
<ele>5</ele>
</trkpt>
<trkpt lat="-35.638971000" lon="138.334459000">
<ele>5</ele>
</trkpt>
<trkpt lat="-35.638972000" lon="138.334487000">
<ele>5</ele>
</trkpt>
<trkpt lat="-35.638973000" lon="138.334520000">
<ele>5</ele>
</trkpt>
<trkpt lat="-35.638972000" lon="138.334552000">
<ele>5</ele>
</trkpt>
<trkpt lat="-35.638967000" lon="138.334575000">
<ele>6</ele>
</trkpt>
<trkpt lat="-35.638969000" lon="138.334597000">
<ele>6</ele>
</trkpt>
<trkpt lat="-35.638971000" lon="138.334617000">
<ele>6</ele>
</trkpt>
<trkpt lat="-35.638971000" lon="138.334639000">
<ele>6</ele>
</trkpt>
<trkpt lat="-35.638975000" lon="138.334661000">
<ele>6</ele>
</trkpt>
<trkpt lat="-35.638973000" lon="138.334682000">
<ele>6</ele>
</trkpt>
<trkpt lat="-35.638974000" lon="138.334700000">
<ele>6</ele>
</trkpt>
<trkpt lat="-35.638978000" lon="138.334719000">
<ele>6</ele>
</trkpt>
<trkpt lat="-35.638980000" lon="138.334750000">
<ele>6</ele>
</trkpt>
<trkpt lat="-35.638977000" lon="138.334790000">
<ele>6</ele>
</trkpt>
<trkpt lat="-35.638976000" lon="138.334823000">
<ele>6</ele>
</trkpt>
<trkpt lat="-35.638975000" lon="138.334859000">
<ele>6</ele>
</trkpt>
<trkpt lat="-35.638975000" lon="138.334889000">
<ele>6</ele>
</trkpt>
<trkpt lat="-35.638974000" lon="138.334925000">
<ele>6</ele>
</trkpt>
<trkpt lat="-35.638975000" lon="138.334955000">
<ele>6</ele>
</trkpt>
<trkpt lat="-35.638972000" lon="138.335009000">
<ele>6</ele>
</trkpt>
<trkpt lat="-35.638972000" lon="138.335037000">
<ele>6</ele>
</trkpt>
<trkpt lat="-35.638977000" lon="138.335083000">
<ele>6</ele>
</trkpt>
<trkpt lat="-35.638981000" lon="138.335105000">
<ele>6</ele>
</trkpt>
<trkpt lat="-35.638982000" lon="138.335136000">
<ele>6</ele>
</trkpt>
<trkpt lat="-35.638984000" lon="138.335163000">
<ele>6</ele>
</trkpt>
<trkpt lat="-35.638982000" lon="138.335196000">
<ele>6</ele>
</trkpt>
<trkpt lat="-35.638980000" lon="138.335226000">
<ele>6</ele>
</trkpt>
<trkpt lat="-35.638978000" lon="138.335254000">
<ele>5</ele>
</trkpt>
<trkpt lat="-35.638981000" lon="138.335283000">
<ele>5</ele>
</trkpt>
<trkpt lat="-35.638981000" lon="138.335313000">
<ele>6</ele>
</trkpt>
<trkpt lat="-35.638983000" lon="138.335342000">
<ele>6</ele>
</trkpt>
<trkpt lat="-35.638985000" lon="138.335372000">
<ele>6</ele>
</trkpt>
<trkpt lat="-35.638988000" lon="138.335402000">
<ele>6</ele>
</trkpt>
<trkpt lat="-35.638986000" lon="138.335431000">
<ele>7</ele>
</trkpt>
<trkpt lat="-35.638983000" lon="138.335460000">
<ele>7</ele>
</trkpt>
<trkpt lat="-35.638984000" lon="138.335489000">
<ele>7</ele>
</trkpt>
<trkpt lat="-35.638985000" lon="138.335522000">
<ele>7</ele>
</trkpt>
<trkpt lat="-35.638984000" lon="138.335551000">
<ele>8</ele>
</trkpt>
<trkpt lat="-35.638985000" lon="138.335583000">
<ele>8</ele>
</trkpt>
<trkpt lat="-35.638986000" lon="138.335615000">
<ele>8</ele>
</trkpt>
<trkpt lat="-35.638985000" lon="138.335645000">
<ele>8</ele>
</trkpt>
<trkpt lat="-35.638987000" lon="138.335674000">
<ele>8</ele>
</trkpt>
<trkpt lat="-35.638987000" lon="138.335705000">
<ele>8</ele>
</trkpt>
<trkpt lat="-35.638995000" lon="138.335753000">
<ele>7</ele>
</trkpt>
<trkpt lat="-35.638992000" lon="138.335761000">
<ele>8</ele>
</trkpt>
<trkpt lat="-35.638995000" lon="138.335774000">
<ele>7</ele>
</trkpt>
<trkpt lat="-35.638990000" lon="138.335797000">
<ele>8</ele>
</trkpt>
<trkpt lat="-35.638992000" lon="138.335826000">
<ele>8</ele>
</trkpt>
<trkpt lat="-35.638992000" lon="138.335858000">
<ele>8</ele>
</trkpt>
<trkpt lat="-35.638995000" lon="138.335889000">
<ele>8</ele>
</trkpt>
<trkpt lat="-35.638996000" lon="138.335920000">
<ele>8</ele>
</trkpt>
<trkpt lat="-35.638997000" lon="138.336002000">
<ele>8</ele>
</trkpt>
<trkpt lat="-35.638991000" lon="138.336035000">
<ele>8</ele>
</trkpt>
<trkpt lat="-35.638988000" lon="138.336068000">
<ele>8</ele>
</trkpt>
<trkpt lat="-35.638987000" lon="138.336101000">
<ele>8</ele>
</trkpt>
<trkpt lat="-35.638983000" lon="138.336130000">
<ele>8</ele>
</trkpt>
<trkpt lat="-35.638985000" lon="138.336158000">
<ele>8</ele>
</trkpt>
<trkpt lat="-35.638984000" lon="138.336188000">
<ele>8</ele>
</trkpt>
<trkpt lat="-35.638988000" lon="138.336214000">
<ele>8</ele>
</trkpt>
<trkpt lat="-35.638986000" lon="138.336231000">
<ele>8</ele>
</trkpt>
<trkpt lat="-35.638987000" lon="138.336253000">
<ele>8</ele>
</trkpt>
<trkpt lat="-35.638985000" lon="138.336283000">
<ele>8</ele>
</trkpt>
<trkpt lat="-35.638984000" lon="138.336315000">
<ele>8</ele>
</trkpt>
<trkpt lat="-35.638981000" lon="138.336345000">
<ele>8</ele>
</trkpt>
<trkpt lat="-35.638980000" lon="138.336374000">
<ele>8</ele>
</trkpt>
<trkpt lat="-35.638977000" lon="138.336410000">
<ele>8</ele>
</trkpt>
<trkpt lat="-35.638980000" lon="138.336428000">
<ele>8</ele>
</trkpt>
<trkpt lat="-35.638985000" lon="138.336453000">
<ele>8</ele>
</trkpt>
<trkpt lat="-35.638987000" lon="138.336480000">
<ele>8</ele>
</trkpt>
<trkpt lat="-35.638987000" lon="138.336507000">
<ele>8</ele>
</trkpt>
<trkpt lat="-35.638984000" lon="138.336537000">
<ele>8</ele>
</trkpt>
<trkpt lat="-35.638980000" lon="138.336570000">
<ele>8</ele>
</trkpt>
<trkpt lat="-35.638978000" lon="138.336602000">
<ele>8</ele>
</trkpt>
<trkpt lat="-35.638978000" lon="138.336634000">
<ele>8</ele>
</trkpt>
<trkpt lat="-35.638980000" lon="138.336667000">
<ele>8</ele>
</trkpt>
<trkpt lat="-35.638979000" lon="138.336699000">
<ele>8</ele>
</trkpt>
<trkpt lat="-35.638980000" lon="138.336732000">
<ele>8</ele>
</trkpt>
<trkpt lat="-35.638980000" lon="138.336765000">
<ele>9</ele>
</trkpt>
<trkpt lat="-35.638980000" lon="138.336800000">
<ele>9</ele>
</trkpt>
<trkpt lat="-35.638980000" lon="138.336834000">
<ele>9</ele>
</trkpt>
<trkpt lat="-35.638980000" lon="138.336869000">
<ele>9</ele>
</trkpt>
<trkpt lat="-35.638983000" lon="138.336902000">
<ele>9</ele>
</trkpt>
<trkpt lat="-35.638982000" lon="138.336937000">
<ele>10</ele>
</trkpt>
<trkpt lat="-35.638982000" lon="138.336971000">
<ele>10</ele>
</trkpt>
<trkpt lat="-35.638983000" lon="138.337004000">
<ele>10</ele>
</trkpt>
<trkpt lat="-35.638981000" lon="138.337039000">
<ele>10</ele>
</trkpt>
<trkpt lat="-35.638982000" lon="138.337072000">
<ele>10</ele>
</trkpt>
<trkpt lat="-35.638983000" lon="138.337107000">
<ele>10</ele>
</trkpt>
<trkpt lat="-35.638985000" lon="138.337140000">
<ele>11</ele>
</trkpt>
<trkpt lat="-35.638988000" lon="138.337173000">
<ele>11</ele>
</trkpt>
<trkpt lat="-35.638990000" lon="138.337206000">
<ele>11</ele>
</trkpt>
<trkpt lat="-35.638991000" lon="138.337241000">
<ele>11</ele>
</trkpt>
<trkpt lat="-35.638996000" lon="138.337274000">
<ele>11</ele>
</trkpt>
<trkpt lat="-35.639002000" lon="138.337308000">
<ele>11</ele>
</trkpt>
<trkpt lat="-35.639004000" lon="138.337342000">
<ele>11</ele>
</trkpt>
<trkpt lat="-35.639007000" lon="138.337378000">
<ele>11</ele>
</trkpt>
<trkpt lat="-35.639008000" lon="138.337413000">
<ele>11</ele>
</trkpt>
<trkpt lat="-35.639013000" lon="138.337446000">
<ele>11</ele>
</trkpt>
<trkpt lat="-35.639013000" lon="138.337482000">
<ele>11</ele>
</trkpt>
<trkpt lat="-35.639016000" lon="138.337515000">
<ele>11</ele>
</trkpt>
<trkpt lat="-35.639016000" lon="138.337550000">
<ele>11</ele>
</trkpt>
<trkpt lat="-35.639016000" lon="138.337583000">
<ele>11</ele>
</trkpt>
<trkpt lat="-35.639016000" lon="138.337615000">
<ele>11</ele>
</trkpt>
<trkpt lat="-35.639018000" lon="138.337649000">
<ele>11</ele>
</trkpt>
<trkpt lat="-35.639018000" lon="138.337684000">
<ele>11</ele>
</trkpt>
<trkpt lat="-35.639022000" lon="138.337716000">
<ele>11</ele>
</trkpt>
<trkpt lat="-35.639021000" lon="138.337749000">
<ele>11</ele>
</trkpt>
<trkpt lat="-35.639023000" lon="138.337782000">
<ele>11</ele>
</trkpt>
<trkpt lat="-35.639023000" lon="138.337817000">
<ele>10</ele>
</trkpt>
<trkpt lat="-35.639022000" lon="138.337850000">
<ele>10</ele>
</trkpt>
<trkpt lat="-35.639021000" lon="138.337883000">
<ele>10</ele>
</trkpt>
<trkpt lat="-35.639022000" lon="138.337918000">
<ele>10</ele>
</trkpt>
<trkpt lat="-35.639020000" lon="138.337952000">
<ele>10</ele>
</trkpt>
<trkpt lat="-35.639018000" lon="138.337985000">
<ele>9</ele>
</trkpt>
<trkpt lat="-35.639013000" lon="138.338018000">
<ele>9</ele>
</trkpt>
<trkpt lat="-35.639009000" lon="138.338051000">
<ele>9</ele>
</trkpt>
<trkpt lat="-35.639017000" lon="138.338083000">
<ele>9</ele>
</trkpt>
<trkpt lat="-35.639018000" lon="138.338116000">
<ele>9</ele>
</trkpt>
<trkpt lat="-35.639018000" lon="138.338133000">
<ele>9</ele>
</trkpt>
<trkpt lat="-35.639013000" lon="138.338156000">
<ele>8</ele>
</trkpt>
<trkpt lat="-35.639011000" lon="138.338188000">
<ele>8</ele>
</trkpt>
<trkpt lat="-35.639012000" lon="138.338221000">
<ele>8</ele>
</trkpt>
<trkpt lat="-35.639008000" lon="138.338257000">
<ele>8</ele>
</trkpt>
<trkpt lat="-35.639010000" lon="138.338290000">
<ele>7</ele>
</trkpt>
<trkpt lat="-35.639010000" lon="138.338323000">
<ele>7</ele>
</trkpt>
<trkpt lat="-35.639008000" lon="138.338355000">
<ele>7</ele>
</trkpt>
<trkpt lat="-35.639007000" lon="138.338389000">
<ele>7</ele>
</trkpt>
<trkpt lat="-35.639008000" lon="138.338424000">
<ele>6</ele>
</trkpt>
<trkpt lat="-35.639007000" lon="138.338457000">
<ele>6</ele>
</trkpt>
<trkpt lat="-35.639001000" lon="138.338490000">
<ele>6</ele>
</trkpt>
<trkpt lat="-35.638996000" lon="138.338522000">
<ele>5</ele>
</trkpt>
<trkpt lat="-35.638991000" lon="138.338553000">
<ele>5</ele>
</trkpt>
<trkpt lat="-35.638991000" lon="138.338585000">
<ele>5</ele>
</trkpt>
<trkpt lat="-35.638990000" lon="138.338615000">
<ele>5</ele>
</trkpt>
<trkpt lat="-35.638992000" lon="138.338646000">
<ele>5</ele>
</trkpt>
<trkpt lat="-35.638992000" lon="138.338677000">
<ele>5</ele>
</trkpt>
<trkpt lat="-35.638993000" lon="138.338709000">
<ele>5</ele>
</trkpt>
<trkpt lat="-35.638994000" lon="138.338742000">
<ele>5</ele>
</trkpt>
<trkpt lat="-35.638995000" lon="138.338774000">
<ele>6</ele>
</trkpt>
<trkpt lat="-35.638997000" lon="138.338809000">
<ele>6</ele>
</trkpt>
<trkpt lat="-35.638996000" lon="138.338872000">
<ele>6</ele>
</trkpt>
<trkpt lat="-35.638998000" lon="138.338900000">
<ele>6</ele>
</trkpt>
<trkpt lat="-35.639001000" lon="138.338931000">
<ele>7</ele>
</trkpt>
<trkpt lat="-35.639004000" lon="138.338964000">
<ele>7</ele>
</trkpt>
<trkpt lat="-35.639007000" lon="138.338994000">
<ele>7</ele>
</trkpt>
<trkpt lat="-35.639007000" lon="138.339023000">
<ele>7</ele>
</trkpt>
<trkpt lat="-35.639009000" lon="138.339051000">
<ele>8</ele>
</trkpt>
<trkpt lat="-35.639010000" lon="138.339080000">
<ele>8</ele>
</trkpt>
<trkpt lat="-35.639014000" lon="138.339113000">
<ele>8</ele>
</trkpt>
<trkpt lat="-35.639018000" lon="138.339147000">
<ele>8</ele>
</trkpt>
<trkpt lat="-35.639020000" lon="138.339181000">
<ele>9</ele>
</trkpt>
<trkpt lat="-35.639022000" lon="138.339213000">
<ele>9</ele>
</trkpt>
<trkpt lat="-35.639026000" lon="138.339244000">
<ele>9</ele>
</trkpt>
<trkpt lat="-35.639027000" lon="138.339276000">
<ele>9</ele>
</trkpt>
<trkpt lat="-35.639029000" lon="138.339306000">
<ele>10</ele>
</trkpt>
<trkpt lat="-35.639030000" lon="138.339339000">
<ele>10</ele>
</trkpt>
<trkpt lat="-35.639031000" lon="138.339371000">
<ele>10</ele>
</trkpt>
<trkpt lat="-35.639033000" lon="138.339403000">
<ele>11</ele>
</trkpt>
<trkpt lat="-35.639035000" lon="138.339435000">
<ele>11</ele>
</trkpt>
<trkpt lat="-35.639038000" lon="138.339464000">
<ele>11</ele>
</trkpt>
<trkpt lat="-35.639039000" lon="138.339493000">
<ele>11</ele>
</trkpt>
<trkpt lat="-35.639044000" lon="138.339525000">
<ele>11</ele>
</trkpt>
<trkpt lat="-35.639048000" lon="138.339554000">
<ele>11</ele>
</trkpt>
<trkpt lat="-35.639049000" lon="138.339586000">
<ele>11</ele>
</trkpt>
<trkpt lat="-35.639053000" lon="138.339616000">
<ele>10</ele>
</trkpt>
<trkpt lat="-35.639055000" lon="138.339648000">
<ele>10</ele>
</trkpt>
<trkpt lat="-35.639057000" lon="138.339679000">
<ele>10</ele>
</trkpt>
<trkpt lat="-35.639059000" lon="138.339709000">
<ele>10</ele>
</trkpt>
<trkpt lat="-35.639060000" lon="138.339741000">
<ele>10</ele>
</trkpt>
<trkpt lat="-35.639075000" lon="138.339779000">
<ele>10</ele>
</trkpt>
<trkpt lat="-35.639091000" lon="138.339848000">
<ele>9</ele>
</trkpt>
<trkpt lat="-35.639103000" lon="138.339908000">
<ele>9</ele>
</trkpt>
<trkpt lat="-35.639115000" lon="138.339970000">
<ele>8</ele>
</trkpt>
<trkpt lat="-35.639121000" lon="138.340034000">
<ele>8</ele>
</trkpt>
<trkpt lat="-35.639121000" lon="138.340105000">
<ele>8</ele>
</trkpt>
<trkpt lat="-35.639112000" lon="138.340184000">
<ele>8</ele>
</trkpt>
<trkpt lat="-35.639121000" lon="138.340263000">
<ele>8</ele>
</trkpt>
<trkpt lat="-35.639123000" lon="138.340374000">
<ele>8</ele>
</trkpt>
<trkpt lat="-35.639133000" lon="138.340471000">
<ele>9</ele>
</trkpt>
<trkpt lat="-35.639143000" lon="138.340568000">
<ele>9</ele>
</trkpt>
<trkpt lat="-35.639148000" lon="138.340670000">
<ele>9</ele>
</trkpt>
<trkpt lat="-35.639158000" lon="138.340780000">
<ele>9</ele>
</trkpt>
<trkpt lat="-35.639162000" lon="138.340844000">
<ele>9</ele>
</trkpt>
<trkpt lat="-35.639164000" lon="138.340900000">
<ele>9</ele>
</trkpt>
<trkpt lat="-35.639165000" lon="138.340934000">
<ele>9</ele>
</trkpt>
<trkpt lat="-35.639168000" lon="138.340965000">
<ele>8</ele>
</trkpt>
<trkpt lat="-35.639172000" lon="138.340995000">
<ele>8</ele>
</trkpt>
<trkpt lat="-35.639176000" lon="138.341024000">
<ele>8</ele>
</trkpt>
<trkpt lat="-35.639180000" lon="138.341055000">
<ele>8</ele>
</trkpt>
<trkpt lat="-35.639182000" lon="138.341087000">
<ele>8</ele>
</trkpt>
<trkpt lat="-35.639185000" lon="138.341118000">
<ele>7</ele>
</trkpt>
<trkpt lat="-35.639188000" lon="138.341153000">
<ele>7</ele>
</trkpt>
<trkpt lat="-35.639189000" lon="138.341185000">
<ele>7</ele>
</trkpt>
<trkpt lat="-35.639189000" lon="138.341218000">
<ele>7</ele>
</trkpt>
<trkpt lat="-35.639191000" lon="138.341251000">
<ele>7</ele>
</trkpt>
<trkpt lat="-35.639193000" lon="138.341284000">
<ele>7</ele>
</trkpt>
<trkpt lat="-35.639195000" lon="138.341317000">
<ele>7</ele>
</trkpt>
<trkpt lat="-35.639200000" lon="138.341349000">
<ele>6</ele>
</trkpt>
<trkpt lat="-35.639202000" lon="138.341374000">
<ele>6</ele>
</trkpt>
<trkpt lat="-35.639199000" lon="138.341395000">
<ele>6</ele>
</trkpt>
<trkpt lat="-35.639197000" lon="138.341426000">
<ele>6</ele>
</trkpt>
<trkpt lat="-35.639196000" lon="138.341459000">
<ele>6</ele>
</trkpt>
<trkpt lat="-35.639196000" lon="138.341492000">
<ele>6</ele>
</trkpt>
<trkpt lat="-35.639195000" lon="138.341527000">
<ele>6</ele>
</trkpt>
<trkpt lat="-35.639191000" lon="138.341563000">
<ele>6</ele>
</trkpt>
<trkpt lat="-35.639189000" lon="138.341600000">
<ele>6</ele>
</trkpt>
<trkpt lat="-35.639186000" lon="138.341635000">
<ele>7</ele>
</trkpt>
<trkpt lat="-35.639183000" lon="138.341669000">
<ele>7</ele>
</trkpt>
<trkpt lat="-35.639183000" lon="138.341705000">
<ele>7</ele>
</trkpt>
<trkpt lat="-35.639184000" lon="138.341740000">
<ele>7</ele>
</trkpt>
<trkpt lat="-35.639185000" lon="138.341776000">
<ele>7</ele>
</trkpt>
<trkpt lat="-35.639184000" lon="138.341812000">
<ele>7</ele>
</trkpt>
<trkpt lat="-35.639182000" lon="138.341849000">
<ele>7</ele>
</trkpt>
<trkpt lat="-35.639182000" lon="138.341883000">
<ele>8</ele>
</trkpt>
<trkpt lat="-35.639178000" lon="138.341918000">
<ele>8</ele>
</trkpt>
<trkpt lat="-35.639175000" lon="138.341953000">
<ele>8</ele>
</trkpt>
<trkpt lat="-35.639171000" lon="138.341987000">
<ele>8</ele>
</trkpt>
<trkpt lat="-35.639167000" lon="138.342021000">
<ele>8</ele>
</trkpt>
<trkpt lat="-35.639166000" lon="138.342056000">
<ele>8</ele>
</trkpt>
<trkpt lat="-35.639166000" lon="138.342095000">
<ele>7</ele>
</trkpt>
<trkpt lat="-35.639168000" lon="138.342130000">
<ele>7</ele>
</trkpt>
<trkpt lat="-35.639171000" lon="138.342165000">
<ele>7</ele>
</trkpt>
<trkpt lat="-35.639173000" lon="138.342202000">
<ele>7</ele>
</trkpt>
<trkpt lat="-35.639170000" lon="138.342234000">
<ele>7</ele>
</trkpt>
<trkpt lat="-35.639157000" lon="138.342266000">
<ele>7</ele>
</trkpt>
<trkpt lat="-35.639151000" lon="138.342293000">
<ele>7</ele>
</trkpt>
<trkpt lat="-35.639150000" lon="138.342339000">
<ele>7</ele>
</trkpt>
<trkpt lat="-35.639157000" lon="138.342363000">
<ele>7</ele>
</trkpt>
<trkpt lat="-35.639167000" lon="138.342389000">
<ele>7</ele>
</trkpt>
<trkpt lat="-35.639176000" lon="138.342418000">
<ele>7</ele>
</trkpt>
<trkpt lat="-35.639185000" lon="138.342447000">
<ele>7</ele>
</trkpt>
<trkpt lat="-35.639194000" lon="138.342476000">
<ele>7</ele>
</trkpt>
<trkpt lat="-35.639201000" lon="138.342505000">
<ele>7</ele>
</trkpt>
<trkpt lat="-35.639206000" lon="138.342536000">
<ele>7</ele>
</trkpt>
<trkpt lat="-35.639210000" lon="138.342569000">
<ele>7</ele>
</trkpt>
<trkpt lat="-35.639212000" lon="138.342602000">
<ele>7</ele>
</trkpt>
<trkpt lat="-35.639214000" lon="138.342636000">
<ele>7</ele>
</trkpt>
<trkpt lat="-35.639216000" lon="138.342668000">
<ele>7</ele>
</trkpt>
<trkpt lat="-35.639218000" lon="138.342701000">
<ele>8</ele>
</trkpt>
<trkpt lat="-35.639219000" lon="138.342735000">
<ele>8</ele>
</trkpt>
<trkpt lat="-35.639221000" lon="138.342770000">
<ele>8</ele>
</trkpt>
<trkpt lat="-35.639223000" lon="138.342805000">
<ele>8</ele>
</trkpt>
<trkpt lat="-35.639224000" lon="138.342841000">
<ele>8</ele>
</trkpt>
<trkpt lat="-35.639227000" lon="138.342875000">
<ele>7</ele>
</trkpt>
<trkpt lat="-35.639229000" lon="138.342911000">
<ele>7</ele>
</trkpt>
<trkpt lat="-35.639230000" lon="138.342944000">
<ele>7</ele>
</trkpt>
<trkpt lat="-35.639231000" lon="138.342977000">
<ele>7</ele>
</trkpt>
<trkpt lat="-35.639232000" lon="138.343012000">
<ele>7</ele>
</trkpt>
<trkpt lat="-35.639235000" lon="138.343047000">
<ele>7</ele>
</trkpt>
<trkpt lat="-35.639240000" lon="138.343080000">
<ele>7</ele>
</trkpt>
<trkpt lat="-35.639243000" lon="138.343114000">
<ele>7</ele>
</trkpt>
<trkpt lat="-35.639245000" lon="138.343147000">
<ele>7</ele>
</trkpt>
<trkpt lat="-35.639245000" lon="138.343181000">
<ele>7</ele>
</trkpt>
<trkpt lat="-35.639245000" lon="138.343212000">
<ele>7</ele>
</trkpt>
<trkpt lat="-35.639245000" lon="138.343244000">
<ele>7</ele>
</trkpt>
<trkpt lat="-35.639247000" lon="138.343274000">
<ele>6</ele>
</trkpt>
<trkpt lat="-35.639254000" lon="138.343306000">
<ele>6</ele>
</trkpt>
<trkpt lat="-35.639260000" lon="138.343336000">
<ele>6</ele>
</trkpt>
<trkpt lat="-35.639265000" lon="138.343368000">
<ele>6</ele>
</trkpt>
<trkpt lat="-35.639267000" lon="138.343401000">
<ele>6</ele>
</trkpt>
<trkpt lat="-35.639271000" lon="138.343434000">
<ele>6</ele>
</trkpt>
<trkpt lat="-35.639274000" lon="138.343467000">
<ele>6</ele>
</trkpt>
<trkpt lat="-35.639276000" lon="138.343500000">
<ele>6</ele>
</trkpt>
<trkpt lat="-35.639279000" lon="138.343532000">
<ele>6</ele>
</trkpt>
<trkpt lat="-35.639282000" lon="138.343564000">
<ele>6</ele>
</trkpt>
<trkpt lat="-35.639287000" lon="138.343596000">
<ele>6</ele>
</trkpt>
<trkpt lat="-35.639291000" lon="138.343628000">
<ele>6</ele>
</trkpt>
<trkpt lat="-35.639295000" lon="138.343660000">
<ele>6</ele>
</trkpt>
<trkpt lat="-35.639297000" lon="138.343695000">
<ele>6</ele>
</trkpt>
<trkpt lat="-35.639302000" lon="138.343726000">
<ele>6</ele>
</trkpt>
<trkpt lat="-35.639306000" lon="138.343762000">
<ele>7</ele>
</trkpt>
<trkpt lat="-35.639307000" lon="138.343796000">
<ele>7</ele>
</trkpt>
<trkpt lat="-35.639304000" lon="138.343832000">
<ele>7</ele>
</trkpt>
<trkpt lat="-35.639309000" lon="138.343865000">
<ele>7</ele>
</trkpt>
<trkpt lat="-35.639307000" lon="138.343900000">
<ele>7</ele>
</trkpt>
<trkpt lat="-35.639306000" lon="138.343935000">
<ele>7</ele>
</trkpt>
<trkpt lat="-35.639307000" lon="138.343967000">
<ele>7</ele>
</trkpt>
<trkpt lat="-35.639311000" lon="138.344000000">
<ele>7</ele>
</trkpt>
<trkpt lat="-35.639315000" lon="138.344035000">
<ele>7</ele>
</trkpt>
<trkpt lat="-35.639316000" lon="138.344067000">
<ele>7</ele>
</trkpt>
<trkpt lat="-35.639319000" lon="138.344100000">
<ele>7</ele>
</trkpt>
<trkpt lat="-35.639322000" lon="138.344134000">
<ele>7</ele>
</trkpt>
<trkpt lat="-35.639326000" lon="138.344165000">
<ele>7</ele>
</trkpt>
<trkpt lat="-35.639332000" lon="138.344196000">
<ele>7</ele>
</trkpt>
<trkpt lat="-35.639335000" lon="138.344230000">
<ele>7</ele>
</trkpt>
<trkpt lat="-35.639337000" lon="138.344263000">
<ele>7</ele>
</trkpt>
<trkpt lat="-35.639337000" lon="138.344296000">
<ele>7</ele>
</trkpt>
<trkpt lat="-35.639340000" lon="138.344327000">
<ele>7</ele>
</trkpt>
<trkpt lat="-35.639345000" lon="138.344359000">
<ele>7</ele>
</trkpt>
<trkpt lat="-35.639348000" lon="138.344391000">
<ele>7</ele>
</trkpt>
<trkpt lat="-35.639351000" lon="138.344422000">
<ele>7</ele>
</trkpt>
<trkpt lat="-35.639355000" lon="138.344455000">
<ele>7</ele>
</trkpt>
<trkpt lat="-35.639357000" lon="138.344488000">
<ele>7</ele>
</trkpt>
<trkpt lat="-35.639364000" lon="138.344517000">
<ele>8</ele>
</trkpt>
<trkpt lat="-35.639371000" lon="138.344549000">
<ele>8</ele>
</trkpt>
<trkpt lat="-35.639379000" lon="138.344579000">
<ele>8</ele>
</trkpt>
<trkpt lat="-35.639391000" lon="138.344607000">
<ele>8</ele>
</trkpt>
<trkpt lat="-35.639398000" lon="138.344640000">
<ele>8</ele>
</trkpt>
<trkpt lat="-35.639404000" lon="138.344673000">
<ele>8</ele>
</trkpt>
<trkpt lat="-35.639409000" lon="138.344705000">
<ele>8</ele>
</trkpt>
<trkpt lat="-35.639412000" lon="138.344739000">
<ele>8</ele>
</trkpt>
<trkpt lat="-35.639419000" lon="138.344771000">
<ele>8</ele>
</trkpt>
<trkpt lat="-35.639425000" lon="138.344805000">
<ele>8</ele>
</trkpt>
<trkpt lat="-35.639429000" lon="138.344839000">
<ele>8</ele>
</trkpt>
<trkpt lat="-35.639434000" lon="138.344869000">
<ele>9</ele>
</trkpt>
<trkpt lat="-35.639437000" lon="138.344907000">
<ele>9</ele>
</trkpt>
<trkpt lat="-35.639439000" lon="138.344942000">
<ele>9</ele>
</trkpt>
<trkpt lat="-35.639442000" lon="138.344976000">
<ele>9</ele>
</trkpt>
<trkpt lat="-35.639443000" lon="138.345011000">
<ele>9</ele>
</trkpt>
<trkpt lat="-35.639445000" lon="138.345044000">
<ele>9</ele>
</trkpt>
<trkpt lat="-35.639449000" lon="138.345078000">
<ele>9</ele>
</trkpt>
<trkpt lat="-35.639454000" lon="138.345111000">
<ele>9</ele>
</trkpt>
<trkpt lat="-35.639457000" lon="138.345144000">
<ele>9</ele>
</trkpt>
<trkpt lat="-35.639462000" lon="138.345176000">
<ele>9</ele>
</trkpt>
<trkpt lat="-35.639467000" lon="138.345208000">
<ele>9</ele>
</trkpt>
<trkpt lat="-35.639471000" lon="138.345240000">
<ele>9</ele>
</trkpt>
<trkpt lat="-35.639475000" lon="138.345273000">
<ele>9</ele>
</trkpt>
<trkpt lat="-35.639480000" lon="138.345305000">
<ele>9</ele>
</trkpt>
<trkpt lat="-35.639485000" lon="138.345336000">
<ele>8</ele>
</trkpt>
<trkpt lat="-35.639488000" lon="138.345370000">
<ele>8</ele>
</trkpt>
<trkpt lat="-35.639484000" lon="138.345403000">
<ele>8</ele>
</trkpt>
<trkpt lat="-35.639480000" lon="138.345434000">
<ele>8</ele>
</trkpt>
<trkpt lat="-35.639478000" lon="138.345466000">
<ele>8</ele>
</trkpt>
<trkpt lat="-35.639479000" lon="138.345496000">
<ele>8</ele>
</trkpt>
<trkpt lat="-35.639483000" lon="138.345524000">
<ele>8</ele>
</trkpt>
<trkpt lat="-35.639488000" lon="138.345549000">
<ele>8</ele>
</trkpt>
<trkpt lat="-35.639495000" lon="138.345575000">
<ele>7</ele>
</trkpt>
<trkpt lat="-35.639505000" lon="138.345601000">
<ele>7</ele>
</trkpt>
<trkpt lat="-35.639513000" lon="138.345628000">
<ele>7</ele>
</trkpt>
<trkpt lat="-35.639520000" lon="138.345657000">
<ele>7</ele>
</trkpt>
<trkpt lat="-35.639522000" lon="138.345688000">
<ele>7</ele>
</trkpt>
<trkpt lat="-35.639528000" lon="138.345719000">
<ele>7</ele>
</trkpt>
<trkpt lat="-35.639534000" lon="138.345752000">
<ele>7</ele>
</trkpt>
<trkpt lat="-35.639536000" lon="138.345783000">
<ele>7</ele>
</trkpt>
<trkpt lat="-35.639534000" lon="138.345817000">
<ele>7</ele>
</trkpt>
<trkpt lat="-35.639530000" lon="138.345852000">
<ele>7</ele>
</trkpt>
<trkpt lat="-35.639529000" lon="138.345875000">
<ele>7</ele>
</trkpt>
<trkpt lat="-35.639532000" lon="138.345905000">
<ele>7</ele>
</trkpt>
<trkpt lat="-35.639537000" lon="138.345942000">
<ele>7</ele>
</trkpt>
<trkpt lat="-35.639537000" lon="138.345969000">
<ele>7</ele>
</trkpt>
<trkpt lat="-35.639532000" lon="138.345997000">
<ele>7</ele>
</trkpt>
<trkpt lat="-35.639531000" lon="138.346026000">
<ele>7</ele>
</trkpt>
<trkpt lat="-35.639529000" lon="138.346056000">
<ele>7</ele>
</trkpt>
<trkpt lat="-35.639528000" lon="138.346084000">
<ele>7</ele>
</trkpt>
<trkpt lat="-35.639528000" lon="138.346118000">
<ele>7</ele>
</trkpt>
<trkpt lat="-35.639524000" lon="138.346147000">
<ele>7</ele>
</trkpt>
<trkpt lat="-35.639519000" lon="138.346179000">
<ele>7</ele>
</trkpt>
<trkpt lat="-35.639514000" lon="138.346209000">
<ele>7</ele>
</trkpt>
<trkpt lat="-35.639511000" lon="138.346242000">
<ele>7</ele>
</trkpt>
<trkpt lat="-35.639511000" lon="138.346272000">
<ele>7</ele>
</trkpt>
<trkpt lat="-35.639511000" lon="138.346305000">
<ele>7</ele>
</trkpt>
<trkpt lat="-35.639510000" lon="138.346338000">
<ele>7</ele>
</trkpt>
<trkpt lat="-35.639509000" lon="138.346371000">
<ele>8</ele>
</trkpt>
<trkpt lat="-35.639508000" lon="138.346402000">
<ele>7</ele>
</trkpt>
<trkpt lat="-35.639509000" lon="138.346433000">
<ele>7</ele>
</trkpt>
<trkpt lat="-35.639509000" lon="138.346465000">
<ele>7</ele>
</trkpt>
<trkpt lat="-35.639508000" lon="138.346499000">
<ele>7</ele>
</trkpt>
<trkpt lat="-35.639507000" lon="138.346533000">
<ele>7</ele>
</trkpt>
<trkpt lat="-35.639508000" lon="138.346569000">
<ele>7</ele>
</trkpt>
<trkpt lat="-35.639507000" lon="138.346602000">
<ele>7</ele>
</trkpt>
<trkpt lat="-35.639507000" lon="138.346637000">
<ele>7</ele>
</trkpt>
<trkpt lat="-35.639507000" lon="138.346670000">
<ele>7</ele>
</trkpt>
<trkpt lat="-35.639505000" lon="138.346704000">
<ele>7</ele>
</trkpt>
<trkpt lat="-35.639499000" lon="138.346737000">
<ele>7</ele>
</trkpt>
<trkpt lat="-35.639493000" lon="138.346771000">
<ele>7</ele>
</trkpt>
<trkpt lat="-35.639490000" lon="138.346804000">
<ele>7</ele>
</trkpt>
<trkpt lat="-35.639489000" lon="138.346839000">
<ele>7</ele>
</trkpt>
<trkpt lat="-35.639487000" lon="138.346874000">
<ele>7</ele>
</trkpt>
<trkpt lat="-35.639482000" lon="138.346910000">
<ele>7</ele>
</trkpt>
<trkpt lat="-35.639478000" lon="138.346944000">
<ele>7</ele>
</trkpt>
<trkpt lat="-35.639472000" lon="138.346979000">
<ele>7</ele>
</trkpt>
<trkpt lat="-35.639470000" lon="138.346996000">
<ele>7</ele>
</trkpt>
<trkpt lat="-35.639466000" lon="138.347045000">
<ele>7</ele>
</trkpt>
<trkpt lat="-35.639462000" lon="138.347077000">
<ele>7</ele>
</trkpt>
<trkpt lat="-35.639460000" lon="138.347108000">
<ele>7</ele>
</trkpt>
<trkpt lat="-35.639454000" lon="138.347141000">
<ele>7</ele>
</trkpt>
<trkpt lat="-35.639444000" lon="138.347172000">
<ele>7</ele>
</trkpt>
<trkpt lat="-35.639432000" lon="138.347205000">
<ele>7</ele>
</trkpt>
<trkpt lat="-35.639424000" lon="138.347234000">
<ele>7</ele>
</trkpt>
<trkpt lat="-35.639420000" lon="138.347262000">
<ele>7</ele>
</trkpt>
<trkpt lat="-35.639419000" lon="138.347277000">
<ele>8</ele>
</trkpt>
<trkpt lat="-35.639410000" lon="138.347318000">
<ele>8</ele>
</trkpt>
<trkpt lat="-35.639406000" lon="138.347344000">
<ele>8</ele>
</trkpt>
<trkpt lat="-35.639399000" lon="138.347367000">
<ele>8</ele>
</trkpt>
<trkpt lat="-35.639393000" lon="138.347393000">
<ele>8</ele>
</trkpt>
<trkpt lat="-35.639388000" lon="138.347424000">
<ele>8</ele>
</trkpt>
<trkpt lat="-35.639385000" lon="138.347453000">
<ele>8</ele>
</trkpt>
<trkpt lat="-35.639378000" lon="138.347473000">
<ele>8</ele>
</trkpt>
<trkpt lat="-35.639376000" lon="138.347502000">
<ele>8</ele>
</trkpt>
<trkpt lat="-35.639367000" lon="138.347523000">
<ele>9</ele>
</trkpt>
<trkpt lat="-35.639361000" lon="138.347549000">
<ele>9</ele>
</trkpt>
<trkpt lat="-35.639356000" lon="138.347575000">
<ele>9</ele>
</trkpt>
<trkpt lat="-35.639350000" lon="138.347602000">
<ele>9</ele>
</trkpt>
<trkpt lat="-35.639346000" lon="138.347627000">
<ele>9</ele>
</trkpt>
<trkpt lat="-35.639353000" lon="138.347650000">
<ele>9</ele>
</trkpt>
<trkpt lat="-35.639359000" lon="138.347674000">
<ele>9</ele>
</trkpt>
<trkpt lat="-35.639367000" lon="138.347696000">
<ele>9</ele>
</trkpt>
<trkpt lat="-35.639380000" lon="138.347725000">
<ele>9</ele>
</trkpt>
<trkpt lat="-35.639379000" lon="138.347741000">
<ele>9</ele>
</trkpt>
<trkpt lat="-35.639386000" lon="138.347765000">
<ele>9</ele>
</trkpt>
<trkpt lat="-35.639391000" lon="138.347790000">
<ele>9</ele>
</trkpt>
<trkpt lat="-35.639395000" lon="138.347814000">
<ele>9</ele>
</trkpt>
<trkpt lat="-35.639397000" lon="138.347841000">
<ele>8</ele>
</trkpt>
<trkpt lat="-35.639400000" lon="138.347867000">
<ele>8</ele>
</trkpt>
<trkpt lat="-35.639401000" lon="138.347892000">
<ele>8</ele>
</trkpt>
<trkpt lat="-35.639403000" lon="138.347918000">
<ele>8</ele>
</trkpt>
<trkpt lat="-35.639407000" lon="138.347942000">
<ele>8</ele>
</trkpt>
<trkpt lat="-35.639408000" lon="138.347967000">
<ele>8</ele>
</trkpt>
<trkpt lat="-35.639406000" lon="138.347991000">
<ele>8</ele>
</trkpt>
<trkpt lat="-35.639405000" lon="138.348017000">
<ele>8</ele>
</trkpt>
<trkpt lat="-35.639405000" lon="138.348044000">
<ele>8</ele>
</trkpt>
<trkpt lat="-35.639403000" lon="138.348072000">
<ele>8</ele>
</trkpt>
<trkpt lat="-35.639404000" lon="138.348098000">
<ele>8</ele>
</trkpt>
<trkpt lat="-35.639405000" lon="138.348122000">
<ele>8</ele>
</trkpt>
<trkpt lat="-35.639406000" lon="138.348147000">
<ele>8</ele>
</trkpt>
<trkpt lat="-35.639409000" lon="138.348169000">
<ele>8</ele>
</trkpt>
<trkpt lat="-35.639410000" lon="138.348193000">
<ele>8</ele>
</trkpt>
<trkpt lat="-35.639407000" lon="138.348217000">
<ele>8</ele>
</trkpt>
<trkpt lat="-35.639406000" lon="138.348236000">
<ele>8</ele>
</trkpt>
<trkpt lat="-35.639373000" lon="138.348343000">
<ele>8</ele>
</trkpt>
<trkpt lat="-35.639375000" lon="138.348398000">
<ele>8</ele>
</trkpt>
<trkpt lat="-35.639332000" lon="138.348510000">
<ele>9</ele>
</trkpt>
<trkpt lat="-35.639288000" lon="138.348566000">
<ele>10</ele>
</trkpt>
<trkpt lat="-35.639244000" lon="138.348623000">
<ele>11</ele>
</trkpt>
<trkpt lat="-35.639154000" lon="138.348626000">
<ele>13</ele>
</trkpt>
<trkpt lat="-35.639064000" lon="138.348629000">
<ele>14</ele>
</trkpt>
<trkpt lat="-35.638972000" lon="138.348602000">
<ele>14</ele>
</trkpt>
<trkpt lat="-35.638941000" lon="138.348612000">
<ele>15</ele>
</trkpt>
<trkpt lat="-35.638914000" lon="138.348620000">
<ele>15</ele>
</trkpt>
<trkpt lat="-35.638886000" lon="138.348622000">
<ele>15</ele>
</trkpt>
<trkpt lat="-35.638858000" lon="138.348623000">
<ele>15</ele>
</trkpt>
<trkpt lat="-35.638830000" lon="138.348628000">
<ele>16</ele>
</trkpt>
<trkpt lat="-35.638803000" lon="138.348631000">
<ele>16</ele>
</trkpt>
<trkpt lat="-35.638775000" lon="138.348635000">
<ele>16</ele>
</trkpt>
<trkpt lat="-35.638749000" lon="138.348639000">
<ele>17</ele>
</trkpt>
<trkpt lat="-35.638721000" lon="138.348641000">
<ele>17</ele>
</trkpt>
<trkpt lat="-35.638695000" lon="138.348643000">
<ele>17</ele>
</trkpt>
<trkpt lat="-35.638671000" lon="138.348645000">
<ele>18</ele>
</trkpt>
<trkpt lat="-35.638647000" lon="138.348648000">
<ele>18</ele>
</trkpt>
<trkpt lat="-35.638622000" lon="138.348649000">
<ele>18</ele>
</trkpt>
<trkpt lat="-35.638598000" lon="138.348650000">
<ele>19</ele>
</trkpt>
<trkpt lat="-35.638575000" lon="138.348652000">
<ele>19</ele>
</trkpt>
<trkpt lat="-35.638552000" lon="138.348655000">
<ele>20</ele>
</trkpt>
<trkpt lat="-35.638531000" lon="138.348658000">
<ele>20</ele>
</trkpt>
<trkpt lat="-35.638506000" lon="138.348660000">
<ele>21</ele>
</trkpt>
<trkpt lat="-35.638483000" lon="138.348661000">
<ele>21</ele>
</trkpt>
<trkpt lat="-35.638456000" lon="138.348664000">
<ele>22</ele>
</trkpt>
<trkpt lat="-35.638433000" lon="138.348666000">
<ele>22</ele>
</trkpt>
<trkpt lat="-35.638407000" lon="138.348667000">
<ele>23</ele>
</trkpt>
<trkpt lat="-35.638380000" lon="138.348668000">
<ele>24</ele>
</trkpt>
<trkpt lat="-35.638354000" lon="138.348673000">
<ele>24</ele>
</trkpt>
<trkpt lat="-35.638332000" lon="138.348674000">
<ele>25</ele>
</trkpt>
<trkpt lat="-35.638311000" lon="138.348677000">
<ele>26</ele>
</trkpt>
<trkpt lat="-35.638288000" lon="138.348677000">
<ele>27</ele>
</trkpt>
<trkpt lat="-35.638266000" lon="138.348680000">
<ele>27</ele>
</trkpt>
<trkpt lat="-35.638245000" lon="138.348683000">
<ele>28</ele>
</trkpt>
<trkpt lat="-35.638217000" lon="138.348685000">
<ele>29</ele>
</trkpt>
<trkpt lat="-35.638207000" lon="138.348682000">
<ele>29</ele>
</trkpt>
<trkpt lat="-35.638185000" lon="138.348682000">
<ele>30</ele>
</trkpt>
<trkpt lat="-35.638161000" lon="138.348683000">
<ele>31</ele>
</trkpt>
<trkpt lat="-35.638138000" lon="138.348689000">
<ele>32</ele>
</trkpt>
<trkpt lat="-35.638121000" lon="138.348693000">
<ele>32</ele>
</trkpt>
<trkpt lat="-35.638099000" lon="138.348697000">
<ele>33</ele>
</trkpt>
<trkpt lat="-35.638079000" lon="138.348700000">
<ele>34</ele>
</trkpt>
<trkpt lat="-35.638066000" lon="138.348701000">
<ele>34</ele>
</trkpt>
<trkpt lat="-35.638051000" lon="138.348703000">
<ele>35</ele>
</trkpt>
<trkpt lat="-35.638039000" lon="138.348703000">
<ele>35</ele>
</trkpt>
<trkpt lat="-35.638025000" lon="138.348706000">
<ele>36</ele>
</trkpt>
<trkpt lat="-35.638009000" lon="138.348707000">
<ele>36</ele>
</trkpt>
<trkpt lat="-35.637992000" lon="138.348707000">
<ele>37</ele>
</trkpt>
<trkpt lat="-35.637976000" lon="138.348710000">
<ele>37</ele>
</trkpt>
<trkpt lat="-35.637963000" lon="138.348708000">
<ele>38</ele>
</trkpt>
<trkpt lat="-35.637947000" lon="138.348711000">
<ele>38</ele>
</trkpt>
<trkpt lat="-35.637932000" lon="138.348713000">
<ele>39</ele>
</trkpt>
<trkpt lat="-35.637917000" lon="138.348716000">
<ele>39</ele>
</trkpt>
<trkpt lat="-35.637898000" lon="138.348712000">
<ele>40</ele>
</trkpt>
<trkpt lat="-35.637888000" lon="138.348721000">
<ele>40</ele>
</trkpt>
<trkpt lat="-35.637867000" lon="138.348715000">
<ele>41</ele>
</trkpt>
<trkpt lat="-35.637847000" lon="138.348716000">
<ele>42</ele>
</trkpt>
<trkpt lat="-35.637832000" lon="138.348714000">
<ele>42</ele>
</trkpt>
<trkpt lat="-35.637817000" lon="138.348716000">
<ele>43</ele>
</trkpt>
<trkpt lat="-35.637801000" lon="138.348723000">
<ele>43</ele>
</trkpt>
<trkpt lat="-35.637783000" lon="138.348726000">
<ele>44</ele>
</trkpt>
<trkpt lat="-35.637766000" lon="138.348722000">
<ele>45</ele>
</trkpt>
<trkpt lat="-35.637751000" lon="138.348719000">
<ele>45</ele>
</trkpt>
<trkpt lat="-35.637738000" lon="138.348714000">
<ele>46</ele>
</trkpt>
<trkpt lat="-35.637728000" lon="138.348714000">
<ele>47</ele>
</trkpt>
<trkpt lat="-35.637717000" lon="138.348719000">
<ele>47</ele>
</trkpt>
<trkpt lat="-35.637702000" lon="138.348719000">
<ele>48</ele>
</trkpt>
<trkpt lat="-35.637692000" lon="138.348726000">
<ele>48</ele>
</trkpt>
<trkpt lat="-35.637680000" lon="138.348727000">
<ele>49</ele>
</trkpt>
<trkpt lat="-35.637668000" lon="138.348725000">
<ele>50</ele>
</trkpt>
<trkpt lat="-35.637658000" lon="138.348728000">
<ele>50</ele>
</trkpt>
<trkpt lat="-35.637650000" lon="138.348727000">
<ele>51</ele>
</trkpt>
<trkpt lat="-35.637637000" lon="138.348731000">
<ele>51</ele>
</trkpt>
<trkpt lat="-35.637628000" lon="138.348736000">
<ele>52</ele>
</trkpt>
<trkpt lat="-35.637615000" lon="138.348744000">
<ele>52</ele>
</trkpt>
<trkpt lat="-35.637599000" lon="138.348739000">
<ele>53</ele>
</trkpt>
<trkpt lat="-35.637585000" lon="138.348738000">
<ele>54</ele>
</trkpt>
<trkpt lat="-35.637563000" lon="138.348733000">
<ele>55</ele>
</trkpt>
<trkpt lat="-35.637546000" lon="138.348740000">
<ele>56</ele>
</trkpt>
<trkpt lat="-35.637538000" lon="138.348740000">
<ele>56</ele>
</trkpt>
<trkpt lat="-35.637517000" lon="138.348747000">
<ele>57</ele>
</trkpt>
<trkpt lat="-35.637508000" lon="138.348753000">
<ele>58</ele>
</trkpt>
<trkpt lat="-35.637497000" lon="138.348750000">
<ele>58</ele>
</trkpt>
<trkpt lat="-35.637481000" lon="138.348749000">
<ele>59</ele>
</trkpt>
<trkpt lat="-35.637464000" lon="138.348749000">
<ele>60</ele>
</trkpt>
<trkpt lat="-35.637452000" lon="138.348750000">
<ele>61</ele>
</trkpt>
<trkpt lat="-35.637438000" lon="138.348750000">
<ele>62</ele>
</trkpt>
<trkpt lat="-35.637430000" lon="138.348756000">
<ele>62</ele>
</trkpt>
<trkpt lat="-35.637408000" lon="138.348756000">
<ele>64</ele>
</trkpt>
<trkpt lat="-35.637395000" lon="138.348749000">
<ele>64</ele>
</trkpt>
<trkpt lat="-35.637387000" lon="138.348747000">
<ele>65</ele>
</trkpt>
<trkpt lat="-35.637379000" lon="138.348753000">
<ele>65</ele>
</trkpt>
<trkpt lat="-35.637361000" lon="138.348756000">
<ele>66</ele>
</trkpt>
<trkpt lat="-35.637344000" lon="138.348770000">
<ele>67</ele>
</trkpt>
<trkpt lat="-35.637328000" lon="138.348774000">
<ele>68</ele>
</trkpt>
<trkpt lat="-35.637311000" lon="138.348775000">
<ele>70</ele>
</trkpt>
<trkpt lat="-35.637295000" lon="138.348774000">
<ele>71</ele>
</trkpt>
<trkpt lat="-35.637281000" lon="138.348763000">
<ele>71</ele>
</trkpt>
<trkpt lat="-35.637253000" lon="138.348754000">
<ele>73</ele>
</trkpt>
<trkpt lat="-35.637237000" lon="138.348762000">
<ele>74</ele>
</trkpt>
<trkpt lat="-35.637226000" lon="138.348767000">
<ele>75</ele>
</trkpt>
<trkpt lat="-35.637216000" lon="138.348766000">
<ele>75</ele>
</trkpt>
<trkpt lat="-35.637204000" lon="138.348766000">
<ele>76</ele>
</trkpt>
<trkpt lat="-35.637195000" lon="138.348768000">
<ele>76</ele>
</trkpt>
<trkpt lat="-35.637188000" lon="138.348777000">
<ele>76</ele>
</trkpt>
<trkpt lat="-35.637181000" lon="138.348782000">
<ele>77</ele>
</trkpt>
<trkpt lat="-35.637170000" lon="138.348781000">
<ele>77</ele>
</trkpt>
<trkpt lat="-35.637153000" lon="138.348786000">
<ele>78</ele>
</trkpt>
<trkpt lat="-35.637130000" lon="138.348788000">
<ele>79</ele>
</trkpt>
<trkpt lat="-35.637116000" lon="138.348791000">
<ele>79</ele>
</trkpt>
<trkpt lat="-35.637107000" lon="138.348788000">
<ele>79</ele>
</trkpt>
<trkpt lat="-35.637089000" lon="138.348792000">
<ele>80</ele>
</trkpt>
<trkpt lat="-35.637078000" lon="138.348796000">
<ele>81</ele>
</trkpt>
<trkpt lat="-35.637060000" lon="138.348796000">
<ele>81</ele>
</trkpt>
<trkpt lat="-35.637049000" lon="138.348798000">
<ele>82</ele>
</trkpt>
<trkpt lat="-35.637041000" lon="138.348800000">
<ele>82</ele>
</trkpt>
<trkpt lat="-35.637032000" lon="138.348802000">
<ele>82</ele>
</trkpt>
<trkpt lat="-35.637022000" lon="138.348803000">
<ele>83</ele>
</trkpt>
<trkpt lat="-35.637015000" lon="138.348796000">
<ele>83</ele>
</trkpt>
<trkpt lat="-35.637005000" lon="138.348796000">
<ele>83</ele>
</trkpt>
<trkpt lat="-35.636998000" lon="138.348795000">
<ele>84</ele>
</trkpt>
<trkpt lat="-35.636992000" lon="138.348802000">
<ele>84</ele>
</trkpt>
<trkpt lat="-35.636984000" lon="138.348803000">
<ele>84</ele>
</trkpt>
<trkpt lat="-35.636974000" lon="138.348805000">
<ele>85</ele>
</trkpt>
<trkpt lat="-35.636969000" lon="138.348807000">
<ele>85</ele>
</trkpt>
<trkpt lat="-35.636961000" lon="138.348806000">
<ele>85</ele>
</trkpt>
<trkpt lat="-35.636948000" lon="138.348807000">
<ele>86</ele>
</trkpt>
<trkpt lat="-35.636937000" lon="138.348810000">
<ele>86</ele>
</trkpt>
<trkpt lat="-35.636927000" lon="138.348810000">
<ele>86</ele>
</trkpt>
<trkpt lat="-35.636916000" lon="138.348812000">
<ele>87</ele>
</trkpt>
<trkpt lat="-35.636899000" lon="138.348816000">
<ele>87</ele>
</trkpt>
<trkpt lat="-35.636886000" lon="138.348816000">
<ele>87</ele>
</trkpt>
<trkpt lat="-35.636874000" lon="138.348819000">
<ele>88</ele>
</trkpt>
<trkpt lat="-35.636864000" lon="138.348819000">
<ele>88</ele>
</trkpt>
<trkpt lat="-35.636849000" lon="138.348822000">
<ele>89</ele>
</trkpt>
<trkpt lat="-35.636834000" lon="138.348821000">
<ele>89</ele>
</trkpt>
<trkpt lat="-35.636825000" lon="138.348823000">
<ele>89</ele>
</trkpt>
<trkpt lat="-35.636816000" lon="138.348824000">
<ele>89</ele>
</trkpt>
<trkpt lat="-35.636804000" lon="138.348826000">
<ele>90</ele>
</trkpt>
<trkpt lat="-35.636790000" lon="138.348829000">
<ele>90</ele>
</trkpt>
<trkpt lat="-35.636781000" lon="138.348833000">
<ele>91</ele>
</trkpt>
<trkpt lat="-35.636773000" lon="138.348834000">
<ele>91</ele>
</trkpt>
<trkpt lat="-35.636766000" lon="138.348834000">
<ele>91</ele>
</trkpt>
<trkpt lat="-35.636760000" lon="138.348837000">
<ele>91</ele>
</trkpt>
<trkpt lat="-35.636750000" lon="138.348839000">
<ele>91</ele>
</trkpt>
<trkpt lat="-35.636742000" lon="138.348838000">
<ele>92</ele>
</trkpt>
<trkpt lat="-35.636731000" lon="138.348838000">
<ele>92</ele>
</trkpt>
<trkpt lat="-35.636724000" lon="138.348839000">
<ele>92</ele>
</trkpt>
<trkpt lat="-35.636717000" lon="138.348841000">
<ele>92</ele>
</trkpt>
<trkpt lat="-35.636708000" lon="138.348841000">
<ele>93</ele>
</trkpt>
<trkpt lat="-35.636697000" lon="138.348841000">
<ele>93</ele>
</trkpt>
<trkpt lat="-35.636689000" lon="138.348844000">
<ele>93</ele>
</trkpt>
<trkpt lat="-35.636683000" lon="138.348846000">
<ele>93</ele>
</trkpt>
<trkpt lat="-35.636676000" lon="138.348845000">
<ele>94</ele>
</trkpt>
<trkpt lat="-35.636658000" lon="138.348843000">
<ele>94</ele>
</trkpt>
<trkpt lat="-35.636648000" lon="138.348846000">
<ele>95</ele>
</trkpt>
<trkpt lat="-35.636641000" lon="138.348847000">
<ele>95</ele>
</trkpt>
<trkpt lat="-35.636629000" lon="138.348850000">
<ele>95</ele>
</trkpt>
<trkpt lat="-35.636622000" lon="138.348853000">
<ele>95</ele>
</trkpt>
<trkpt lat="-35.636614000" lon="138.348852000">
<ele>96</ele>
</trkpt>
<trkpt lat="-35.636605000" lon="138.348855000">
<ele>96</ele>
</trkpt>
<trkpt lat="-35.636598000" lon="138.348855000">
<ele>96</ele>
</trkpt>
<trkpt lat="-35.636589000" lon="138.348857000">
<ele>97</ele>
</trkpt>
<trkpt lat="-35.636580000" lon="138.348857000">
<ele>97</ele>
</trkpt>
<trkpt lat="-35.636572000" lon="138.348857000">
<ele>97</ele>
</trkpt>
<trkpt lat="-35.636557000" lon="138.348860000">
<ele>98</ele>
</trkpt>
<trkpt lat="-35.636546000" lon="138.348862000">
<ele>98</ele>
</trkpt>
<trkpt lat="-35.636534000" lon="138.348863000">
<ele>99</ele>
</trkpt>
<trkpt lat="-35.636519000" lon="138.348863000">
<ele>99</ele>
</trkpt>
<trkpt lat="-35.636506000" lon="138.348867000">
<ele>100</ele>
</trkpt>
<trkpt lat="-35.636493000" lon="138.348867000">
<ele>100</ele>
</trkpt>
<trkpt lat="-35.636480000" lon="138.348867000">
<ele>101</ele>
</trkpt>
<trkpt lat="-35.636466000" lon="138.348874000">
<ele>101</ele>
</trkpt>
<trkpt lat="-35.636451000" lon="138.348872000">
<ele>102</ele>
</trkpt>
<trkpt lat="-35.636437000" lon="138.348875000">
<ele>102</ele>
</trkpt>
<trkpt lat="-35.636426000" lon="138.348873000">
<ele>103</ele>
</trkpt>
<trkpt lat="-35.636416000" lon="138.348875000">
<ele>103</ele>
</trkpt>
<trkpt lat="-35.636393000" lon="138.348881000">
<ele>104</ele>
</trkpt>
<trkpt lat="-35.636370000" lon="138.348883000">
<ele>105</ele>
</trkpt>
<trkpt lat="-35.636351000" lon="138.348885000">
<ele>105</ele>
</trkpt>
<trkpt lat="-35.636333000" lon="138.348886000">
<ele>106</ele>
</trkpt>
<trkpt lat="-35.636323000" lon="138.348890000">
<ele>106</ele>
</trkpt>
<trkpt lat="-35.636313000" lon="138.348891000">
<ele>106</ele>
</trkpt>
<trkpt lat="-35.636292000" lon="138.348892000">
<ele>107</ele>
</trkpt>
<trkpt lat="-35.636271000" lon="138.348897000">
<ele>108</ele>
</trkpt>
<trkpt lat="-35.636248000" lon="138.348900000">
<ele>109</ele>
</trkpt>
<trkpt lat="-35.636230000" lon="138.348904000">
<ele>109</ele>
</trkpt>
<trkpt lat="-35.636210000" lon="138.348909000">
<ele>110</ele>
</trkpt>
<trkpt lat="-35.636190000" lon="138.348911000">
<ele>111</ele>
</trkpt>
<trkpt lat="-35.636169000" lon="138.348911000">
<ele>111</ele>
</trkpt>
<trkpt lat="-35.636147000" lon="138.348913000">
<ele>112</ele>
</trkpt>
<trkpt lat="-35.636125000" lon="138.348920000">
<ele>113</ele>
</trkpt>
<trkpt lat="-35.636102000" lon="138.348925000">
<ele>113</ele>
</trkpt>
<trkpt lat="-35.636079000" lon="138.348927000">
<ele>113</ele>
</trkpt>
<trkpt lat="-35.636055000" lon="138.348932000">
<ele>114</ele>
</trkpt>
<trkpt lat="-35.636032000" lon="138.348936000">
<ele>114</ele>
</trkpt>
<trkpt lat="-35.636010000" lon="138.348939000">
<ele>114</ele>
</trkpt>
<trkpt lat="-35.635988000" lon="138.348945000">
<ele>114</ele>
</trkpt>
<trkpt lat="-35.635963000" lon="138.348951000">
<ele>114</ele>
</trkpt>
<trkpt lat="-35.635938000" lon="138.348953000">
<ele>114</ele>
</trkpt>
<trkpt lat="-35.635913000" lon="138.348959000">
<ele>114</ele>
</trkpt>
<trkpt lat="-35.635888000" lon="138.348963000">
<ele>114</ele>
</trkpt>
<trkpt lat="-35.635866000" lon="138.348967000">
<ele>114</ele>
</trkpt>
<trkpt lat="-35.635843000" lon="138.348972000">
<ele>114</ele>
</trkpt>
<trkpt lat="-35.635821000" lon="138.348976000">
<ele>114</ele>
</trkpt>
<trkpt lat="-35.635797000" lon="138.348979000">
<ele>114</ele>
</trkpt>
<trkpt lat="-35.635776000" lon="138.348982000">
<ele>114</ele>
</trkpt>
<trkpt lat="-35.635737000" lon="138.348985000">
<ele>114</ele>
</trkpt>
<trkpt lat="-35.635695000" lon="138.348984000">
<ele>113</ele>
</trkpt>
<trkpt lat="-35.635677000" lon="138.348987000">
<ele>113</ele>
</trkpt>
<trkpt lat="-35.635660000" lon="138.348990000">
<ele>113</ele>
</trkpt>
<trkpt lat="-35.635645000" lon="138.348993000">
<ele>113</ele>
</trkpt>
<trkpt lat="-35.635631000" lon="138.348999000">
<ele>113</ele>
</trkpt>
<trkpt lat="-35.635616000" lon="138.349003000">
<ele>113</ele>
</trkpt>
<trkpt lat="-35.635601000" lon="138.349006000">
<ele>113</ele>
</trkpt>
<trkpt lat="-35.635586000" lon="138.349008000">
<ele>113</ele>
</trkpt>
<trkpt lat="-35.635571000" lon="138.349010000">
<ele>113</ele>
</trkpt>
<trkpt lat="-35.635554000" lon="138.349013000">
<ele>113</ele>
</trkpt>
<trkpt lat="-35.635540000" lon="138.349018000">
<ele>112</ele>
</trkpt>
<trkpt lat="-35.635527000" lon="138.349019000">
<ele>112</ele>
</trkpt>
<trkpt lat="-35.635514000" lon="138.349022000">
<ele>112</ele>
</trkpt>
<trkpt lat="-35.635503000" lon="138.349028000">
<ele>112</ele>
</trkpt>
<trkpt lat="-35.635492000" lon="138.349031000">
<ele>111</ele>
</trkpt>
<trkpt lat="-35.635480000" lon="138.349033000">
<ele>111</ele>
</trkpt>
<trkpt lat="-35.635463000" lon="138.349037000">
<ele>111</ele>
</trkpt>
<trkpt lat="-35.635443000" lon="138.349041000">
<ele>110</ele>
</trkpt>
<trkpt lat="-35.635422000" lon="138.349045000">
<ele>110</ele>
</trkpt>
<trkpt lat="-35.635401000" lon="138.349049000">
<ele>109</ele>
</trkpt>
<trkpt lat="-35.635380000" lon="138.349052000">
<ele>109</ele>
</trkpt>
<trkpt lat="-35.635361000" lon="138.349055000">
<ele>109</ele>
</trkpt>
<trkpt lat="-35.635343000" lon="138.349059000">
<ele>108</ele>
</trkpt>
<trkpt lat="-35.635334000" lon="138.349059000">
<ele>108</ele>
</trkpt>
<trkpt lat="-35.635328000" lon="138.349038000">
<ele>107</ele>
</trkpt>
<trkpt lat="-35.635328000" lon="138.349014000">
<ele>107</ele>
</trkpt>
<trkpt lat="-35.635325000" lon="138.348992000">
<ele>106</ele>
</trkpt>
<trkpt lat="-35.635323000" lon="138.348975000">
<ele>106</ele>
</trkpt>
<trkpt lat="-35.635323000" lon="138.348956000">
<ele>106</ele>
</trkpt>
<trkpt lat="-35.635307000" lon="138.348935000">
<ele>105</ele>
</trkpt>
<trkpt lat="-35.635303000" lon="138.348934000">
<ele>105</ele>
</trkpt>
<trkpt lat="-35.635292000" lon="138.348934000">
<ele>104</ele>
</trkpt>
<trkpt lat="-35.635274000" lon="138.348931000">
<ele>104</ele>
</trkpt>
<trkpt lat="-35.635256000" lon="138.348927000">
<ele>103</ele>
</trkpt>
<trkpt lat="-35.635237000" lon="138.348921000">
<ele>103</ele>
</trkpt>
<trkpt lat="-35.635221000" lon="138.348915000">
<ele>103</ele>
</trkpt>
<trkpt lat="-35.635202000" lon="138.348909000">
<ele>102</ele>
</trkpt>
<trkpt lat="-35.635186000" lon="138.348908000">
<ele>102</ele>
</trkpt>
<trkpt lat="-35.635167000" lon="138.348908000">
<ele>101</ele>
</trkpt>
<trkpt lat="-35.635150000" lon="138.348911000">
<ele>101</ele>
</trkpt>
<trkpt lat="-35.635132000" lon="138.348909000">
<ele>101</ele>
</trkpt>
<trkpt lat="-35.635117000" lon="138.348915000">
<ele>101</ele>
</trkpt>
<trkpt lat="-35.635100000" lon="138.348917000">
<ele>100</ele>
</trkpt>
<trkpt lat="-35.635083000" lon="138.348919000">
<ele>100</ele>
</trkpt>
<trkpt lat="-35.635067000" lon="138.348922000">
<ele>100</ele>
</trkpt>
<trkpt lat="-35.635053000" lon="138.348922000">
<ele>100</ele>
</trkpt>
<trkpt lat="-35.635036000" lon="138.348919000">
<ele>99</ele>
</trkpt>
<trkpt lat="-35.635014000" lon="138.348917000">
<ele>99</ele>
</trkpt>
<trkpt lat="-35.634995000" lon="138.348918000">
<ele>99</ele>
</trkpt>
<trkpt lat="-35.634974000" lon="138.348919000">
<ele>99</ele>
</trkpt>
<trkpt lat="-35.634954000" lon="138.348918000">
<ele>99</ele>
</trkpt>
<trkpt lat="-35.634933000" lon="138.348917000">
<ele>99</ele>
</trkpt>
<trkpt lat="-35.634913000" lon="138.348919000">
<ele>99</ele>
</trkpt>
<trkpt lat="-35.634896000" lon="138.348923000">
<ele>99</ele>
</trkpt>
<trkpt lat="-35.634877000" lon="138.348923000">
<ele>99</ele>
</trkpt>
<trkpt lat="-35.634863000" lon="138.348924000">
<ele>99</ele>
</trkpt>
<trkpt lat="-35.634833000" lon="138.348922000">
<ele>99</ele>
</trkpt>
<trkpt lat="-35.634814000" lon="138.348922000">
<ele>99</ele>
</trkpt>
<trkpt lat="-35.634747000" lon="138.349048000">
<ele>101</ele>
</trkpt>
<trkpt lat="-35.634706000" lon="138.349215000">
<ele>105</ele>
</trkpt>
<trkpt lat="-35.634663000" lon="138.349326000">
<ele>108</ele>
</trkpt>
<trkpt lat="-35.634574000" lon="138.349385000">
<ele>111</ele>
</trkpt>
<trkpt lat="-35.634485000" lon="138.349443000">
<ele>113</ele>
</trkpt>
<trkpt lat="-35.634398000" lon="138.349556000">
<ele>117</ele>
</trkpt>
<trkpt lat="-35.634264000" lon="138.349616000">
<ele>120</ele>
</trkpt>
<trkpt lat="-35.634086000" lon="138.349732000">
<ele>124</ele>
</trkpt>
<trkpt lat="-35.633863000" lon="138.349850000">
<ele>128</ele>
</trkpt>
<trkpt lat="-35.633642000" lon="138.350023000">
<ele>134</ele>
</trkpt>
<trkpt lat="-35.633464000" lon="138.350139000">
<ele>138</ele>
</trkpt>
<trkpt lat="-35.633333000" lon="138.350177000">
<ele>140</ele>
</trkpt>
<trkpt lat="-35.633244000" lon="138.350235000">
<ele>143</ele>
</trkpt>
<trkpt lat="-35.633244000" lon="138.350235000">
<ele>143</ele>
</trkpt>
<trkpt lat="-35.633221000" lon="138.350274000">
<ele>144</ele>
</trkpt>
<trkpt lat="-35.633208000" lon="138.350284000">
<ele>145</ele>
</trkpt>
<trkpt lat="-35.633194000" lon="138.350292000">
<ele>145</ele>
</trkpt>
<trkpt lat="-35.633187000" lon="138.350297000">
<ele>146</ele>
</trkpt>
<trkpt lat="-35.633176000" lon="138.350311000">
<ele>146</ele>
</trkpt>
<trkpt lat="-35.633157000" lon="138.350320000">
<ele>147</ele>
</trkpt>
<trkpt lat="-35.633137000" lon="138.350329000">
<ele>148</ele>
</trkpt>
<trkpt lat="-35.633119000" lon="138.350339000">
<ele>148</ele>
</trkpt>
<trkpt lat="-35.633100000" lon="138.350350000">
<ele>149</ele>
</trkpt>
<trkpt lat="-35.633082000" lon="138.350360000">
<ele>150</ele>
</trkpt>
<trkpt lat="-35.633060000" lon="138.350371000">
<ele>150</ele>
</trkpt>
<trkpt lat="-35.633036000" lon="138.350388000">
<ele>151</ele>
</trkpt>
<trkpt lat="-35.633026000" lon="138.350394000">
<ele>151</ele>
</trkpt>
<trkpt lat="-35.633004000" lon="138.350407000">
<ele>151</ele>
</trkpt>
<trkpt lat="-35.632985000" lon="138.350419000">
<ele>152</ele>
</trkpt>
<trkpt lat="-35.632969000" lon="138.350429000">
<ele>152</ele>
</trkpt>
<trkpt lat="-35.632954000" lon="138.350440000">
<ele>152</ele>
</trkpt>
<trkpt lat="-35.632934000" lon="138.350450000">
<ele>153</ele>
</trkpt>
<trkpt lat="-35.632916000" lon="138.350460000">
<ele>153</ele>
</trkpt>
<trkpt lat="-35.632898000" lon="138.350469000">
<ele>153</ele>
</trkpt>
<trkpt lat="-35.632880000" lon="138.350479000">
<ele>154</ele>
</trkpt>
<trkpt lat="-35.632861000" lon="138.350489000">
<ele>154</ele>
</trkpt>
<trkpt lat="-35.632843000" lon="138.350500000">
<ele>154</ele>
</trkpt>
<trkpt lat="-35.632826000" lon="138.350511000">
<ele>155</ele>
</trkpt>
<trkpt lat="-35.632806000" lon="138.350522000">
<ele>155</ele>
</trkpt>
<trkpt lat="-35.632788000" lon="138.350534000">
<ele>156</ele>
</trkpt>
<trkpt lat="-35.632770000" lon="138.350547000">
<ele>156</ele>
</trkpt>
<trkpt lat="-35.632761000" lon="138.350553000">
<ele>156</ele>
</trkpt>
<trkpt lat="-35.632742000" lon="138.350558000">
<ele>156</ele>
</trkpt>
<trkpt lat="-35.632730000" lon="138.350562000">
<ele>156</ele>
</trkpt>
<trkpt lat="-35.632714000" lon="138.350572000">
<ele>157</ele>
</trkpt>
<trkpt lat="-35.632698000" lon="138.350582000">
<ele>157</ele>
</trkpt>
<trkpt lat="-35.632683000" lon="138.350589000">
<ele>157</ele>
</trkpt>
<trkpt lat="-35.632668000" lon="138.350597000">
<ele>157</ele>
</trkpt>
<trkpt lat="-35.632652000" lon="138.350606000">
<ele>157</ele>
</trkpt>
<trkpt lat="-35.632638000" lon="138.350614000">
<ele>157</ele>
</trkpt>
<trkpt lat="-35.632624000" lon="138.350625000">
<ele>158</ele>
</trkpt>
<trkpt lat="-35.632606000" lon="138.350637000">
<ele>158</ele>
</trkpt>
<trkpt lat="-35.632583000" lon="138.350649000">
<ele>158</ele>
</trkpt>
<trkpt lat="-35.632561000" lon="138.350662000">
<ele>158</ele>
</trkpt>
<trkpt lat="-35.632538000" lon="138.350676000">
<ele>159</ele>
</trkpt>
<trkpt lat="-35.632516000" lon="138.350689000">
<ele>159</ele>
</trkpt>
<trkpt lat="-35.632497000" lon="138.350703000">
<ele>160</ele>
</trkpt>
<trkpt lat="-35.632476000" lon="138.350714000">
<ele>160</ele>
</trkpt>
<trkpt lat="-35.632457000" lon="138.350726000">
<ele>160</ele>
</trkpt>
<trkpt lat="-35.632437000" lon="138.350737000">
<ele>161</ele>
</trkpt>
<trkpt lat="-35.632418000" lon="138.350747000">
<ele>161</ele>
</trkpt>
<trkpt lat="-35.632400000" lon="138.350757000">
<ele>161</ele>
</trkpt>
<trkpt lat="-35.632383000" lon="138.350769000">
<ele>162</ele>
</trkpt>
<trkpt lat="-35.632365000" lon="138.350781000">
<ele>162</ele>
</trkpt>
<trkpt lat="-35.632350000" lon="138.350789000">
<ele>162</ele>
</trkpt>
<trkpt lat="-35.632335000" lon="138.350798000">
<ele>163</ele>
</trkpt>
<trkpt lat="-35.632319000" lon="138.350808000">
<ele>163</ele>
</trkpt>
<trkpt lat="-35.632302000" lon="138.350815000">
<ele>163</ele>
</trkpt>
<trkpt lat="-35.632286000" lon="138.350823000">
<ele>163</ele>
</trkpt>
<trkpt lat="-35.632270000" lon="138.350832000">
<ele>163</ele>
</trkpt>
<trkpt lat="-35.632245000" lon="138.350845000">
<ele>164</ele>
</trkpt>
<trkpt lat="-35.632224000" lon="138.350858000">
<ele>164</ele>
</trkpt>
<trkpt lat="-35.632200000" lon="138.350869000">
<ele>164</ele>
</trkpt>
<trkpt lat="-35.632179000" lon="138.350884000">
<ele>164</ele>
</trkpt>
<trkpt lat="-35.632158000" lon="138.350899000">
<ele>165</ele>
</trkpt>
<trkpt lat="-35.632135000" lon="138.350909000">
<ele>165</ele>
</trkpt>
<trkpt lat="-35.632113000" lon="138.350920000">
<ele>165</ele>
</trkpt>
<trkpt lat="-35.632092000" lon="138.350933000">
<ele>165</ele>
</trkpt>
<trkpt lat="-35.632072000" lon="138.350946000">
<ele>165</ele>
</trkpt>
<trkpt lat="-35.632051000" lon="138.350958000">
<ele>165</ele>
</trkpt>
<trkpt lat="-35.632030000" lon="138.350968000">
<ele>165</ele>
</trkpt>
<trkpt lat="-35.632009000" lon="138.350981000">
<ele>165</ele>
</trkpt>
<trkpt lat="-35.631987000" lon="138.350993000">
<ele>166</ele>
</trkpt>
<trkpt lat="-35.631967000" lon="138.351005000">
<ele>166</ele>
</trkpt>
<trkpt lat="-35.631946000" lon="138.351018000">
<ele>166</ele>
</trkpt>
<trkpt lat="-35.631928000" lon="138.351029000">
<ele>166</ele>
</trkpt>
<trkpt lat="-35.631910000" lon="138.351039000">
<ele>166</ele>
</trkpt>
<trkpt lat="-35.631892000" lon="138.351051000">
<ele>166</ele>
</trkpt>
<trkpt lat="-35.631874000" lon="138.351062000">
<ele>166</ele>
</trkpt>
<trkpt lat="-35.631856000" lon="138.351071000">
<ele>166</ele>
</trkpt>
<trkpt lat="-35.631837000" lon="138.351081000">
<ele>167</ele>
</trkpt>
<trkpt lat="-35.631820000" lon="138.351090000">
<ele>167</ele>
</trkpt>
<trkpt lat="-35.631805000" lon="138.351099000">
<ele>167</ele>
</trkpt>
<trkpt lat="-35.631788000" lon="138.351106000">
<ele>167</ele>
</trkpt>
<trkpt lat="-35.631773000" lon="138.351115000">
<ele>167</ele>
</trkpt>
<trkpt lat="-35.631757000" lon="138.351124000">
<ele>167</ele>
</trkpt>
<trkpt lat="-35.631741000" lon="138.351133000">
<ele>168</ele>
</trkpt>
<trkpt lat="-35.631728000" lon="138.351141000">
<ele>168</ele>
</trkpt>
<trkpt lat="-35.631717000" lon="138.351144000">
<ele>168</ele>
</trkpt>
<trkpt lat="-35.631704000" lon="138.351153000">
<ele>168</ele>
</trkpt>
<trkpt lat="-35.631692000" lon="138.351160000">
<ele>168</ele>
</trkpt>
<trkpt lat="-35.631678000" lon="138.351171000">
<ele>168</ele>
</trkpt>
<trkpt lat="-35.631664000" lon="138.351177000">
<ele>168</ele>
</trkpt>
<trkpt lat="-35.631643000" lon="138.351186000">
<ele>168</ele>
</trkpt>
<trkpt lat="-35.631622000" lon="138.351185000">
<ele>168</ele>
</trkpt>
<trkpt lat="-35.631597000" lon="138.351187000">
<ele>168</ele>
</trkpt>
<trkpt lat="-35.631578000" lon="138.351202000">
<ele>168</ele>
</trkpt>
<trkpt lat="-35.631559000" lon="138.351218000">
<ele>168</ele>
</trkpt>
<trkpt lat="-35.631539000" lon="138.351236000">
<ele>168</ele>
</trkpt>
<trkpt lat="-35.631519000" lon="138.351252000">
<ele>168</ele>
</trkpt>
<trkpt lat="-35.631500000" lon="138.351268000">
<ele>168</ele>
</trkpt>
<trkpt lat="-35.631481000" lon="138.351283000">
<ele>168</ele>
</trkpt>
<trkpt lat="-35.631463000" lon="138.351299000">
<ele>168</ele>
</trkpt>
<trkpt lat="-35.631443000" lon="138.351317000">
<ele>168</ele>
</trkpt>
<trkpt lat="-35.631425000" lon="138.351334000">
<ele>168</ele>
</trkpt>
<trkpt lat="-35.631406000" lon="138.351348000">
<ele>168</ele>
</trkpt>
<trkpt lat="-35.631385000" lon="138.351364000">
<ele>168</ele>
</trkpt>
<trkpt lat="-35.631365000" lon="138.351380000">
<ele>168</ele>
</trkpt>
<trkpt lat="-35.631344000" lon="138.351397000">
<ele>168</ele>
</trkpt>
<trkpt lat="-35.631324000" lon="138.351414000">
<ele>168</ele>
</trkpt>
<trkpt lat="-35.631304000" lon="138.351433000">
<ele>168</ele>
</trkpt>
<trkpt lat="-35.631283000" lon="138.351450000">
<ele>168</ele>
</trkpt>
<trkpt lat="-35.631261000" lon="138.351467000">
<ele>168</ele>
</trkpt>
<trkpt lat="-35.631240000" lon="138.351485000">
<ele>168</ele>
</trkpt>
<trkpt lat="-35.631221000" lon="138.351504000">
<ele>168</ele>
</trkpt>
<trkpt lat="-35.631205000" lon="138.351522000">
<ele>169</ele>
</trkpt>
<trkpt lat="-35.631187000" lon="138.351540000">
<ele>169</ele>
</trkpt>
<trkpt lat="-35.631166000" lon="138.351554000">
<ele>169</ele>
</trkpt>
<trkpt lat="-35.631148000" lon="138.351571000">
<ele>169</ele>
</trkpt>
<trkpt lat="-35.631130000" lon="138.351588000">
<ele>170</ele>
</trkpt>
<trkpt lat="-35.631110000" lon="138.351602000">
<ele>170</ele>
</trkpt>
<trkpt lat="-35.631088000" lon="138.351617000">
<ele>170</ele>
</trkpt>
<trkpt lat="-35.631069000" lon="138.351634000">
<ele>170</ele>
</trkpt>
<trkpt lat="-35.631052000" lon="138.351653000">
<ele>171</ele>
</trkpt>
<trkpt lat="-35.631030000" lon="138.351671000">
<ele>171</ele>
</trkpt>
<trkpt lat="-35.631011000" lon="138.351688000">
<ele>171</ele>
</trkpt>
<trkpt lat="-35.630993000" lon="138.351708000">
<ele>171</ele>
</trkpt>
<trkpt lat="-35.630974000" lon="138.351722000">
<ele>171</ele>
</trkpt>
<trkpt lat="-35.630954000" lon="138.351738000">
<ele>171</ele>
</trkpt>
<trkpt lat="-35.630933000" lon="138.351756000">
<ele>171</ele>
</trkpt>
<trkpt lat="-35.630912000" lon="138.351774000">
<ele>171</ele>
</trkpt>
<trkpt lat="-35.630890000" lon="138.351790000">
<ele>171</ele>
</trkpt>
<trkpt lat="-35.630869000" lon="138.351809000">
<ele>171</ele>
</trkpt>
<trkpt lat="-35.630848000" lon="138.351825000">
<ele>172</ele>
</trkpt>
<trkpt lat="-35.630827000" lon="138.351843000">
<ele>172</ele>
</trkpt>
<trkpt lat="-35.630806000" lon="138.351861000">
<ele>171</ele>
</trkpt>
<trkpt lat="-35.630786000" lon="138.351882000">
<ele>171</ele>
</trkpt>
<trkpt lat="-35.630764000" lon="138.351901000">
<ele>171</ele>
</trkpt>
<trkpt lat="-35.630743000" lon="138.351918000">
<ele>171</ele>
</trkpt>
<trkpt lat="-35.630721000" lon="138.351936000">
<ele>171</ele>
</trkpt>
<trkpt lat="-35.630701000" lon="138.351954000">
<ele>171</ele>
</trkpt>
<trkpt lat="-35.630681000" lon="138.351975000">
<ele>171</ele>
</trkpt>
<trkpt lat="-35.630659000" lon="138.351993000">
<ele>170</ele>
</trkpt>
<trkpt lat="-35.630637000" lon="138.352011000">
<ele>170</ele>
</trkpt>
<trkpt lat="-35.630614000" lon="138.352030000">
<ele>170</ele>
</trkpt>
<trkpt lat="-35.630592000" lon="138.352049000">
<ele>169</ele>
</trkpt>
<trkpt lat="-35.630568000" lon="138.352070000">
<ele>169</ele>
</trkpt>
<trkpt lat="-35.630545000" lon="138.352088000">
<ele>169</ele>
</trkpt>
<trkpt lat="-35.630520000" lon="138.352108000">
<ele>169</ele>
</trkpt>
<trkpt lat="-35.630496000" lon="138.352130000">
<ele>169</ele>
</trkpt>
<trkpt lat="-35.630473000" lon="138.352149000">
<ele>169</ele>
</trkpt>
<trkpt lat="-35.630450000" lon="138.352169000">
<ele>169</ele>
</trkpt>
<trkpt lat="-35.630428000" lon="138.352190000">
<ele>169</ele>
</trkpt>
<trkpt lat="-35.630406000" lon="138.352210000">
<ele>169</ele>
</trkpt>
<trkpt lat="-35.630383000" lon="138.352228000">
<ele>169</ele>
</trkpt>
<trkpt lat="-35.630361000" lon="138.352244000">
<ele>169</ele>
</trkpt>
<trkpt lat="-35.630340000" lon="138.352262000">
<ele>169</ele>
</trkpt>
<trkpt lat="-35.630319000" lon="138.352279000">
<ele>169</ele>
</trkpt>
<trkpt lat="-35.630301000" lon="138.352296000">
<ele>169</ele>
</trkpt>
<trkpt lat="-35.630286000" lon="138.352309000">
<ele>169</ele>
</trkpt>
<trkpt lat="-35.630270000" lon="138.352323000">
<ele>169</ele>
</trkpt>
<trkpt lat="-35.630254000" lon="138.352336000">
<ele>170</ele>
</trkpt>
<trkpt lat="-35.630237000" lon="138.352347000">
<ele>170</ele>
</trkpt>
<trkpt lat="-35.630222000" lon="138.352361000">
<ele>170</ele>
</trkpt>
<trkpt lat="-35.630207000" lon="138.352375000">
<ele>170</ele>
</trkpt>
<trkpt lat="-35.630192000" lon="138.352392000">
<ele>170</ele>
</trkpt>
<trkpt lat="-35.630176000" lon="138.352406000">
<ele>171</ele>
</trkpt>
<trkpt lat="-35.630160000" lon="138.352420000">
<ele>171</ele>
</trkpt>
<trkpt lat="-35.630144000" lon="138.352432000">
<ele>171</ele>
</trkpt>
<trkpt lat="-35.630125000" lon="138.352446000">
<ele>171</ele>
</trkpt>
<trkpt lat="-35.630109000" lon="138.352459000">
<ele>172</ele>
</trkpt>
<trkpt lat="-35.630095000" lon="138.352470000">
<ele>172</ele>
</trkpt>
<trkpt lat="-35.630080000" lon="138.352485000">
<ele>172</ele>
</trkpt>
<trkpt lat="-35.630065000" lon="138.352497000">
<ele>173</ele>
</trkpt>
<trkpt lat="-35.630049000" lon="138.352509000">
<ele>173</ele>
</trkpt>
<trkpt lat="-35.630034000" lon="138.352524000">
<ele>173</ele>
</trkpt>
<trkpt lat="-35.630019000" lon="138.352537000">
<ele>173</ele>
</trkpt>
<trkpt lat="-35.630005000" lon="138.352550000">
<ele>174</ele>
</trkpt>
<trkpt lat="-35.629983000" lon="138.352570000">
<ele>174</ele>
</trkpt>
<trkpt lat="-35.629971000" lon="138.352583000">
<ele>174</ele>
</trkpt>
<trkpt lat="-35.629957000" lon="138.352598000">
<ele>174</ele>
</trkpt>
<trkpt lat="-35.629946000" lon="138.352612000">
<ele>174</ele>
</trkpt>
<trkpt lat="-35.629935000" lon="138.352630000">
<ele>175</ele>
</trkpt>
<trkpt lat="-35.629924000" lon="138.352647000">
<ele>175</ele>
</trkpt>
<trkpt lat="-35.629911000" lon="138.352663000">
<ele>175</ele>
</trkpt>
<trkpt lat="-35.629897000" lon="138.352680000">
<ele>175</ele>
</trkpt>
<trkpt lat="-35.629891000" lon="138.352700000">
<ele>175</ele>
</trkpt>
<trkpt lat="-35.629885000" lon="138.352715000">
<ele>175</ele>
</trkpt>
<trkpt lat="-35.629876000" lon="138.352734000">
<ele>175</ele>
</trkpt>
<trkpt lat="-35.629867000" lon="138.352739000">
<ele>175</ele>
</trkpt>
<trkpt lat="-35.629861000" lon="138.352752000">
<ele>176</ele>
</trkpt>
<trkpt lat="-35.629850000" lon="138.352767000">
<ele>176</ele>
</trkpt>
<trkpt lat="-35.629843000" lon="138.352783000">
<ele>176</ele>
</trkpt>
<trkpt lat="-35.629832000" lon="138.352793000">
<ele>176</ele>
</trkpt>
<trkpt lat="-35.629828000" lon="138.352802000">
<ele>176</ele>
</trkpt>
<trkpt lat="-35.629820000" lon="138.352816000">
<ele>176</ele>
</trkpt>
<trkpt lat="-35.629812000" lon="138.352825000">
<ele>176</ele>
</trkpt>
<trkpt lat="-35.629807000" lon="138.352835000">
<ele>176</ele>
</trkpt>
<trkpt lat="-35.629800000" lon="138.352846000">
<ele>177</ele>
</trkpt>
<trkpt lat="-35.629791000" lon="138.352858000">
<ele>177</ele>
</trkpt>
<trkpt lat="-35.629782000" lon="138.352873000">
<ele>177</ele>
</trkpt>
<trkpt lat="-35.629773000" lon="138.352886000">
<ele>177</ele>
</trkpt>
<trkpt lat="-35.629765000" lon="138.352903000">
<ele>177</ele>
</trkpt>
<trkpt lat="-35.629758000" lon="138.352917000">
<ele>178</ele>
</trkpt>
<trkpt lat="-35.629747000" lon="138.352932000">
<ele>178</ele>
</trkpt>
<trkpt lat="-35.629740000" lon="138.352956000">
<ele>178</ele>
</trkpt>
<trkpt lat="-35.629731000" lon="138.352973000">
<ele>178</ele>
</trkpt>
<trkpt lat="-35.629722000" lon="138.352993000">
<ele>179</ele>
</trkpt>
<trkpt lat="-35.629712000" lon="138.353013000">
<ele>179</ele>
</trkpt>
<trkpt lat="-35.629700000" lon="138.353028000">
<ele>179</ele>
</trkpt>
<trkpt lat="-35.629692000" lon="138.353043000">
<ele>180</ele>
</trkpt>
<trkpt lat="-35.629682000" lon="138.353057000">
<ele>180</ele>
</trkpt>
<trkpt lat="-35.629674000" lon="138.353070000">
<ele>180</ele>
</trkpt>
<trkpt lat="-35.629675000" lon="138.353102000">
<ele>180</ele>
</trkpt>
<trkpt lat="-35.629673000" lon="138.353112000">
<ele>180</ele>
</trkpt>
<trkpt lat="-35.629665000" lon="138.353132000">
<ele>180</ele>
</trkpt>
<trkpt lat="-35.629655000" lon="138.353151000">
<ele>180</ele>
</trkpt>
<trkpt lat="-35.629644000" lon="138.353173000">
<ele>180</ele>
</trkpt>
<trkpt lat="-35.629632000" lon="138.353195000">
<ele>180</ele>
</trkpt>
<trkpt lat="-35.629618000" lon="138.353217000">
<ele>180</ele>
</trkpt>
<trkpt lat="-35.629604000" lon="138.353238000">
<ele>181</ele>
</trkpt>
<trkpt lat="-35.629590000" lon="138.353262000">
<ele>181</ele>
</trkpt>
<trkpt lat="-35.629576000" lon="138.353284000">
<ele>181</ele>
</trkpt>
<trkpt lat="-35.629564000" lon="138.353305000">
<ele>181</ele>
</trkpt>
<trkpt lat="-35.629550000" lon="138.353327000">
<ele>181</ele>
</trkpt>
<trkpt lat="-35.629537000" lon="138.353349000">
<ele>181</ele>
</trkpt>
<trkpt lat="-35.629523000" lon="138.353371000">
<ele>181</ele>
</trkpt>
<trkpt lat="-35.629511000" lon="138.353392000">
<ele>181</ele>
</trkpt>
<trkpt lat="-35.629498000" lon="138.353411000">
<ele>181</ele>
</trkpt>
<trkpt lat="-35.629485000" lon="138.353433000">
<ele>181</ele>
</trkpt>
<trkpt lat="-35.629470000" lon="138.353454000">
<ele>181</ele>
</trkpt>
<trkpt lat="-35.629455000" lon="138.353475000">
<ele>181</ele>
</trkpt>
<trkpt lat="-35.629444000" lon="138.353499000">
<ele>181</ele>
</trkpt>
<trkpt lat="-35.629431000" lon="138.353520000">
<ele>181</ele>
</trkpt>
<trkpt lat="-35.629416000" lon="138.353540000">
<ele>181</ele>
</trkpt>
<trkpt lat="-35.629404000" lon="138.353562000">
<ele>181</ele>
</trkpt>
<trkpt lat="-35.629391000" lon="138.353583000">
<ele>181</ele>
</trkpt>
<trkpt lat="-35.629379000" lon="138.353605000">
<ele>181</ele>
</trkpt>
<trkpt lat="-35.629366000" lon="138.353625000">
<ele>181</ele>
</trkpt>
<trkpt lat="-35.629352000" lon="138.353647000">
<ele>181</ele>
</trkpt>
<trkpt lat="-35.629339000" lon="138.353669000">
<ele>181</ele>
</trkpt>
<trkpt lat="-35.629328000" lon="138.353689000">
<ele>181</ele>
</trkpt>
<trkpt lat="-35.629316000" lon="138.353709000">
<ele>181</ele>
</trkpt>
<trkpt lat="-35.629305000" lon="138.353729000">
<ele>182</ele>
</trkpt>
<trkpt lat="-35.629293000" lon="138.353749000">
<ele>182</ele>
</trkpt>
<trkpt lat="-35.629281000" lon="138.353766000">
<ele>182</ele>
</trkpt>
<trkpt lat="-35.629272000" lon="138.353784000">
<ele>182</ele>
</trkpt>
<trkpt lat="-35.629259000" lon="138.353801000">
<ele>182</ele>
</trkpt>
<trkpt lat="-35.629249000" lon="138.353819000">
<ele>182</ele>
</trkpt>
<trkpt lat="-35.629239000" lon="138.353835000">
<ele>183</ele>
</trkpt>
<trkpt lat="-35.629226000" lon="138.353852000">
<ele>183</ele>
</trkpt>
<trkpt lat="-35.629216000" lon="138.353870000">
<ele>183</ele>
</trkpt>
<trkpt lat="-35.629206000" lon="138.353888000">
<ele>183</ele>
</trkpt>
<trkpt lat="-35.629197000" lon="138.353908000">
<ele>184</ele>
</trkpt>
<trkpt lat="-35.629187000" lon="138.353929000">
<ele>184</ele>
</trkpt>
<trkpt lat="-35.629178000" lon="138.353948000">
<ele>184</ele>
</trkpt>
<trkpt lat="-35.629171000" lon="138.353966000">
<ele>184</ele>
</trkpt>
<trkpt lat="-35.629166000" lon="138.353986000">
<ele>185</ele>
</trkpt>
<trkpt lat="-35.629164000" lon="138.354007000">
<ele>185</ele>
</trkpt>
<trkpt lat="-35.629161000" lon="138.354026000">
<ele>185</ele>
</trkpt>
<trkpt lat="-35.629153000" lon="138.354044000">
<ele>185</ele>
</trkpt>
<trkpt lat="-35.629146000" lon="138.354061000">
<ele>185</ele>
</trkpt>
<trkpt lat="-35.629142000" lon="138.354083000">
<ele>186</ele>
</trkpt>
<trkpt lat="-35.629135000" lon="138.354102000">
<ele>186</ele>
</trkpt>
<trkpt lat="-35.629130000" lon="138.354122000">
<ele>186</ele>
</trkpt>
<trkpt lat="-35.629123000" lon="138.354140000">
<ele>186</ele>
</trkpt>
<trkpt lat="-35.629118000" lon="138.354159000">
<ele>186</ele>
</trkpt>
<trkpt lat="-35.629114000" lon="138.354176000">
<ele>187</ele>
</trkpt>
<trkpt lat="-35.629109000" lon="138.354193000">
<ele>187</ele>
</trkpt>
<trkpt lat="-35.629104000" lon="138.354211000">
<ele>187</ele>
</trkpt>
<trkpt lat="-35.629098000" lon="138.354230000">
<ele>187</ele>
</trkpt>
<trkpt lat="-35.629094000" lon="138.354246000">
<ele>187</ele>
</trkpt>
<trkpt lat="-35.629089000" lon="138.354268000">
<ele>187</ele>
</trkpt>
<trkpt lat="-35.629082000" lon="138.354285000">
<ele>187</ele>
</trkpt>
<trkpt lat="-35.629077000" lon="138.354301000">
<ele>187</ele>
</trkpt>
<trkpt lat="-35.629074000" lon="138.354310000">
<ele>187</ele>
</trkpt>
<trkpt lat="-35.629070000" lon="138.354321000">
<ele>187</ele>
</trkpt>
<trkpt lat="-35.629065000" lon="138.354338000">
<ele>187</ele>
</trkpt>
<trkpt lat="-35.629061000" lon="138.354358000">
<ele>187</ele>
</trkpt>
<trkpt lat="-35.629057000" lon="138.354379000">
<ele>187</ele>
</trkpt>
<trkpt lat="-35.629053000" lon="138.354399000">
<ele>187</ele>
</trkpt>
<trkpt lat="-35.629047000" lon="138.354419000">
<ele>187</ele>
</trkpt>
<trkpt lat="-35.629043000" lon="138.354439000">
<ele>187</ele>
</trkpt>
<trkpt lat="-35.629037000" lon="138.354459000">
<ele>187</ele>
</trkpt>
<trkpt lat="-35.629031000" lon="138.354479000">
<ele>188</ele>
</trkpt>
<trkpt lat="-35.629025000" lon="138.354501000">
<ele>188</ele>
</trkpt>
<trkpt lat="-35.629019000" lon="138.354523000">
<ele>188</ele>
</trkpt>
<trkpt lat="-35.629014000" lon="138.354545000">
<ele>188</ele>
</trkpt>
<trkpt lat="-35.629007000" lon="138.354568000">
<ele>188</ele>
</trkpt>
<trkpt lat="-35.628972000" lon="138.354737000">
<ele>189</ele>
</trkpt>
<trkpt lat="-35.628930000" lon="138.354904000">
<ele>188</ele>
</trkpt>
<trkpt lat="-35.628932000" lon="138.354959000">
<ele>188</ele>
</trkpt>
<trkpt lat="-35.628935000" lon="138.355124000">
<ele>186</ele>
</trkpt>
<trkpt lat="-35.628893000" lon="138.355236000">
<ele>186</ele>
</trkpt>
<trkpt lat="-35.628849000" lon="138.355293000">
<ele>187</ele>
</trkpt>
<trkpt lat="-35.628807000" lon="138.355460000">
<ele>187</ele>
</trkpt>
<trkpt lat="-35.628765000" lon="138.355571000">
<ele>188</ele>
</trkpt>
<trkpt lat="-35.628722000" lon="138.355683000">
<ele>189</ele>
</trkpt>
<trkpt lat="-35.628680000" lon="138.355795000">
<ele>190</ele>
</trkpt>
<trkpt lat="-35.628637000" lon="138.355907000">
<ele>191</ele>
</trkpt>
<trkpt lat="-35.628469000" lon="138.356464000">
<ele>193</ele>
</trkpt>
<trkpt lat="-35.627880000" lon="138.357375000">
<ele>192</ele>
</trkpt>
<trkpt lat="-35.627872000" lon="138.357402000">
<ele>192</ele>
</trkpt>
<trkpt lat="-35.627863000" lon="138.357430000">
<ele>192</ele>
</trkpt>
<trkpt lat="-35.627852000" lon="138.357456000">
<ele>192</ele>
</trkpt>
<trkpt lat="-35.627840000" lon="138.357481000">
<ele>192</ele>
</trkpt>
<trkpt lat="-35.627825000" lon="138.357506000">
<ele>192</ele>
</trkpt>
<trkpt lat="-35.627808000" lon="138.357527000">
<ele>192</ele>
</trkpt>
<trkpt lat="-35.627797000" lon="138.357551000">
<ele>192</ele>
</trkpt>
<trkpt lat="-35.627783000" lon="138.357577000">
<ele>192</ele>
</trkpt>
<trkpt lat="-35.627771000" lon="138.357604000">
<ele>192</ele>
</trkpt>
<trkpt lat="-35.627756000" lon="138.357632000">
<ele>192</ele>
</trkpt>
<trkpt lat="-35.627745000" lon="138.357660000">
<ele>193</ele>
</trkpt>
<trkpt lat="-35.627735000" lon="138.357687000">
<ele>193</ele>
</trkpt>
<trkpt lat="-35.627723000" lon="138.357712000">
<ele>193</ele>
</trkpt>
<trkpt lat="-35.627709000" lon="138.357737000">
<ele>193</ele>
</trkpt>
<trkpt lat="-35.627691000" lon="138.357763000">
<ele>193</ele>
</trkpt>
<trkpt lat="-35.627675000" lon="138.357789000">
<ele>193</ele>
</trkpt>
<trkpt lat="-35.627663000" lon="138.357817000">
<ele>193</ele>
</trkpt>
<trkpt lat="-35.627648000" lon="138.357844000">
<ele>193</ele>
</trkpt>
<trkpt lat="-35.627638000" lon="138.357866000">
<ele>193</ele>
</trkpt>
<trkpt lat="-35.627626000" lon="138.357889000">
<ele>194</ele>
</trkpt>
<trkpt lat="-35.627613000" lon="138.357916000">
<ele>194</ele>
</trkpt>
<trkpt lat="-35.627598000" lon="138.357942000">
<ele>194</ele>
</trkpt>
<trkpt lat="-35.627585000" lon="138.357968000">
<ele>194</ele>
</trkpt>
<trkpt lat="-35.627568000" lon="138.357983000">
<ele>194</ele>
</trkpt>
<trkpt lat="-35.627550000" lon="138.358000000">
<ele>194</ele>
</trkpt>
<trkpt lat="-35.627532000" lon="138.358019000">
<ele>195</ele>
</trkpt>
<trkpt lat="-35.627517000" lon="138.358043000">
<ele>195</ele>
</trkpt>
<trkpt lat="-35.627502000" lon="138.358066000">
<ele>195</ele>
</trkpt>
<trkpt lat="-35.627490000" lon="138.358087000">
<ele>195</ele>
</trkpt>
<trkpt lat="-35.627477000" lon="138.358109000">
<ele>195</ele>
</trkpt>
<trkpt lat="-35.627464000" lon="138.358130000">
<ele>195</ele>
</trkpt>
<trkpt lat="-35.627452000" lon="138.358150000">
<ele>195</ele>
</trkpt>
<trkpt lat="-35.627439000" lon="138.358169000">
<ele>194</ele>
</trkpt>
<trkpt lat="-35.627426000" lon="138.358188000">
<ele>194</ele>
</trkpt>
<trkpt lat="-35.627414000" lon="138.358207000">
<ele>194</ele>
</trkpt>
<trkpt lat="-35.627399000" lon="138.358226000">
<ele>194</ele>
</trkpt>
<trkpt lat="-35.627384000" lon="138.358245000">
<ele>194</ele>
</trkpt>
<trkpt lat="-35.627370000" lon="138.358264000">
<ele>194</ele>
</trkpt>
<trkpt lat="-35.627357000" lon="138.358283000">
<ele>194</ele>
</trkpt>
<trkpt lat="-35.627342000" lon="138.358302000">
<ele>193</ele>
</trkpt>
<trkpt lat="-35.627332000" lon="138.358323000">
<ele>193</ele>
</trkpt>
<trkpt lat="-35.627321000" lon="138.358343000">
<ele>193</ele>
</trkpt>
<trkpt lat="-35.627309000" lon="138.358362000">
<ele>193</ele>
</trkpt>
<trkpt lat="-35.627296000" lon="138.358382000">
<ele>193</ele>
</trkpt>
<trkpt lat="-35.627283000" lon="138.358402000">
<ele>192</ele>
</trkpt>
<trkpt lat="-35.627274000" lon="138.358421000">
<ele>192</ele>
</trkpt>
<trkpt lat="-35.627262000" lon="138.358439000">
<ele>192</ele>
</trkpt>
<trkpt lat="-35.627252000" lon="138.358461000">
<ele>192</ele>
</trkpt>
<trkpt lat="-35.627242000" lon="138.358481000">
<ele>192</ele>
</trkpt>
<trkpt lat="-35.627231000" lon="138.358502000">
<ele>191</ele>
</trkpt>
<trkpt lat="-35.627220000" lon="138.358522000">
<ele>191</ele>
</trkpt>
<trkpt lat="-35.627205000" lon="138.358541000">
<ele>191</ele>
</trkpt>
<trkpt lat="-35.627193000" lon="138.358560000">
<ele>191</ele>
</trkpt>
<trkpt lat="-35.627180000" lon="138.358578000">
<ele>191</ele>
</trkpt>
<trkpt lat="-35.627171000" lon="138.358597000">
<ele>191</ele>
</trkpt>
<trkpt lat="-35.627160000" lon="138.358618000">
<ele>191</ele>
</trkpt>
<trkpt lat="-35.627149000" lon="138.358638000">
<ele>191</ele>
</trkpt>
<trkpt lat="-35.627140000" lon="138.358657000">
<ele>190</ele>
</trkpt>
<trkpt lat="-35.627131000" lon="138.358671000">
<ele>190</ele>
</trkpt>
<trkpt lat="-35.627122000" lon="138.358686000">
<ele>190</ele>
</trkpt>
<trkpt lat="-35.627107000" lon="138.358700000">
<ele>190</ele>
</trkpt>
<trkpt lat="-35.627090000" lon="138.358716000">
<ele>190</ele>
</trkpt>
<trkpt lat="-35.627073000" lon="138.358733000">
<ele>190</ele>
</trkpt>
<trkpt lat="-35.627057000" lon="138.358749000">
<ele>190</ele>
</trkpt>
<trkpt lat="-35.627041000" lon="138.358764000">
<ele>190</ele>
</trkpt>
<trkpt lat="-35.627026000" lon="138.358775000">
<ele>190</ele>
</trkpt>
<trkpt lat="-35.627018000" lon="138.358785000">
<ele>189</ele>
</trkpt>
<trkpt lat="-35.627000000" lon="138.358803000">
<ele>189</ele>
</trkpt>
<trkpt lat="-35.626983000" lon="138.358822000">
<ele>189</ele>
</trkpt>
<trkpt lat="-35.626964000" lon="138.358841000">
<ele>189</ele>
</trkpt>
<trkpt lat="-35.626945000" lon="138.358862000">
<ele>189</ele>
</trkpt>
<trkpt lat="-35.626926000" lon="138.358884000">
<ele>189</ele>
</trkpt>
<trkpt lat="-35.626904000" lon="138.358906000">
<ele>189</ele>
</trkpt>
<trkpt lat="-35.626883000" lon="138.358927000">
<ele>189</ele>
</trkpt>
<trkpt lat="-35.626862000" lon="138.358947000">
<ele>190</ele>
</trkpt>
<trkpt lat="-35.626839000" lon="138.358965000">
<ele>190</ele>
</trkpt>
<trkpt lat="-35.626818000" lon="138.358986000">
<ele>190</ele>
</trkpt>
<trkpt lat="-35.626797000" lon="138.359006000">
<ele>190</ele>
</trkpt>
<trkpt lat="-35.626776000" lon="138.359025000">
<ele>190</ele>
</trkpt>
<trkpt lat="-35.626756000" lon="138.359045000">
<ele>190</ele>
</trkpt>
<trkpt lat="-35.626735000" lon="138.359065000">
<ele>190</ele>
</trkpt>
<trkpt lat="-35.626716000" lon="138.359083000">
<ele>190</ele>
</trkpt>
<trkpt lat="-35.626699000" lon="138.359103000">
<ele>190</ele>
</trkpt>
<trkpt lat="-35.626682000" lon="138.359119000">
<ele>190</ele>
</trkpt>
<trkpt lat="-35.626662000" lon="138.359130000">
<ele>190</ele>
</trkpt>
<trkpt lat="-35.626654000" lon="138.359152000">
<ele>190</ele>
</trkpt>
<trkpt lat="-35.626651000" lon="138.359179000">
<ele>190</ele>
</trkpt>
<trkpt lat="-35.626624000" lon="138.359209000">
<ele>190</ele>
</trkpt>
<trkpt lat="-35.626618000" lon="138.359232000">
<ele>190</ele>
</trkpt>
<trkpt lat="-35.626613000" lon="138.359252000">
<ele>190</ele>
</trkpt>
<trkpt lat="-35.626612000" lon="138.359285000">
<ele>190</ele>
</trkpt>
<trkpt lat="-35.626592000" lon="138.359315000">
<ele>189</ele>
</trkpt>
<trkpt lat="-35.626578000" lon="138.359357000">
<ele>189</ele>
</trkpt>
<trkpt lat="-35.626582000" lon="138.359372000">
<ele>189</ele>
</trkpt>
<trkpt lat="-35.626568000" lon="138.359400000">
<ele>189</ele>
</trkpt>
<trkpt lat="-35.626559000" lon="138.359420000">
<ele>189</ele>
</trkpt>
<trkpt lat="-35.626550000" lon="138.359441000">
<ele>189</ele>
</trkpt>
<trkpt lat="-35.626542000" lon="138.359461000">
<ele>189</ele>
</trkpt>
<trkpt lat="-35.626531000" lon="138.359480000">
<ele>188</ele>
</trkpt>
<trkpt lat="-35.626520000" lon="138.359500000">
<ele>188</ele>
</trkpt>
<trkpt lat="-35.626513000" lon="138.359513000">
<ele>188</ele>
</trkpt>
<trkpt lat="-35.626508000" lon="138.359527000">
<ele>188</ele>
</trkpt>
<trkpt lat="-35.626503000" lon="138.359542000">
<ele>188</ele>
</trkpt>
<trkpt lat="-35.626496000" lon="138.359556000">
<ele>188</ele>
</trkpt>
<trkpt lat="-35.626488000" lon="138.359574000">
<ele>187</ele>
</trkpt>
<trkpt lat="-35.626480000" lon="138.359592000">
<ele>187</ele>
</trkpt>
<trkpt lat="-35.626472000" lon="138.359608000">
<ele>187</ele>
</trkpt>
<trkpt lat="-35.626465000" lon="138.359624000">
<ele>187</ele>
</trkpt>
<trkpt lat="-35.626455000" lon="138.359642000">
<ele>187</ele>
</trkpt>
<trkpt lat="-35.626446000" lon="138.359659000">
<ele>186</ele>
</trkpt>
<trkpt lat="-35.626438000" lon="138.359671000">
<ele>186</ele>
</trkpt>
<trkpt lat="-35.626432000" lon="138.359680000">
<ele>186</ele>
</trkpt>
<trkpt lat="-35.626417000" lon="138.359700000">
<ele>186</ele>
</trkpt>
<trkpt lat="-35.626399000" lon="138.359718000">
<ele>186</ele>
</trkpt>
<trkpt lat="-35.626378000" lon="138.359735000">
<ele>186</ele>
</trkpt>
<trkpt lat="-35.626362000" lon="138.359756000">
<ele>186</ele>
</trkpt>
<trkpt lat="-35.626341000" lon="138.359775000">
<ele>186</ele>
</trkpt>
<trkpt lat="-35.626322000" lon="138.359792000">
<ele>186</ele>
</trkpt>
<trkpt lat="-35.626303000" lon="138.359810000">
<ele>186</ele>
</trkpt>
<trkpt lat="-35.626285000" lon="138.359825000">
<ele>186</ele>
</trkpt>
<trkpt lat="-35.626269000" lon="138.359844000">
<ele>186</ele>
</trkpt>
<trkpt lat="-35.626253000" lon="138.359862000">
<ele>185</ele>
</trkpt>
<trkpt lat="-35.626239000" lon="138.359880000">
<ele>185</ele>
</trkpt>
<trkpt lat="-35.626225000" lon="138.359895000">
<ele>185</ele>
</trkpt>
<trkpt lat="-35.626210000" lon="138.359911000">
<ele>185</ele>
</trkpt>
<trkpt lat="-35.626196000" lon="138.359929000">
<ele>185</ele>
</trkpt>
<trkpt lat="-35.626182000" lon="138.359945000">
<ele>185</ele>
</trkpt>
<trkpt lat="-35.626165000" lon="138.359962000">
<ele>184</ele>
</trkpt>
<trkpt lat="-35.626151000" lon="138.359982000">
<ele>184</ele>
</trkpt>
<trkpt lat="-35.626137000" lon="138.360004000">
<ele>184</ele>
</trkpt>
<trkpt lat="-35.626123000" lon="138.360022000">
<ele>184</ele>
</trkpt>
<trkpt lat="-35.626115000" lon="138.360031000">
<ele>184</ele>
</trkpt>
<trkpt lat="-35.626112000" lon="138.360049000">
<ele>184</ele>
</trkpt>
<trkpt lat="-35.626107000" lon="138.360067000">
<ele>184</ele>
</trkpt>
<trkpt lat="-35.626093000" lon="138.360083000">
<ele>184</ele>
</trkpt>
<trkpt lat="-35.626077000" lon="138.360097000">
<ele>185</ele>
</trkpt>
<trkpt lat="-35.626056000" lon="138.360101000">
<ele>185</ele>
</trkpt>
<trkpt lat="-35.626037000" lon="138.360104000">
<ele>185</ele>
</trkpt>
<trkpt lat="-35.626023000" lon="138.360116000">
<ele>185</ele>
</trkpt>
<trkpt lat="-35.626005000" lon="138.360125000">
<ele>185</ele>
</trkpt>
<trkpt lat="-35.625991000" lon="138.360129000">
<ele>185</ele>
</trkpt>
<trkpt lat="-35.625970000" lon="138.360133000">
<ele>185</ele>
</trkpt>
<trkpt lat="-35.625958000" lon="138.360145000">
<ele>185</ele>
</trkpt>
<trkpt lat="-35.625942000" lon="138.360165000">
<ele>185</ele>
</trkpt>
<trkpt lat="-35.625924000" lon="138.360180000">
<ele>185</ele>
</trkpt>
<trkpt lat="-35.625903000" lon="138.360186000">
<ele>185</ele>
</trkpt>
<trkpt lat="-35.625885000" lon="138.360193000">
<ele>185</ele>
</trkpt>
<trkpt lat="-35.625868000" lon="138.360206000">
<ele>185</ele>
</trkpt>
<trkpt lat="-35.625860000" lon="138.360225000">
<ele>185</ele>
</trkpt>
<trkpt lat="-35.625852000" lon="138.360239000">
<ele>185</ele>
</trkpt>
<trkpt lat="-35.625844000" lon="138.360255000">
<ele>185</ele>
</trkpt>
<trkpt lat="-35.625831000" lon="138.360276000">
<ele>185</ele>
</trkpt>
<trkpt lat="-35.625819000" lon="138.360286000">
<ele>185</ele>
</trkpt>
<trkpt lat="-35.625810000" lon="138.360306000">
<ele>186</ele>
</trkpt>
<trkpt lat="-35.625798000" lon="138.360324000">
<ele>186</ele>
</trkpt>
<trkpt lat="-35.625783000" lon="138.360343000">
<ele>187</ele>
</trkpt>
<trkpt lat="-35.625772000" lon="138.360362000">
<ele>187</ele>
</trkpt>
<trkpt lat="-35.625759000" lon="138.360382000">
<ele>188</ele>
</trkpt>
<trkpt lat="-35.625719000" lon="138.360529000">
<ele>190</ele>
</trkpt>
<trkpt lat="-35.625633000" lon="138.360697000">
<ele>194</ele>
</trkpt>
<trkpt lat="-35.625591000" lon="138.360864000">
<ele>197</ele>
</trkpt>
<trkpt lat="-35.625463000" lon="138.361200000">
<ele>203</ele>
</trkpt>
<trkpt lat="-35.625334000" lon="138.361480000">
<ele>207</ele>
</trkpt>
<trkpt lat="-35.625248000" lon="138.361648000">
<ele>210</ele>
</trkpt>
<trkpt lat="-35.625034000" lon="138.362152000">
<ele>214</ele>
</trkpt>
<trkpt lat="-35.624816000" lon="138.362490000">
<ele>215</ele>
</trkpt>
<trkpt lat="-35.624682000" lon="138.362550000">
<ele>215</ele>
</trkpt>
<trkpt lat="-35.624457000" lon="138.362557000">
<ele>215</ele>
</trkpt>
<trkpt lat="-35.624322000" lon="138.362562000">
<ele>216</ele>
</trkpt>
<trkpt lat="-35.624098000" lon="138.362624000">
<ele>217</ele>
</trkpt>
<trkpt lat="-35.623917000" lon="138.362630000">
<ele>217</ele>
</trkpt>
<trkpt lat="-35.623691000" lon="138.362582000">
<ele>216</ele>
</trkpt>
<trkpt lat="-35.623421000" lon="138.362591000">
<ele>217</ele>
</trkpt>
<trkpt lat="-35.623196000" lon="138.362599000">
<ele>219</ele>
</trkpt>
<trkpt lat="-35.623062000" lon="138.362658000">
<ele>220</ele>
</trkpt>
<trkpt lat="-35.622927000" lon="138.362663000">
<ele>222</ele>
</trkpt>
<trkpt lat="-35.622748000" lon="138.362724000">
<ele>225</ele>
</trkpt>
<trkpt lat="-35.622569000" lon="138.362785000">
<ele>229</ele>
</trkpt>
<trkpt lat="-35.622479000" lon="138.362788000">
<ele>231</ele>
</trkpt>
<trkpt lat="-35.622344000" lon="138.362792000">
<ele>234</ele>
</trkpt>
<trkpt lat="-35.622165000" lon="138.362853000">
<ele>236</ele>
</trkpt>
<trkpt lat="-35.622021000" lon="138.362844000">
<ele>237</ele>
</trkpt>
<trkpt lat="-35.621993000" lon="138.362851000">
<ele>237</ele>
</trkpt>
<trkpt lat="-35.621977000" lon="138.362868000">
<ele>237</ele>
</trkpt>
<trkpt lat="-35.621951000" lon="138.362872000">
<ele>237</ele>
</trkpt>
<trkpt lat="-35.621938000" lon="138.362872000">
<ele>237</ele>
</trkpt>
<trkpt lat="-35.621897000" lon="138.362968000">
<ele>237</ele>
</trkpt>
<trkpt lat="-35.621906000" lon="138.363021000">
<ele>236</ele>
</trkpt>
<trkpt lat="-35.621919000" lon="138.363116000">
<ele>235</ele>
</trkpt>
<trkpt lat="-35.621931000" lon="138.363224000">
<ele>233</ele>
</trkpt>
<trkpt lat="-35.621937000" lon="138.363340000">
<ele>231</ele>
</trkpt>
<trkpt lat="-35.621940000" lon="138.363462000">
<ele>229</ele>
</trkpt>
<trkpt lat="-35.621938000" lon="138.363588000">
<ele>227</ele>
</trkpt>
<trkpt lat="-35.621941000" lon="138.363723000">
<ele>226</ele>
</trkpt>
<trkpt lat="-35.621944000" lon="138.363863000">
<ele>224</ele>
</trkpt>
<trkpt lat="-35.621945000" lon="138.363998000">
<ele>223</ele>
</trkpt>
<trkpt lat="-35.621945000" lon="138.364129000">
<ele>222</ele>
</trkpt>
<trkpt lat="-35.621947000" lon="138.364259000">
<ele>222</ele>
</trkpt>
<trkpt lat="-35.621949000" lon="138.364387000">
<ele>221</ele>
</trkpt>
<trkpt lat="-35.621950000" lon="138.364504000">
<ele>221</ele>
</trkpt>
<trkpt lat="-35.621947000" lon="138.364616000">
<ele>221</ele>
</trkpt>
<trkpt lat="-35.621949000" lon="138.364718000">
<ele>221</ele>
</trkpt>
<trkpt lat="-35.621954000" lon="138.364818000">
<ele>220</ele>
</trkpt>
<trkpt lat="-35.621954000" lon="138.364916000">
<ele>219</ele>
</trkpt>
<trkpt lat="-35.621957000" lon="138.365000000">
<ele>219</ele>
</trkpt>
<trkpt lat="-35.621961000" lon="138.365073000">
<ele>218</ele>
</trkpt>
<trkpt lat="-35.621968000" lon="138.365158000">
<ele>218</ele>
</trkpt>
<trkpt lat="-35.621982000" lon="138.365249000">
<ele>217</ele>
</trkpt>
<trkpt lat="-35.622000000" lon="138.365337000">
<ele>216</ele>
</trkpt>
<trkpt lat="-35.622023000" lon="138.365428000">
<ele>215</ele>
</trkpt>
<trkpt lat="-35.622052000" lon="138.365527000">
<ele>213</ele>
</trkpt>
<trkpt lat="-35.622081000" lon="138.365633000">
<ele>212</ele>
</trkpt>
<trkpt lat="-35.622096000" lon="138.365690000">
<ele>212</ele>
</trkpt>
<trkpt lat="-35.622113000" lon="138.365751000">
<ele>211</ele>
</trkpt>
<trkpt lat="-35.622149000" lon="138.365891000">
<ele>210</ele>
</trkpt>
<trkpt lat="-35.622197000" lon="138.366048000">
<ele>210</ele>
</trkpt>
<trkpt lat="-35.622247000" lon="138.366209000">
<ele>210</ele>
</trkpt>
<trkpt lat="-35.622290000" lon="138.366361000">
<ele>209</ele>
</trkpt>
<trkpt lat="-35.622325000" lon="138.366490000">
<ele>209</ele>
</trkpt>
<trkpt lat="-35.622362000" lon="138.366607000">
<ele>210</ele>
</trkpt>
<trkpt lat="-35.622380000" lon="138.366664000">
<ele>210</ele>
</trkpt>
<trkpt lat="-35.622422000" lon="138.366801000">
<ele>209</ele>
</trkpt>
<trkpt lat="-35.622447000" lon="138.366881000">
<ele>208</ele>
</trkpt>
<trkpt lat="-35.622610000" lon="138.367187000">
<ele>206</ele>
</trkpt>
<trkpt lat="-35.622673000" lon="138.367262000">
<ele>205</ele>
</trkpt>
<trkpt lat="-35.622740000" lon="138.367360000">
<ele>204</ele>
</trkpt>
<trkpt lat="-35.622808000" lon="138.367454000">
<ele>204</ele>
</trkpt>
<trkpt lat="-35.622883000" lon="138.367558000">
<ele>202</ele>
</trkpt>
<trkpt lat="-35.622948000" lon="138.367651000">
<ele>202</ele>
</trkpt>
<trkpt lat="-35.623007000" lon="138.367733000">
<ele>201</ele>
</trkpt>
<trkpt lat="-35.623064000" lon="138.367812000">
<ele>201</ele>
</trkpt>
<trkpt lat="-35.623115000" lon="138.367877000">
<ele>201</ele>
</trkpt>
<trkpt lat="-35.623166000" lon="138.367913000">
<ele>200</ele>
</trkpt>
<trkpt lat="-35.623220000" lon="138.368019000">
<ele>200</ele>
</trkpt>
<trkpt lat="-35.623266000" lon="138.368089000">
<ele>200</ele>
</trkpt>
<trkpt lat="-35.623475000" lon="138.368369000">
<ele>198</ele>
</trkpt>
<trkpt lat="-35.623496000" lon="138.368408000">
<ele>198</ele>
</trkpt>
<trkpt lat="-35.623507000" lon="138.368426000">
<ele>198</ele>
</trkpt>
</trkseg>
</trk>
</gpx>